sentence,label,label_name,predicted_label,confidence,prob_positive,prob_negative,prob_neutral
Altia 's operating profit jumped to EUR 47 million from EUR 6.6 million .,2,positive,positive,0.9501931071281433,0.9501931071281433,0.026449764147400856,0.023357098922133446
"The agreement was signed with Biohit Healthcare Ltd , the UK-based subsidiary of Biohit Oyj , a Finnish public company which develops , manufactures and markets liquid handling products and diagnostic test systems .",2,positive,positive,0.8859901428222656,0.8859901428222656,0.008248846977949142,0.10576096922159195
"Kesko pursues a strategy of healthy , focused growth concentrating on sales and services to consumer-customers .",2,positive,positive,0.7624155879020691,0.7624155879020691,0.0065012224949896336,0.23108313977718353
"Vaisala , headquartered in Helsinki in Finland , develops and manufactures electronic measurement systems for meteorology , environmental sciences , traffic and industry .",1,neutral,neutral,0.941245973110199,0.042260028421878815,0.01649397239089012,0.941245973110199
"Also , a six-year historic analysis is provided for these markets .",1,neutral,neutral,0.9328463673591614,0.04687895625829697,0.020274696871638298,0.9328463673591614
"Elcoteq 's stock of orders has stabilised in the past weeks , Mr Krippl said .",2,positive,positive,0.9498013854026794,0.9498013854026794,0.03175653517246246,0.01844208687543869
"Also , a six-year historic analysis is provided for this market .",1,neutral,neutral,0.9395244717597961,0.0392875038087368,0.02118804305791855,0.9395244717597961
"In addition , nine fixed-term employment contracts will not be extended and two people will leave the company under pension arrangements .",1,neutral,negative,0.7724111676216125,0.013296977616846561,0.7724111676216125,0.21429184079170227
"Operating loss totalled EUR 0.9 mn , down from a profit of EUR 2.7 mn .",0,negative,negative,0.976601243019104,0.008289029821753502,0.976601243019104,0.015109790489077568
The Insolvency Act regulates the amount of debt that borrowers are permitted to write off .,1,neutral,neutral,0.7399303317070007,0.018215632066130638,0.24185407161712646,0.7399303317070007
The company will issue an inaugural Eurobond deal in the near future subject to market conditions .,1,neutral,neutral,0.7761180400848389,0.21556797623634338,0.008313985541462898,0.7761180400848389
Airbus will attempt to evacuate up to 873 people within 90 seconds .,1,neutral,neutral,0.7896996140480042,0.06390023231506348,0.1464000791311264,0.7896996140480042
UPM-Kymmene has generated seventeen consecutive quarters of positive Cash Flow from Operations .,2,positive,positive,0.9558423161506653,0.9558423161506653,0.021136177703738213,0.023021534085273743
"Founded in 1946 , Strand Associates , which provides civil , environmental , transportation , electrical and mechanical engineering services , has 350 employees at 10 offices in Wisconsin , Alabama , Illinois , Indiana , Kentucky and Ohio .",1,neutral,neutral,0.9428836107254028,0.038007304072380066,0.019109096378087997,0.9428836107254028
"Fortum expects its annual capital expenditure in the next four to five years to be within a range of EUR 0.8-1 .2 billion , as earlier announced .",1,neutral,positive,0.800633430480957,0.800633430480957,0.009007731452584267,0.19035881757736206
"In 2006 , 452 million tonnes CO2 of EUA ( EU Allowance ; emissions credit in EU ) was traded with an underlying market value approx .",1,neutral,neutral,0.9224893450737,0.06621932238340378,0.01129138097167015,0.9224893450737
"According to Tyrv+ñinen 's estimation , Japan is a very essential location in terms of Finnair 's Asian strategy .",1,neutral,positive,0.594132661819458,0.594132661819458,0.009214448742568493,0.39665278792381287
"Fiskars , a 360-year-old global business best known for its orange-handled scissors , expects to derive synergies of EUR5 million a year by consolidating certain parts of the housewares division where the two compete .",2,positive,positive,0.6864570379257202,0.6864570379257202,0.007544185500591993,0.305998831987381
Nordea was the cheapest also for a couple in their 30s with debt .,1,neutral,neutral,0.6522653698921204,0.3219641447067261,0.02577049657702446,0.6522653698921204
The companies aim to close the deal before the end of the year .,1,neutral,neutral,0.9140245318412781,0.05104506388306618,0.03493044152855873,0.9140245318412781
"Several large stocks tacked lower , however .",0,negative,negative,0.9451434016227722,0.02067079395055771,0.9451434016227722,0.03418584540486336
"With this , the company will exit the contract manufacturing service segment .",1,neutral,neutral,0.7177720069885254,0.03418738394975662,0.248040571808815,0.7177720069885254
"The tower it chose to add , due to go into operation in the summer , will increase total capacity to 80 broadsheet or 160 tabloid pages , with the ability to run 32 - and 48-page products side by side .",2,positive,positive,0.8948310613632202,0.8948310613632202,0.007958650588989258,0.09721030294895172
Boomerang Boats had net sales of EUR 4.1 mn and it made an operating profit of EUR 0.4 mn in 2006 .,1,neutral,neutral,0.914401113986969,0.07099859416484833,0.01460032444447279,0.914401113986969
"It operates under three distinct brands : United Supermarkets , Market Street and United Supermercado .",1,neutral,neutral,0.9526550769805908,0.026335502043366432,0.02100943587720394,0.9526550769805908
"The contractor of the shopping center , China State Construction Engineering Corporation , has previously built e.g. airports , hotels and factories for large international customers in different parts of the world .",1,neutral,neutral,0.8997789025306702,0.0902891606092453,0.00993190985172987,0.8997789025306702
The order was valued at USD12 .2 m.,1,neutral,neutral,0.9239164590835571,0.0629381313920021,0.013145370408892632,0.9239164590835571
"To our members and partners , the use of IT will mostly be apparent in the increased efficiency of the results service , '' observes Perttu Puro from Tradeka .",2,positive,positive,0.8914105296134949,0.8914105296134949,0.00805732049047947,0.1005321741104126
Sponda Plc Stock Exchange Release 5 December 2006 at 15.45 EUR 1.5 BILLION SYNDICATED CREDIT FACILITY FOR SPONDA Sponda has signed an agreement for a one-year syndicated credit facility for a total of EUR 1.5 billion .,2,positive,positive,0.9395754933357239,0.9395754933357239,0.01625625230371952,0.04416823014616966
"Lule+Ñ municipality has awarded YIT a 2-year contract , for property management of about one third of the municipality 's properties , with a total area of 140,000 sq. metres .",2,positive,positive,0.9286592602729797,0.9286592602729797,0.011438247747719288,0.059902437031269073
"`` We have significant experience in smartphone functionality , in the development of mobile Internet services , and in uniting the two into a smooth user experience .",2,positive,positive,0.7993560433387756,0.7993560433387756,0.007266470231115818,0.19337745010852814
"The company designs , manufactures and markets high-quality clothing , interior decoration textiles , bags and other accessories .",1,neutral,neutral,0.9352044463157654,0.05002269148826599,0.014772893860936165,0.9352044463157654
"Finnish holding company Panostaja Oyj said on June 12 , 2007 it has signed a letter of intent to acquire local Lahden Lampokasittely Oy and Heatmasters Oy , active in the heat treatment of metals , for a total 3.1 mln euro ( $ 4.1 mln ) .",1,neutral,positive,0.7963194251060486,0.7963194251060486,0.010033952072262764,0.1936465948820114
As a result some 20 persons will no longer be needed .,0,negative,neutral,0.6390162706375122,0.021274210885167122,0.33970949053764343,0.6390162706375122
"Cohen & Steers , Inc. : 5 534 530 shares representing 4.985 % of the share capital and voting rights .",1,neutral,neutral,0.9494100213050842,0.03586285933852196,0.014727134257555008,0.9494100213050842
"Amer Sports divests an industrial site in Rumilly , France -  This announcement is distributed by Thomson Reuters on behalf of Thomson Reuters clients .",1,neutral,neutral,0.952194094657898,0.023098642006516457,0.024707255885004997,0.952194094657898
"Outotec is currently delivering a new oil shale processing plant for Eesti Energia in Estonia based on Enefit technology , which has been developed jointly by Eesti Energia and Outotec .",1,neutral,neutral,0.7807051539421082,0.21217796206474304,0.007116954308003187,0.7807051539421082
The commission said the hydrogen peroxide and PBS market was worth about 470 million euros in 2000 .,1,neutral,neutral,0.9260163307189941,0.06161017343401909,0.012373487465083599,0.9260163307189941
In addition the production personnel of the Sport Division have been given a temporary lay-off warning .,0,negative,negative,0.969882071018219,0.0074640922248363495,0.969882071018219,0.02265377715229988
"Konecranes has previously communicated an estimated reduction of about 1,600 employees on group level in 2009 .",0,negative,negative,0.9709382057189941,0.007448368240147829,0.9709382057189941,0.021613385528326035
"Operating profit was EUR 9.8 mn , compared to a loss of EUR 12.7 mn in the corresponding period in 2009 .",2,positive,positive,0.8745720386505127,0.8745720386505127,0.10561703145503998,0.01981092058122158
"Our customers include companies in the energy and process industry sectors , in particular .",1,neutral,neutral,0.9166604280471802,0.07364433258771896,0.009695224463939667,0.9166604280471802
"The fair value of the property portfolio doubled as a result of the Kapiteeli acquisition and totalled EUR 2,686.2 1,259.7 million .",2,positive,positive,0.9245227575302124,0.9245227575302124,0.010496340692043304,0.06498094648122787
Kazgiprotsvetmet and Outotec Finland have signed an agreement on strategic cooperation in the marketing and providing of minerals processing and metallurgical plants and related services in Kazakhstan and the surrounding countries .,2,positive,positive,0.9365187287330627,0.9365187287330627,0.01491489540785551,0.04856633022427559
"It rose by 15.7 % and by 24.8 % in Finland and abroad , respectively , to EUR 7 million and EUR 4.2 million , due to a 40 % growth in Russia .",2,positive,positive,0.956836998462677,0.956836998462677,0.01827475056052208,0.0248882994055748
"The agreement will provide The Switch with double the converter capacity , whilst opening up further manufacturing locations in China .",2,positive,positive,0.930830717086792,0.930830717086792,0.009703470394015312,0.05946588143706322
The last job losses related to these reductions will take place during 2010 .,1,neutral,negative,0.9271391034126282,0.011376137845218182,0.9271391034126282,0.06148484721779823
"On Wednesday he announced that the government would propose granting a licence for two reactors , one to be built by Fennovoima , and the other by TVO .",2,positive,positive,0.7486266493797302,0.7486266493797302,0.00883936882019043,0.24253395199775696
"Finnish cargo handling solutions company Cargotec Oyj said on June 17 , 2008 that it will acquire New Zealand tailgates distributor Zepro Tailgate ( 1987 ) Limited for an undisclosed sum .",1,neutral,neutral,0.9206284284591675,0.06707127392292023,0.012300333008170128,0.9206284284591675
"Trading under the name Velta UK , a former Uponor brand , the company has been Uponor 's long-term partner in supplying Velta-branded systems particularly for the commercial and industrial building sector in the UK and internationally .",1,neutral,neutral,0.6125648021697998,0.38057854771614075,0.00685672415420413,0.6125648021697998
Finnish insurance company Fennia and Kesko Group are ending their loyal customer cooperation .,0,negative,negative,0.9069069623947144,0.011245054192841053,0.9069069623947144,0.08184798806905746
The credit covers approximately 70 % of the ship 's price .,1,neutral,neutral,0.925807535648346,0.06350231915712357,0.010690096765756607,0.925807535648346
Danish company FLSmidth has acknowledged that it has violated a patent held by Finnish Metso .,0,negative,negative,0.9276173710823059,0.01607433147728443,0.9276173710823059,0.05630834028124809
"`` As a part of the Eseries business promise , the Nokia E50 has been equipped with a variety of email solutions in a small and stylised package , '' said Dave Grannan , general manager , Enterprise Solutions , Nokia .",1,neutral,positive,0.6405647397041321,0.6405647397041321,0.008686881512403488,0.3507484197616577
"In the fourth quarter of 2009 , Atria 's net loss shrank to EUR 1.2 million from EUR 5.9 million and net sales contracted to EUR 340.4 million from EUR 361.1 million .",2,positive,negative,0.49839720129966736,0.48183175921440125,0.49839720129966736,0.019771013408899307
Both Mr Walden and Mr Ignatius will be responsible also for the newspapers ' business result .,1,neutral,neutral,0.9433720707893372,0.0392531119287014,0.01737479493021965,0.9433720707893372
The fair value of the company 's investment properties went down to EUR 2.768 billion at the end of 2009 from EUR 2.916 billion a year earlier .,0,negative,negative,0.9739954471588135,0.007946191355586052,0.9739954471588135,0.018058370798826218
The company reported net sales of 302 mln euro $ 441.6 mln and an operating margin of 16 pct in 2006 .,1,neutral,neutral,0.8660524487495422,0.12218429893255234,0.01176330354064703,0.8660524487495422
Mformation provides enhanced management of these applications by enabling configuration and control throughout their lifecycle .,1,neutral,positive,0.5335938930511475,0.5335938930511475,0.00850734394043684,0.4578987658023834
"The contract covers HDO platform , AC800 and CXE880 optical Fttb nodes designed to increase the forward and return path capacity of the transmission networks .",2,positive,positive,0.9030371904373169,0.9030371904373169,0.0066610234789550304,0.09030177444219589
"Finnish Kemira 's net sales EUR decreased to EUR 1,259.6 mn in January-June 2009 from EUR 1,425.1 mn in January-June 2008 .",0,negative,negative,0.9740028381347656,0.011611108668148518,0.9740028381347656,0.014386058785021305
Their names have not yet been released .,1,neutral,neutral,0.6433489918708801,0.018851283937692642,0.33779969811439514,0.6433489918708801
"Ahlstrom , headquartered in Helsinki , Finland , is a global company involved in the development , manufacture and marketing of high performance fibre-based materials .",1,neutral,neutral,0.9285793900489807,0.05879605934023857,0.012624530121684074,0.9285793900489807
Vaisala 's expertise in lightning data and information systems is based on extensive experience and investment in R&D .,1,neutral,neutral,0.7848606705665588,0.20819970965385437,0.006939627695828676,0.7848606705665588
Aldata noted that its Voice Supply Chain Technology approach enables VDW to integrate with warehouse management systems .,1,neutral,positive,0.8594256639480591,0.8594256639480591,0.006193703040480614,0.13438063859939575
Kalmar Espana generated net sales of some 11.3 mln euro $ 14.8 mln in 2005 .,1,neutral,neutral,0.9089974761009216,0.07923448085784912,0.011768018826842308,0.9089974761009216
"The commission found evidence of several meetings to discuss the cartel , including one in a Brussels restaurant in November 1997 at which the companies discussed price increases .",1,neutral,neutral,0.8444873690605164,0.10846599191427231,0.04704665765166283,0.8444873690605164
`` Serving customers locally is one of the cornerstones of customer focus for us .,1,neutral,neutral,0.7342100739479065,0.25824326276779175,0.007546623703092337,0.7342100739479065
Last year 's third quarter result had been burdened by costs stemming from restructuring in the US .,0,negative,negative,0.9728327989578247,0.009318326599895954,0.9728327989578247,0.017848871648311615
"Section : Regional News - The demand in Finnair 's Asian traffic , measured in passenger kilometers , was up 34.9 % in August compare to last year .",2,positive,positive,0.9575633406639099,0.9575633406639099,0.021404849365353584,0.021031824871897697
"In 2009 , it reported net sales of approximately EUR 6mn .",1,neutral,neutral,0.9184211492538452,0.06938716024160385,0.01219173800200224,0.9184211492538452
"The contract covers turnkey deliveries to all five airports operated by the authority -- John F Kennedy , LaGuardia , Newark , Teterboro and Stewart International .",1,neutral,positive,0.6952188014984131,0.6952188014984131,0.010895246639847755,0.2938859164714813
Scanfil expects net sales in 2008 to remain at the 2007 level .,1,neutral,positive,0.8522769212722778,0.8522769212722778,0.028717651963233948,0.1190054640173912
"Israeli cable network operator HOT Telecom has chosen Teleste , an international technology group , as its exclusive provider of FTTx equipment in Israel , according to Teleste today .",2,positive,positive,0.9021838307380676,0.9021838307380676,0.009133569896221161,0.0886826440691948
"CapMan Plc Press Release 31 March 2008 Jukka Ruuska , President of the OMX Nordic Exchanges and the Stockholm Stock Exchange , will transfer to CapMan effective no later than September 2008 .",1,neutral,neutral,0.9441140294075012,0.020517172291874886,0.03536883741617203,0.9441140294075012
"The transaction covers a building lot of 46,763 sq m and factory buildings of 19,631 sq m. Since the autumn of 2007 , when Scanfil discontinued its production operations in Oulu , the facilities have been partly leased to other parties .",1,neutral,neutral,0.9268503189086914,0.015913430601358414,0.05723626911640167,0.9268503189086914
"8,600 m , and at the time of investment it is fully leased to several tenants .",1,neutral,neutral,0.9472129940986633,0.04031113162636757,0.012475880794227123,0.9472129940986633
"After piloting , the instrument will be further developed according to the experiences gained .",1,neutral,neutral,0.8978488445281982,0.09244404733181,0.009707102552056313,0.8978488445281982
"Net sales for the financial year 2006 are expected to amount to about EUR20m and the operating result EBIT is expected to be a loss , as announced before .",0,negative,negative,0.9707968235015869,0.0070617469027638435,0.9707968235015869,0.02214144729077816
16 February 2011 - Finnish industrial machinery company Metso Oyj ( HEL : MEO1V ) said today it will deliver minerals processing equipment and basic engineering to Canadian miner Northland Resources ( OSL : NAUR ) ( TSE : NAU ) .,2,positive,positive,0.7119226455688477,0.7119226455688477,0.008911479264497757,0.27916592359542847
The company said shareholders will be able to vote on the agreement at an EGM scheduled for later this month .,1,neutral,neutral,0.7767010927200317,0.21097053587436676,0.012328303419053555,0.7767010927200317
Shareholders of Rakvere Lihakombinaat decided in favor of the buyout of minority shares in mid-July .,2,positive,positive,0.6779738068580627,0.6779738068580627,0.016128163784742355,0.305897980928421
Technopolis said before the protocol was signed that the techno-park would be built at a site covering more than six hectares in the Neudorf special economic zone and that it planned to invest 200 million euros in the project until 2009 inclusive .,1,neutral,neutral,0.8402968645095825,0.15147191286087036,0.008231223560869694,0.8402968645095825
Why put up costly cell phone towers in thinly populated areas when a few balloons would do ?,1,neutral,neutral,0.8482110500335693,0.033657994121313095,0.11813098192214966,0.8482110500335693
HELSINKI AFX - Outokumpu said its technology unit has won a 28 mln eur contract from Bosnia-Herzegovina 's Aluminij dd Mostar to upgrade an anode plant .,2,positive,positive,0.9530999064445496,0.9530999064445496,0.016848299652338028,0.030051730573177338
"Telecom has a foreign investment limit of 74 % , but it appears that mobile VAS does not , which means that Tecnomen can pick up as much as 96.6 % .",1,neutral,neutral,0.7094864845275879,0.2825523912906647,0.0079611511901021,0.7094864845275879
The fair value of CapMan Plc 's own investments on 30 September 2008 amounted to MEUR 59.8 .,1,neutral,neutral,0.9485753178596497,0.03073335625231266,0.020691372454166412,0.9485753178596497
"`` We have tailored our solutions to meet Solel 's technical requirements , and the result is both cost-effective manufacturing and highest-quality reflectors . ''",2,positive,positive,0.8703747391700745,0.8703747391700745,0.006998814642429352,0.12262645363807678
The net sales of Healthcare Trade business in 2009 were EUR 145.1 million EUR 155.2 million and operating profit EUR 8.9 million EUR 7.9 million .,1,neutral,neutral,0.9228655695915222,0.03880951181054115,0.03832497075200081,0.9228655695915222
The insurance division turned a EUR120m profit .,1,neutral,positive,0.9034100770950317,0.9034100770950317,0.01988491788506508,0.07670498639345169
One of the headboxes will be equipped with a modern consistency control system to ensure cross machine profile of the plasterboard .,1,neutral,neutral,0.7560490965843201,0.2365007996559143,0.007450086530297995,0.7560490965843201
"Even so , Tulikivi emissions are well below some of the strictest state standards including Washington and Colorado .",1,neutral,negative,0.5272502303123474,0.04880706965923309,0.5272502303123474,0.4239427149295807
"The currency effect had a 3.0 pct , or 20 mln euro ( $ 31.3 mln ) , negative impact on the revenue .",0,negative,negative,0.9719398617744446,0.008036096580326557,0.9719398617744446,0.020023977383971214
This solution is an extension to the existing online mediation solution delivered earlier by Comptel and IBM .,1,neutral,neutral,0.7413875460624695,0.25026652216911316,0.008345944806933403,0.7413875460624695
"Operating profit was EUR 11.07 mn , up from EUR 8.65 mn .",2,positive,positive,0.9557151198387146,0.9557151198387146,0.023125935345888138,0.021158874034881592
Travel expenses would be reimbursed in accordance with the travel policy of the company .,1,neutral,neutral,0.9405798316001892,0.04543623328208923,0.013983971439301968,0.9405798316001892
"The order consists of capacity expansion , maintenance services and new charging functionality , the company said .",1,neutral,neutral,0.7047876715660095,0.286740779876709,0.008471529930830002,0.7047876715660095
"Managing Director 's comments : `` Net sales for the first quarter were notably lower than a year before , especially in Finland , Russia and the Baltic countries .",0,negative,negative,0.973159909248352,0.01074468344449997,0.973159909248352,0.016095442697405815
"At 12.01 pm , the OMX Helsinki 25 was down 0.66 pct to 3,143.57 and the OMX Helsinki was 0.67 pct lower at 10,530.74 on 253 mln eur turnover .",0,negative,negative,0.9707769751548767,0.006789758801460266,0.9707769751548767,0.022433264181017876
The corrected chapter is in its entirety below .,1,neutral,neutral,0.8940591216087341,0.01680969074368477,0.08913120627403259,0.8940591216087341
The transaction was announced on September 29 when Pohjola Insurance agreed to pay EUR 80 million ( USD 106.3 m ) in cash for Pohjantahti .,1,neutral,positive,0.5627889633178711,0.5627889633178711,0.011035245843231678,0.4261758029460907
The value of the confirmed aircraft orders totals EUR 2bn .,1,neutral,neutral,0.8565409183502197,0.13352970778942108,0.009929416701197624,0.8565409183502197
"Bids or offers include at least 1,000 shares and the value of the shares must correspond to at least EUR4 ,000 .",1,neutral,neutral,0.9575026631355286,0.024418771266937256,0.018078528344631195,0.9575026631355286
Odell has not contacted the State of Finland in this issue .,1,neutral,neutral,0.909148633480072,0.023010794073343277,0.06784054636955261,0.909148633480072
"The equipment will expand container handling capacity at Namibia 's main port of Walvis Bay , on the west coast .",2,positive,positive,0.9385881423950195,0.9385881423950195,0.009176504798233509,0.05223531275987625
Finnish plastic pipe maker Uponor is selling its Irish and UK infrastructure businesses to private equity company 3i .,1,neutral,neutral,0.9420384168624878,0.040256567299366,0.017704999074339867,0.9420384168624878
EMSA Deputy Chairman of the Board Juri Lember told BNS on Wednesday that this was the first time he heard about the strike as the Swedish side had not informed the Estonian union yet .,0,negative,negative,0.9424386620521545,0.01135635282844305,0.9424386620521545,0.046205054968595505
`` Small well targeted acquisitions have played an important role in executing Satama 's strategy in the past couple of years .,1,neutral,positive,0.6575103998184204,0.6575103998184204,0.008464932441711426,0.3340246081352234
From Merisatama to the far corners of the world Asfaltti Osakeyhti+Â Lemmink+ñinen was established in 1910 by a group of master builders in Helsinki as a specialist business and subcontractor .,1,neutral,neutral,0.9208957552909851,0.06661389768123627,0.012490293942391872,0.9208957552909851
The agreement with JM is one in a series of contracts that TeliaSonera has signed in recent months with residential construction and real estate management companies in Sweden .,1,neutral,positive,0.8664873838424683,0.8664873838424683,0.01346196886152029,0.12005066126585007
"Belarus OAO Lidskoe Pivo brewery , based in the Grodno Region , reported a 1.1 % decrease in output to 1.045 million decaliters in January-March 2010 , a representative in the administration of the company told .",0,negative,negative,0.9745877385139465,0.009954639710485935,0.9745877385139465,0.01545757707208395
"As of July 2 , 2007 , the market cap segments will be updated according to the average price in May 2007 .",1,neutral,neutral,0.9472053647041321,0.021422626450657845,0.03137201443314552,0.9472053647041321
"Operating profit excluding non-recurring items amounted to EUR 40.6 mn , down from EUR 57.3 mn year-on-year .",0,negative,negative,0.976139485836029,0.009708336554467678,0.976139485836029,0.014152231626212597
"Sales came in at 241 mln eur , compared with 211.4 mln , and also beating consensus forecasts of 235 mln eur .",2,positive,positive,0.9529486894607544,0.9529486894607544,0.029535207897424698,0.01751611940562725
"The wireless industry is bracing itself for the iPhone , which will launch on June 29 .",1,neutral,neutral,0.7514089941978455,0.2106960266828537,0.03789501264691353,0.7514089941978455
Under the agreement Ponsse will provide forest machine maintenance services to Stora Enso 's Russian wood procurement operations .,1,neutral,neutral,0.5378380417823792,0.45404353737831116,0.008118405006825924,0.5378380417823792
"Sponda is a property investment company , specialising in commercial properties in the largest cities in Finland and Russia .",1,neutral,neutral,0.9320076704025269,0.05614090338349342,0.011851436458528042,0.9320076704025269
"On the basis of competitive bidding OOO Kitai Stroi , the Russian subsidiary of China State Construction Engineering Corporation , a construction company owned by China State , has been selected as the main constructor .",1,neutral,positive,0.5506172180175781,0.5506172180175781,0.008965488523244858,0.4404172897338867
`` We are proud to contribute to the creation of a world-class airport facility with KONE 's innovative People Flow TM solutions .,2,positive,positive,0.9099066853523254,0.9099066853523254,0.009632652625441551,0.08046075701713562
"pct lower at 4,442.10 .",1,neutral,negative,0.8575993180274963,0.037145402282476425,0.8575993180274963,0.10525523871183395
"In Finland , Sampo Bank , now part of the Danske Bank group , will lay off staff from the administrative and support functions .",0,negative,negative,0.9507335424423218,0.007604225538671017,0.9507335424423218,0.04166233167052269
"`` We are delighted to announce our support for Intel based handheld platforms , the capabilities of which have made our development easier and faster .",2,positive,positive,0.9305510520935059,0.9305510520935059,0.010978888720273972,0.058470092713832855
"The reorganisation will be carried out by transferring HKScan Corporation 's production-related property , plant and equipment in Finland as well as its holdings in subsidiaries and associates to HKScan Finland Oy , a holding company wholly owned by HKScan Corporation .",1,neutral,neutral,0.9531943798065186,0.03054758906364441,0.016258038580417633,0.9531943798065186
Elisa has commissioned Finland 's Poyry Telecom Oy to conduct a study of reception in some of Estonia 's largest cities besides Tallinn .,1,neutral,neutral,0.8252352476119995,0.16280969977378845,0.011955032125115395,0.8252352476119995
"Rautalinko was resposnible also for Mobility Services , and his job in this division will be continued by Marek Hintze .",1,neutral,neutral,0.944229781627655,0.03810796141624451,0.017662283033132553,0.944229781627655
Solidium now holds 5.0 per cent of the shares Solidium Oy has acquired 5.0 per cent of the shares in Tieto Corporation for approximately EUR 58 million .,1,neutral,neutral,0.9383249282836914,0.04887831583619118,0.01279673632234335,0.9383249282836914
"China Unicom , NYSE : CHU , HKSE : 0762 , and SHSE : 600050 , the second largest mobile carrier in the country .",1,neutral,neutral,0.8569270372390747,0.13350443542003632,0.009568504057824612,0.8569270372390747
Diluted earnings per share ( EPS ) rose to EUR 1.05 from EUR 0.64 .,2,positive,positive,0.9543623328208923,0.9543623328208923,0.023744812235236168,0.021892935037612915
The 2015 target for net sales has been set at EUR 1bn and the target for return on investment at over 20 % .,2,positive,neutral,0.8650155663490295,0.12021371722221375,0.01477070339024067,0.8650155663490295
15 November 2010 - Finnish energy company Fortum Oyj HEL : FUM1V said today it and partners started negotiations to establish a new operating model for energy supply in the Turku region of western Finland .,1,neutral,positive,0.8073797225952148,0.8073797225952148,0.007432994898408651,0.18518733978271484
"`` Beyond the improved voice capabilities , customers now have a streamlined way to comply with recalls and other traceability requirements , providing them with a competitive advantage .",2,positive,positive,0.8816826343536377,0.8816826343536377,0.006776935886591673,0.11154040694236755
"However , the net sales declined to EUR 803.6 million from EUR 1.2 billion .",0,negative,negative,0.9749944806098938,0.008954939432442188,0.9749944806098938,0.016050592064857483
"According to the company 's updated strategy for the years 2009-2012 , Basware targets a long-term net sales growth in the range of 20 % -40 % with an operating profit margin of 10 % -20 % of net sales .",2,positive,positive,0.8597081303596497,0.8597081303596497,0.008037924766540527,0.132253959774971
"Also in Latvia , we act as a partner for bakery customers in both production and product development .",1,neutral,neutral,0.8373329043388367,0.15524619817733765,0.0074209189042449,0.8373329043388367
"Established in 1987 , the SRV Group is a private Finnish construction concern with operations in Finland , the Baltic countries and Russia .",1,neutral,neutral,0.9445375204086304,0.04077897593379021,0.014683500863611698,0.9445375204086304
"The 10,000-odd square metre plot that Stockmann has bought for the Nevsky Center shopping center is located on Nevsky Prospect , St Petersburg 's high street , next to the Vosstaniya Square underground station , in the immediate vicinity of Moscow Station .",1,neutral,neutral,0.9419693350791931,0.043172914534807205,0.014857747592031956,0.9419693350791931
"However , the total orders received will still be above last year s levels .",2,positive,positive,0.9455087780952454,0.9455087780952454,0.03642901033163071,0.01806221902370453
The proposal by the Board of Directors on the issuance of option rights will otherwise correspond to the proposal by the Board of Directors in the Notice to the General Meeting .,1,neutral,neutral,0.9419627785682678,0.01641033962368965,0.04162686690688133,0.9419627785682678
The impact of this acquisition to Teleste 's net sales for 2010 is estimated to be approximately EUR 2 million .,1,neutral,neutral,0.8515819907188416,0.13755272328853607,0.010865328833460808,0.8515819907188416
Stora Enso owns 43 percent of Bergvik and earns therefore SEK 1.5 bn on the value appreciation .,2,positive,neutral,0.9218377470970154,0.06576444953680038,0.012397881597280502,0.9218377470970154
Rautaruukki Corporation Stock exchange release 3 December 2009 at 12 noon Ruukki 's construction and engineering divisions are to further improve and adjust their operations in Finland .,2,positive,positive,0.9299185872077942,0.9299185872077942,0.010992048308253288,0.05908939242362976
"Janis Arbidans , CEO of YIT Celtnieciba , said the company was focusing on housing and real estate development market .",1,neutral,neutral,0.9296127557754517,0.058547243475914,0.01183994859457016,0.9296127557754517
The company also said that it will sell approximately 150 hectares of land to the city of Valkeakoski by the end of the year a part of its `` From job to job '' program .,1,neutral,neutral,0.8265062570571899,0.1627098172903061,0.010783950798213482,0.8265062570571899
"KONE , headquartered in Espoo , Finland , is one of the world 's leading elevator and escalator companies .",1,neutral,neutral,0.7075125575065613,0.28547045588493347,0.00701696053147316,0.7075125575065613
Profit before taxes decreased to EUR 31.6 mn from EUR 50.0 mn the year before .,0,negative,negative,0.9755958318710327,0.009395110420882702,0.9755958318710327,0.015009121038019657
"Patrick Jeambar will also continue being responsible for Innovation and Health , safety and environment HSEA functions of Ahlstrom Corporation .",1,neutral,neutral,0.947319746017456,0.0385330431163311,0.014147290959954262,0.947319746017456
RISING costs have forced packaging producer Huhtamaki to axe 90 jobs at its Hampshire manufacturing plant .,0,negative,negative,0.9710943102836609,0.008348194882273674,0.9710943102836609,0.020557550713419914
The move was triggered by weak demand for forestry equipment and the uncertain market situation .,0,negative,negative,0.9628159403800964,0.009091101586818695,0.9628159403800964,0.028092993423342705
"Thanks to the development of a system that enables it to trace the origin of all the palm oil that it uses , it knows exactly where and how its palm oil has been produced .",1,neutral,neutral,0.8600749969482422,0.13114839792251587,0.0087765883654356,0.8600749969482422
"Incap Contract Manufacturing Services Pvt Ltd , a subsidiary of Incap Corporation of Finland , is acquiring the manufacturing unit of the TVS Electronic Ltd at Tumkur , near Bangalore , for Rs40 crore .",1,neutral,neutral,0.8985615968704224,0.09039342403411865,0.011044951155781746,0.8985615968704224
"`` I 'm pleased to receive the Nomination Committee 's request and confidence , '' says Jon Risfelt .",2,positive,positive,0.9289641976356506,0.9289641976356506,0.01790483482182026,0.053130991756916046
"At the request of Finnish media company Alma Media 's newspapers , research manager Jari Kaivo-oja at the Finland Futures Research Centre at the Turku School of Economics has drawn up a future scenario for Finland 's national economy by using a model developed by the University of Denver .",1,neutral,neutral,0.8370208740234375,0.1437080055475235,0.01927117630839348,0.8370208740234375
"mn , and pretax profit to EUR 46.4 mn from EUR 35.8 mn in the third quarter of 2006 .",2,positive,positive,0.9386219382286072,0.9386219382286072,0.03911811485886574,0.022259876132011414
"Vanhanen said the strike would be `` extremely damaging '' as some 1,300 participants and reporters begin to arrive in Finland for the one-day EU summit with Russian President Vladimir Putin in Lahti , about 100 kilometers ( 60 miles ) north of Helsinki .",0,negative,negative,0.9632348418235779,0.008665310218930244,0.9632348418235779,0.0280999094247818
"EPS for the quarter came in at 0.36 eur , up from 0.33 eur a year ago and ahead of forecast of 0.33 eur .",2,positive,positive,0.9525002837181091,0.9525002837181091,0.025698235258460045,0.021801501512527466
The ` buy ' recommendation was reiterated .,2,positive,positive,0.5687849521636963,0.5687849521636963,0.03470444306731224,0.39651066064834595
"The international electronic industry company Elcoteq has laid off tens of employees from its Tallinn facility ; contrary to earlier layoffs the company contracted the ranks of its office workers , the daily Postimees reported .",0,negative,negative,0.9720560908317566,0.007849156856536865,0.9720560908317566,0.020094769075512886
`` With this new version it is very important for us to introduce a BIM process that is based on the detailed building information model .,1,neutral,neutral,0.8141316175460815,0.17749372124671936,0.0083746537566185,0.8141316175460815
"Operating profit totalled EUR 9.6 mn , down from EUR 42.0 mn the year before .",0,negative,negative,0.9765220880508423,0.009657252579927444,0.9765220880508423,0.013820604421198368
Gunneflo will be responsible of Oriola-KD 's Pharmaceutical Trade business in Sweden .,1,neutral,neutral,0.9479165077209473,0.038274988532066345,0.01380850188434124,0.9479165077209473
A total of $ 78 million will be invested in the project .,1,neutral,neutral,0.8594934344291687,0.13224536180496216,0.00826114322990179,0.8594934344291687
"The Innova 2 building will be located close to downtown , in the immediate vicinity of Paviljonki and the travel center , and within walking distance from the heart of the city thanks to the trade fair bridge .",1,neutral,neutral,0.7993044853210449,0.19313035905361176,0.007565194275230169,0.7993044853210449
"Finnish GeoSentric , a developer and provider of solutions , products , and technologies for location based services , has preliminary agreed on a EUR 6mn short-term funding with its leading investor .",2,positive,positive,0.9234127402305603,0.9234127402305603,0.011408117599785328,0.06517921388149261
"The company will use the money for product development and research activities through 2013 in its key markets Finland , Germany , Italy and France .",1,neutral,neutral,0.7634922862052917,0.22936014831066132,0.007147607393562794,0.7634922862052917
"The new system , which will include 60 MC3090 PDAs from Motorola , to be used by 60 Poundstretcher operatives across 3 shifts , will integrate in real-time with the company s existing Warehouse Management System , Aldata G.O.L.D Stock , which went live in May 2008 .",1,neutral,neutral,0.783356249332428,0.2093857228755951,0.0072580380365252495,0.783356249332428
"Finnish Suominen Flexible Packaging is cutting 48 jobs in its unit in Tampere and two in Nastola , in Finland .",0,negative,negative,0.9705168604850769,0.006338841747492552,0.9705168604850769,0.023144379258155823
"Investments span across various product and investment types , including retail , hospitality , office , and residential , with interests in real-estate portfolios , non-performing loans and corporate restructurings .",1,neutral,neutral,0.9469253420829773,0.03491969406604767,0.01815498247742653,0.9469253420829773
"Vaisala Oyj Stock exchange release 26.03.2010 klo 09.00 1 ( 1 ) The Annual General Meeting of Vaisala Oyj decided on March 25 , 2010 to approve the Company 's annual accounts for 2009 .",1,neutral,neutral,0.9196992516517639,0.06177408993244171,0.018526621162891388,0.9196992516517639
"So far as is known , he did not sell shares that he owns personally .",1,neutral,neutral,0.9321730136871338,0.019433796405792236,0.048393163830041885,0.9321730136871338
"Incap Contract Manufacturing Services Pvt Ltd , a subsidiary of Incap Corporation of Finland , plans to double its revenues by 2007-2008 .",2,positive,positive,0.9508934617042542,0.9508934617042542,0.014694657176733017,0.034411877393722534
Diluted earnings per share ( EPS ) fell to EUR 0.63 from EUR 1.71 .,0,negative,negative,0.9750089049339294,0.008645063266158104,0.9750089049339294,0.016346024349331856
CORPORATE IT UPDATE - ( C ) 1995-2009 M2 COMMUNICATIONS LTD Finnish technology group Teleste Corporation ( OMX Helsinki : TLT1V ) reported on Wednesday ( 4 February ) an operating profit of EUR5 .6 m on net sales of EUR108 .7 m for the year 2008 .,1,neutral,neutral,0.9055081009864807,0.074754998087883,0.019736895337700844,0.9055081009864807
"The corresponding increase in the share capital due to these subscriptions with the warrants , in total EUR 1,860.74 , was registered with the Finnish Trade Register on January 4 , 2008 .",1,neutral,neutral,0.8454414010047913,0.14419303834438324,0.010365638881921768,0.8454414010047913
"The development of the technological park , which will specialize in telecommunications and information technologies , is part of the state program for the formation of technoparks for hi-tech sectors in Russia .",1,neutral,neutral,0.8279592394828796,0.16432824730873108,0.007712535094469786,0.8279592394828796
"The Annual General Meeting approved a dividend of EUR 0.10 per share , that is , a total of EUR 7,8 million .",1,neutral,neutral,0.8272170424461365,0.16042375564575195,0.01235923171043396,0.8272170424461365
The negotiations concern 246 salaried and senior salaried employees and are scheduled to be completed in six weeks .,1,neutral,neutral,0.895330548286438,0.029918259009718895,0.07475124299526215,0.895330548286438
"Elite Residence Tower , a new development by Tameer , is located at the heart of Dubai Marina .",1,neutral,neutral,0.8821510672569275,0.10886669903993607,0.0089822793379426,0.8821510672569275
"Operating result , excluding one-off items , totaled EUR 9.1 mn compared to EUR 10.6 mn in continuing operations , excluding one-off items in 2004 .",0,negative,negative,0.6780391335487366,0.3053470849990845,0.6780391335487366,0.016613757237792015
RusHydro has an agreement to transfer its stakes in OESK and the five ERCs into the trust management of Inter RAO .,1,neutral,neutral,0.7131643891334534,0.2774854600429535,0.009350207634270191,0.7131643891334534
Pharmaceutical market in Italy Global Research & Data Services published recently a market analysis about the pharmaceutical markets in Italy .,1,neutral,neutral,0.927456259727478,0.057738348841667175,0.014805450104176998,0.927456259727478
"Swedish , Finnish and Danish listed companies are organized in three market cap segments , Nordic Large Cap , Mid Cap and Small Cap .",1,neutral,neutral,0.9502730965614319,0.027027344331145287,0.022699566558003426,0.9502730965614319
Aspo 's Group structure and business operations are developed persistently without any predefined schedules .,1,neutral,neutral,0.8206672072410583,0.1699875444173813,0.00934526976197958,0.8206672072410583
"Revenue grew by 2 percent to  x20ac 580 million $ 743 million , from  x20ac 569 million .",2,positive,positive,0.953300952911377,0.953300952911377,0.020054781809449196,0.026644250378012657
"The Network Test Business is part of Elektrobit 's Test and Automation Business Segment and employs 39 people in Finland and 22 people abroad , mainly in the US and Asia .",1,neutral,neutral,0.946206271648407,0.036760363727808,0.017033368349075317,0.946206271648407
"Marimekko makes all sorts of colorful little impulse buys `` umbrellas , baby bibs , change purses `` and they 're all for sale , the better to take advantage of shoppers who ca n't commit to furniture but want a piece of the action .",1,neutral,neutral,0.9223063588142395,0.04429372027516365,0.03339991718530655,0.9223063588142395
Unit costs for flight operations fell by 6.4 percent .,2,positive,negative,0.9678425788879395,0.01885037124156952,0.9678425788879395,0.013307048939168453
"The total investment in the Vantaa plant extension will amount to around 10 million euro , and Okmetic 's share of the investments will be worth around 2.7 million .",1,neutral,neutral,0.8906309604644775,0.10113868117332458,0.008230357430875301,0.8906309604644775
"Nastola , axe 14 jobs 16 February 2010 - Finnish wood products technology firm Raute Oyj HEL : RUTAV said today that it will transfer to Nastola , southern Finland , the production of its Jyvaskyla plant , which will affect 14 people .",1,neutral,neutral,0.8693485856056213,0.0965561494231224,0.03409527242183685,0.8693485856056213
`` Marimekko aims to expand its distribution network primarily by increasing the number of concept stores and shop-in-shops .,1,neutral,positive,0.8907987475395203,0.8907987475395203,0.006445448379963636,0.10275585949420929
"Cargotec 's share capital after the increase totals EUR 64,299,180 .",1,neutral,neutral,0.8116844892501831,0.17958177626132965,0.008733777329325676,0.8116844892501831
The impact on TietoEnator 's net sales for 2008 from the purchase is expected to be some 11 mln euro $ 15.9 mln .,1,neutral,neutral,0.9073865413665771,0.04060506820678711,0.05200834944844246,0.9073865413665771
"In 2007 , almost two thirds of Orion 's net sales came from these drugs .",1,neutral,neutral,0.9167011976242065,0.07100208848714828,0.012296672910451889,0.9167011976242065
The front surfaces of these valve plates are directed towards each other .,1,neutral,neutral,0.943135678768158,0.030006542801856995,0.026857813820242882,0.943135678768158
"The contract also includes cutting and edging wagon parts at Ruukki 's steel service centres in Seinajoki and Raahe , from where they will be delivered to VR for welding and assembly .",1,neutral,neutral,0.8463940620422363,0.1390199363231659,0.014585982076823711,0.8463940620422363
"Nordea Bank AB publ holds 6.000 Alma Media shares , representing 0.008 % of share capital and voting rights .",1,neutral,neutral,0.9504784345626831,0.028731819242239,0.020789798349142075,0.9504784345626831
"The period-end cash and cash equivalents totaled EUR6 .5 m , compared to EUR10 .5 m in the previous year .",0,negative,positive,0.49195921421051025,0.49195921421051025,0.4876997768878937,0.020341042429208755
"With sales of $ 12.7 billion over the last twelve months ending October , 2010 and over 9,200 stores in 35 states , Dollar General is the nation 's largest small box discount retailer .",1,neutral,neutral,0.8452072739601135,0.1436532437801361,0.01113944873213768,0.8452072739601135
"The change in holdings in accordance with Chapter 2 , Section 9 of the Finnish Securities Markets Act is described below .",1,neutral,neutral,0.9462851881980896,0.022866537794470787,0.030848270282149315,0.9462851881980896
Finnish Rautaruukki is selling its precision tube and automotive component processing unit Carl Froh in Germany to German Arques Industries .,1,neutral,neutral,0.9400476217269897,0.041807450354099274,0.01814497634768486,0.9400476217269897
CS Cabot 's main consumers on the Czech and Slovak market are tires producers Barum Continental and Matador Continental .,1,neutral,neutral,0.931995153427124,0.05532173439860344,0.012683076784014702,0.931995153427124
"For 2009 , Incap expects revenue of some EUR 70 million .",1,neutral,neutral,0.7847936749458313,0.20681528747081757,0.008391053415834904,0.7847936749458313
"The world of glass is coming to Egypt and we invite Visitors from all around the world to attend Glass World Exhibition 2009 , Register Now at www.glassworldex.com",1,neutral,neutral,0.8871773481369019,0.1015082448720932,0.011314444243907928,0.8871773481369019
"The reason for this is St. Petersburg status as a capital , one of the participants in the meeting quoted Chikunov as saying .",1,neutral,neutral,0.8755928874015808,0.09321519732475281,0.031191878020763397,0.8755928874015808
"These include software development for internet and mobile telephone content , communications , value-added software , financial services , security applications , systems integration and electronics , '' EBRD informed .",1,neutral,neutral,0.9396201968193054,0.04803946986794472,0.012340247631072998,0.9396201968193054
"The sale will allow Campofrio to focus on its recently announced takeover of Groupe Smithfield Holdings , the European unit of Smithfield Foods Inc. ( SFD ) of the U.S.",1,neutral,neutral,0.7585078477859497,0.23376627266407013,0.007725892122834921,0.7585078477859497
"The device can also be used for theft protection and positioning of vehicles , boats and other assets .",1,neutral,neutral,0.9369857907295227,0.038416724652051926,0.024597501382231712,0.9369857907295227
"The company plans to close two of the three lines at the plant , where some 450 jobs are under threat .",0,negative,negative,0.9608479142189026,0.007092250511050224,0.9608479142189026,0.03205985948443413
"Unlisted British Biologicals makes B - and D - proteins , and other disease-specific supplements that cover diabetes , hepatitis , asthma and other cardiovascular ailments .",1,neutral,neutral,0.9345110058784485,0.049409493803977966,0.016079464927315712,0.9345110058784485
"Ahlstrom 's 5,700 employees serve customers via sales offices and production facilities in more than 20 countries on six continents .",1,neutral,neutral,0.9204288125038147,0.06820779293775558,0.011363350786268711,0.9204288125038147
The solvency capital ratio of both companies was 2.7 times the solvency limit .,1,neutral,neutral,0.8408263921737671,0.1458205133676529,0.013353079557418823,0.8408263921737671
"Rohwedder Group is an automotive supplies , telecommunications and electronics industry provider for customers in Europe , North America and Asia .",1,neutral,neutral,0.8902496695518494,0.10056840628385544,0.009181986562907696,0.8902496695518494
Total value of the contract is about EUR 10mn .,1,neutral,neutral,0.9486123919487,0.029401756823062897,0.021985871717333794,0.9486123919487
"For Telenor , the three and a half year contract is worth an estimated 12.6 m. YIT has chosen Telenor and Elisa as its principal suppliers of ICT solutions in Norway , Sweden , Denmark and Finland .",2,positive,positive,0.8554526567459106,0.8554526567459106,0.006448851432651281,0.13809841871261597
"In the fourth quarter of 2006 , OKO Banks expects the operating environment for Banking and Investment Services to remain similar to that in January-September 2006 .",1,neutral,positive,0.8709605932235718,0.8709605932235718,0.011879741214215755,0.11715973168611526
"The financial impact is estimated to be an annual improvement of EUR2 .0 m in the division 's results , as of fiscal year 2008 .",2,positive,positive,0.9486306309700012,0.9486306309700012,0.027784865349531174,0.023584464564919472
"The cost of the deal could range from 70 million to 90 million euros depending on the financial results of the two companies in 2008 , the statement says .",1,neutral,neutral,0.9343903660774231,0.04897569119930267,0.016634011641144753,0.9343903660774231
"For the last quarter of 2010 , Componenta 's net sales doubled to EUR131m from EUR76m for the same period a year earlier , while it moved to a zero pre-tax profit from a pre-tax loss of EUR7m .",2,positive,positive,0.9481975436210632,0.9481975436210632,0.026034723967313766,0.02576763741672039
"In accordance with our strategy , we strengthened our local presence by establishing a representative office in South Africa in October .",2,positive,positive,0.9359870553016663,0.9359870553016663,0.009358450770378113,0.05465458333492279
"F-Secure , a developer of security solutions as a service through Internet Service Providers and mobile operators , announced results from its annual Online Wellbeing Survey .",1,neutral,positive,0.6710270047187805,0.6710270047187805,0.014858030714094639,0.3141149580478668
"Based on the first quarter result , existing order backlog and new order prospects , the company expects that full-year sales will contract by 25 % from 2008 , the gross margin will stay at a healthy level , and the operating profit margin will be lower than in 2008 due to lower sales volume .",0,negative,negative,0.9620761275291443,0.027502603828907013,0.9620761275291443,0.010421224869787693
Finnish silicon wafers manufacturer Okmetic Oyj said it swung to a net profit of 4.9 mln euro $ 6.3 mln in the first nine months of 2006 from a net loss of 1.8 mln euro $ 2.3 mln a year earlier .,2,positive,positive,0.9479690194129944,0.9479690194129944,0.02686348743736744,0.025167526677250862
"Under the agreement , Japrotek will deliver nine storage tanks in the volume range of 1,000 cu m to 3,000 cu m with included agitators .",1,neutral,neutral,0.8279790282249451,0.1637895107269287,0.008231441490352154,0.8279790282249451
"The segments through which the company operates are Frozen Food business , Seafoods , Vegetable Oil business , Grain Trading and Other business operations .",1,neutral,neutral,0.9530162215232849,0.026040686294436455,0.020943034440279007,0.9530162215232849
Incap Contract Manufacturing is a subsidiary of Incap Corporation of Finland .,1,neutral,neutral,0.9504472017288208,0.02775168977677822,0.021801069378852844,0.9504472017288208
The studies are expected to start in 2008 .,1,neutral,neutral,0.8944138288497925,0.09367647767066956,0.011909645050764084,0.8944138288497925
"This will be done domestically and in neighboring markets , both organically and through acquisitions .",1,neutral,neutral,0.7823832631111145,0.2103462517261505,0.00727045489475131,0.7823832631111145
The real estate company posted a net loss of +ó  x201a -¼ 59.3 million +ó  x201a -¼ 0.21 per share compared with a net profit of +ó  x201a -¼ 31 million +ó  x201a -¼ 0.11 per share for the corresponding quarter of 2007 .,0,negative,negative,0.9707543849945068,0.01344592310488224,0.9707543849945068,0.01579969935119152
Poyry is recognized as one of the world 's leading advisors to the global forestry industry .,2,positive,positive,0.833962619304657,0.833962619304657,0.0078020053915679455,0.15823547542095184
Elcoteq SE is listed on the Nasdaq OMX Helsinki Ltd. .,1,neutral,neutral,0.9493439197540283,0.03436005115509033,0.016295986250042915,0.9493439197540283
"Comparable net sales are expected to increase more than 10 % in 2008 , in line with group target .",2,positive,positive,0.9536058306694031,0.9536058306694031,0.01581154204905033,0.03058261051774025
"The personnel reduction will be carried out in Anjalankoski , Hollola , Jyvaskyla , Jarvenpaa , Karhula , Turku and Valkeakoski units .",0,negative,negative,0.9309423565864563,0.009592070244252682,0.9309423565864563,0.059465598315000534
Earnings per share ( EPS ) amounted to a loss of EUR0 .38 .,0,negative,negative,0.8973275423049927,0.019645581021904945,0.8973275423049927,0.08302690833806992
The robust growth was the result of the inclusion of clothing chain Lindex in the Group in December 2007 .,2,positive,positive,0.9010882377624512,0.9010882377624512,0.00778690492734313,0.09112479537725449
The order is a follow-on to an 11 mln euro ( $ 16.1 mln ) deal made in July 2007 .,1,neutral,neutral,0.780400812625885,0.20857182145118713,0.011027393862605095,0.780400812625885
Public services will also be available .,1,neutral,neutral,0.8504607677459717,0.141805961728096,0.007733311504125595,0.8504607677459717
"U.S.-based T Corp. is in talks with Scandinavian telecoms company TeliaSonera to sell its stake in Uzbek cellular operator Coscom , an executive at Coscom told Interfax .",1,neutral,neutral,0.8779200911521912,0.10558204352855682,0.016497870907187462,0.8779200911521912
"This new deal has strengthened the partnership from Telemig Celular and Tecnomen , which it has started since the beginning of Telemig 's prepaid operations .",2,positive,positive,0.950324535369873,0.950324535369873,0.011525793001055717,0.038149695843458176
Passenger volumes rose by 8.4 % in the accounting period .,2,positive,positive,0.9549556970596313,0.9549556970596313,0.014868950471282005,0.030175339430570602
"The total delivery volume of paper businesses in 2010 was 1,155,000 tonnes , up from 1,132,000 tonnes in 2009 .",2,positive,positive,0.9495308995246887,0.9495308995246887,0.028124751523137093,0.022344406694173813
An individual promotion also generated slightly higher-than-expected revenues .,2,positive,positive,0.9597419500350952,0.9597419500350952,0.018892761319875717,0.021365350112318993
The borrower was happy to do the roadshow and this paid off as the hit ratio from it was high .,2,positive,positive,0.9373981356620789,0.9373981356620789,0.02354290336370468,0.03905903548002243
South America and Asia are other promising markets .,1,neutral,positive,0.6046844124794006,0.6046844124794006,0.013418170623481274,0.3818974196910858
"Currently , 95 % of Trainers House 's revenues are attributed to the Finnish market .",1,neutral,neutral,0.9423404335975647,0.04499296098947525,0.012666639871895313,0.9423404335975647
"Nurminen Logistics provides high-quality logistics services , such as railway transports , terminal services , forwarding , special and heavy transports and medical transports .",1,neutral,neutral,0.901342511177063,0.08791575580835342,0.010741726495325565,0.901342511177063
The number of bodily injury cases quadrupled in 2000-2006 .,0,negative,negative,0.9439427852630615,0.01630531996488571,0.9439427852630615,0.03975190594792366
`` The sale of the oxygen measurement business strengthens our goal to focus on our chosen market segments .,1,neutral,positive,0.9369126558303833,0.9369126558303833,0.008521360345184803,0.05456599220633507
"The product range includes marinated olives , cold cuts , and pates , for example .",1,neutral,neutral,0.9281280636787415,0.053732018917798996,0.018139882013201714,0.9281280636787415
It is also 7.7 pct above the 12-month volume weighted average price of the stock .,2,positive,positive,0.5727671384811401,0.5727671384811401,0.035533204674720764,0.3916996121406555
"It 's `` finger-friendly '' , and to my opinion , really fast .",1,neutral,neutral,0.6164671182632446,0.37208229303359985,0.011450680904090405,0.6164671182632446
One of Uponor 's promising future products is a hydronic cooling system .,2,positive,positive,0.7213577032089233,0.7213577032089233,0.007628827355802059,0.2710134983062744
He wore a black beanie-type cap and a black jacket .,1,neutral,neutral,0.8388561606407166,0.032673511654138565,0.1284703016281128,0.8388561606407166
"Operating profit totaled EUR 3.8 mn , down from EUR 4.5 mn in the corresponding period in 2005 .",0,negative,negative,0.9768009185791016,0.00908534787595272,0.9768009185791016,0.014113802462816238
"Kemira 's R&D organization comprises approximately 750 people , the company said .",1,neutral,neutral,0.9496994614601135,0.03610319644212723,0.014197343960404396,0.9496994614601135
"Exel Composites ' long-term growth prospects remain favourable , however .",2,positive,positive,0.9536017775535583,0.9536017775535583,0.017254672944545746,0.029143597930669785
The issuer is solely responsible for the content of this announcement .,1,neutral,neutral,0.948928952217102,0.018739286810159683,0.03233174607157707,0.948928952217102
STUK today is a full service house expert in radiation and nuclear safety issues .,1,neutral,neutral,0.9166133403778076,0.07123436033725739,0.012152288109064102,0.9166133403778076
"In the survey , Goodyear is the third most valued tyre brand , followed by Continental and Bridgestone .",1,neutral,neutral,0.6659582853317261,0.3056219816207886,0.028419725596904755,0.6659582853317261
"Also , Technopolis plans to build a 100 million euro technology park at the special economic zone Neudorf in St. Petersburg , the St. Petersburg government said in February .",1,neutral,neutral,0.7526086568832397,0.23956936597824097,0.007821932435035706,0.7526086568832397
"The latest result included per-share charges of 5 cents for stock compensation , 1 cent for research and development and 1 cent for strategic investments .",1,neutral,neutral,0.8898248076438904,0.07568102329969406,0.034494176506996155,0.8898248076438904
"Our customers come from the following countries : UK , USA , Spain , France , Italy , Germany , China , Hong Kong , Sweden , Norway , Netherlands , Austria , Belgium , Switzerland , Czech Republic , Finland , Canada , Russia , Ukraine , Denmark , Ireland , South Korea and Liechtenstein .",1,neutral,neutral,0.9458795189857483,0.039579618722200394,0.014540878124535084,0.9458795189857483
In 2005 the bank posted a net profit of Lt 8.2 mn .,1,neutral,neutral,0.9256404042243958,0.049821268767118454,0.024538258090615273,0.9256404042243958
A comprehensive range of cut-to-length and slitting services will allow Ruukki in particular to serve light engineering customers who relocate their production to the St. Petersburg area .,1,neutral,positive,0.7863717675209045,0.7863717675209045,0.006579476874321699,0.20704884827136993
Altogether Finnair has canceled over 500 flights because of the strike .,0,negative,negative,0.9646592140197754,0.00810963287949562,0.9646592140197754,0.027231119573116302
"A total of 15,000 new Citycon shares with a nominal value of EUR 1.35 per share were subscribed between 17 and 23 March 2006 exercising the A-B-C options based on the company 's stock option plan 1999 .",1,neutral,neutral,0.9408876299858093,0.04549546539783478,0.013616838492453098,0.9408876299858093
"The Annual General Meeting approved that the yearly remuneration for the members of the Board of Directors shall remain at EUR 40.000 for the Chairman of the Board , EUR 30.000 for the Deputy Chairman of the Board and EUR 20.000 for other members of the Board .",1,neutral,neutral,0.9417376518249512,0.026369087398052216,0.03189326450228691,0.9417376518249512
Also Chile is an important market area for forest machine companies .,1,neutral,neutral,0.6890404224395752,0.3036758005619049,0.0072838240303099155,0.6890404224395752
"All the ferries had run into trouble just outside the Stockholm archipelago , made up of more than 20,000 islands .",0,negative,negative,0.954658567905426,0.009210370481014252,0.954658567905426,0.036131031811237335
"Copper , lead and nickel also dropped ... HBOS ( HBOS ) plummeted 20 % to 70.3 pence after saying this year+ó ??",0,negative,negative,0.9700416922569275,0.012042822316288948,0.9700416922569275,0.017915556207299232
"`` We are very pleased to be working with Fujitsu and NTT DoCoMo to advance the progress of LTE , '' said Juergen Walter , Head of Converged Core , Nokia Siemens Networks .",2,positive,positive,0.9314428567886353,0.9314428567886353,0.014828873798251152,0.05372835323214531
Protalix is developing genetically engineered proteins from plant cells .,1,neutral,neutral,0.8972371816635132,0.09336837381124496,0.00939441379159689,0.8972371816635132
"Founded in 1649 , Fiskars has over 360 years of product quality excellence and is Finland 's oldest company .",1,neutral,neutral,0.7875109910964966,0.20424219965934753,0.008246809244155884,0.7875109910964966
The hull of the vessel was built one block at a time and Ruukki delivered the plate material for each block as construction progressed .,1,neutral,neutral,0.9287605285644531,0.052480876445770264,0.018758514896035194,0.9287605285644531
The company does not disclose the sum it applied for .,1,neutral,neutral,0.9480283260345459,0.021348729729652405,0.030622974038124084,0.9480283260345459
"TeliaSonera s subsidiary , the mobile operator EMT in Estonia , has created a world s first mobile identification service which makes it possible to vote via a mobile phone .",1,neutral,neutral,0.7224395275115967,0.2690922021865845,0.008468232117593288,0.7224395275115967
"In this way , the industry 's starting point has been the consumers ' needs .",1,neutral,neutral,0.8882874250411987,0.09421899914741516,0.017493542283773422,0.8882874250411987
"The shares subscribed for under the stock options were registered in the Trade Register on 20 January 2011 , as of which date the new shares will establish shareholder rights .",1,neutral,neutral,0.9544650316238403,0.030250990763306618,0.015283925458788872,0.9544650316238403
"The shopping center to be opened in St. Petersburg , Russia in November 2010 will turn the cash flow of Finnish department store chain Stockmann 's Russian operations positive for the first time in 2011 .",2,positive,positive,0.9375609159469604,0.9375609159469604,0.010783708654344082,0.0516553558409214
"Previously , the plant was expected to be completed by the end of 2008 .",1,neutral,neutral,0.8859323263168335,0.10020023584365845,0.013867381028831005,0.8859323263168335
"Luxembourg-registered investment fund Amber Trust II has won the final approval of Lithuania 's Competition Council to acquire 29.6 percent of Sanitas , the country 's largest pharmaceutical producer .",2,positive,positive,0.8856694102287292,0.8856694102287292,0.009236807003617287,0.10509385168552399
"have notified that as a result of the Company issuing 14,432,000 new shares in the directed offering , the joint holdings of Pequot has decreased below 1-10 to 9.63 % of total number of shares and votes in the Company .",0,negative,negative,0.9296104907989502,0.02194814197719097,0.9296104907989502,0.048441365361213684
"` This is a repeat order to follow successfully installed 159 elevators in the same Delhi metro system , ' Kone spokeswoman told Thomson Financial News .",2,positive,positive,0.9014959931373596,0.9014959931373596,0.01356556173413992,0.0849384292960167
The solid fuel is heated before sludge is mixed therein . '',1,neutral,neutral,0.9454631805419922,0.03262898698449135,0.02190779335796833,0.9454631805419922
"`` The considerably weaker U.S. dollar and British pound had an impact on sales and average prices in euros , '' UPM said .",0,negative,negative,0.9524944424629211,0.021844802424311638,0.9524944424629211,0.02566078118979931
"Sales at the Tiimari business went down by 8 % to EUR 11.8 million , while Gallerix stores saw 29 % growth to EUR 2 million .",0,negative,negative,0.9750637412071228,0.008464348502457142,0.9750637412071228,0.016471901908516884
hybrid bond 18 January 2010 - Finnish IT consultancy Trainers ' House Oyj HEL : TRH1V said last Friday it resolved to issue a EUR5m hybrid bond to domestic investors in a bid to strengthen its capital structure .,1,neutral,positive,0.9189315438270569,0.9189315438270569,0.009768946096301079,0.07129953056573868
The costs of the new ropax vessels are 30 % lower than those of the present ones .,2,positive,positive,0.5816418528556824,0.5816418528556824,0.014418295584619045,0.4039398431777954
A CUT ABOVE Bring the outdoors in with these birch-branch coasters .,1,neutral,neutral,0.6525591015815735,0.33424875140190125,0.013192116282880306,0.6525591015815735
Pretax profit rose to EUR 17.8 mn from EUR 14.9 mn in 2005 .,2,positive,positive,0.9524388313293457,0.9524388313293457,0.027689768001437187,0.019871363416314125
"The Stockmann department store will have a total floor space of over 8,000 square metres and Stockmann 's investment in the project will have a price tag of about EUR 12 million .",1,neutral,neutral,0.9203940033912659,0.0691838189959526,0.010422181338071823,0.9203940033912659
"The aim of the CEO 's Q&A sessions is to give further clarity on information , which has been made public already earlier .",1,neutral,neutral,0.9197579026222229,0.06948769092559814,0.010754341259598732,0.9197579026222229
Finnish electronics manufacturer PKC Group Oyj ( OMX Helsinki : PKC1V ) said on Wednesday ( 31 December ) that it has completed the acquisition of MAN Nutzfahrzeuge AG 's cable harness business from MAN Star Trucks & Buses Spolka zoo in Poland .,2,positive,positive,0.7550907135009766,0.7550907135009766,0.010102273896336555,0.23480696976184845
Production at the plant will be based on Neste Oil 's proprietary technology that can use a flexible input of any vegetable oil or animal fat .,1,neutral,neutral,0.8464442491531372,0.14627467095851898,0.007281060330569744,0.8464442491531372
"With the new arrangement , customer responsibilities will become mainly regional .",1,neutral,neutral,0.8920499086380005,0.09935826808214188,0.008591842837631702,0.8920499086380005
"In 2007 , Huhtamaki will continue to invest in organic growth .",1,neutral,neutral,0.7883296608924866,0.20484165847301483,0.006828660145401955,0.7883296608924866
Customers include hotels and restaurants as well as wholesalers and some retailers .,1,neutral,neutral,0.9235110282897949,0.06299746781587601,0.013491526246070862,0.9235110282897949
"Last week , the Finnish metals and technology group announced plans to sell more than 80 percent of its technology unit to further the company 's strategic goal of becoming the world 's largest stainless steel maker .",2,positive,positive,0.7915512323379517,0.7915512323379517,0.008247208781540394,0.200201615691185
"JVC will stop producing DVD players in Brazil : JVC do Brazil , a subsidiary of Japan 's JVC group announced it will stop the production of DVD players in Brazil .",1,neutral,negative,0.7501307129859924,0.013462023809552193,0.7501307129859924,0.2364073395729065
The markets expect Heineken to sell Hartwall as a whole or in parts .,1,neutral,neutral,0.9439994096755981,0.043455395847558975,0.012545181438326836,0.9439994096755981
Possible personnel reductions concern approximately 104 people .,0,negative,negative,0.9654666781425476,0.007324499543756247,0.9654666781425476,0.027208829298615456
Finnish messaging solutions developer Tecnomen Corporation ( OMX Helsinki : TEM1V ) said on Thursday ( 11 December ) that it has received an expansion order for its Convergent Charging solution in Latin America .,2,positive,positive,0.9490973949432373,0.9490973949432373,0.0186311062425375,0.03227150812745094
"Sales for both the Department Store Division and Hobby Hall increased by 7 % , while sales for the clothing store subsidiary Seppala decreased by 4 % .",2,positive,positive,0.9003235697746277,0.9003235697746277,0.07763950526714325,0.022036859765648842
"SSH COMMUNICATIONS SECURITY CORP STOCK EXCHANGE RELEASE OCTOBER 14 , 2008 AT 2:45 PM The Company updates its full year outlook and estimates its results to remain at loss for the full year .",0,negative,negative,0.9474896192550659,0.025916649028658867,0.9474896192550659,0.026593752205371857
Nokia is requesting that the companies stop making and selling the mobile phones and pay monetary damages and costs .,1,neutral,negative,0.9228902459144592,0.009043984115123749,0.9228902459144592,0.0680658370256424
AffectoGenimap builds highly customised IT solutions for its customers in Finland and the Baltic countries .,1,neutral,neutral,0.8106396198272705,0.18212471902370453,0.007235725875943899,0.8106396198272705
Chief executive officer Olli-Pekka Kallasvuo 's changes on Tuesday mark the third time in nine months the company has reshuffled executives and operations as Nokia loses ground to Apple 's iPhone and RIM 's BlackBerry .,0,negative,negative,0.9317160844802856,0.011177596636116505,0.9317160844802856,0.05710633471608162
Operating profit rose to EUR 5mn from EUR 2.8 mn in the fourth quarter of 2008 .,2,positive,positive,0.9521843791007996,0.9521843791007996,0.026008551940321922,0.02180703729391098
"At present , the trade mark Pit-Produkt is little-known outside the North-West of Russia .",0,negative,neutral,0.8985652327537537,0.02572537586092949,0.07570933550596237,0.8985652327537537
The lay-offs will affect 240 people out of the total 320 Okmetic employees in Finland .,0,negative,negative,0.9661471247673035,0.006643861066550016,0.9661471247673035,0.027208957821130753
"Wartsila won the contract in October 2007 and the plant will be installed at Manturovo in the Kostroma region of Russia , about 600 km northeast of Moscow , Russia .",2,positive,positive,0.6064797043800354,0.6064797043800354,0.00836195982992649,0.38515836000442505
`` We are pleased to deliver the Basware Invoice Automation solution to a major retail company in the US .,2,positive,positive,0.9280803203582764,0.9280803203582764,0.01153101772069931,0.06038868799805641
Sponda Plc 's Annual General Meeting decided on 23 March 2005 to establish a Shareholders ' Nomination Committee to prepare proposals for the Annual General Meeting in 2006 on the composition of the Board of Directors and their remuneration .,1,neutral,neutral,0.9453865885734558,0.031116342172026634,0.023497087880969048,0.9453865885734558
The deal is in line with Etteplan 's strategy to operate as a partner of global customers and provide industrial technology design services .,1,neutral,positive,0.7774386405944824,0.7774386405944824,0.006217711605131626,0.21634364128112793
Feed companies Suomen Rehu and Raisio do no import GMO feed .,1,neutral,neutral,0.9404965043067932,0.026513896882534027,0.032989636063575745,0.9404965043067932
Finnish industrial group Ruukki Group Plc OMX Helsinki : RUG1V said on Friday 14 November that its furniture business segment Incap Furniture has concluded personnel negotiations that were started at the end of September .,1,neutral,negative,0.4462238550186157,0.37186259031295776,0.4462238550186157,0.18191350996494293
"So far , Mr. Galvan he has been able to avoid laying off workers .",2,positive,negative,0.9060224294662476,0.05825933441519737,0.9060224294662476,0.03571826592087746
"Production levels have been agreed with producers a long time ago , so a fall in consumption will lead to losses .",0,negative,negative,0.9690017104148865,0.012966334819793701,0.9690017104148865,0.018031999468803406
"Glaston , headquartered in Tampere , Finland , is a growing and international glass technology company .",1,neutral,neutral,0.5371158123016357,0.455321729183197,0.00756244920194149,0.5371158123016357
Incap Corporation Stock Exchange Release 4 May 2010 at 8.30 a.m. INCAP CORPORATION 'S DIRECTED SHARE ISSUE WAS SUBSCRIBED IN FULL The Board of Incap Corporation has approved the subscriptions of directed share issue .,1,neutral,neutral,0.8722670674324036,0.11830013245344162,0.009432858787477016,0.8722670674324036
"The company 's net profit rose 11.4 % on the year to 82.2 million euros in 2005 on sales of 686.5 million euros , 13.8 % up on the year , the company said earlier .",2,positive,positive,0.9585705399513245,0.9585705399513245,0.019382834434509277,0.022046636790037155
"The transaction will have a positive impact of around EUR2m on earnings , which Ruukki will recognize during the fourth quarter of this year .",2,positive,positive,0.9434469938278198,0.9434469938278198,0.01404220424592495,0.04251077026128769
"AGJ recorded EUR 43 mln sales in 2006 , most of which was generated by exports to customers in Western Europe , the statement said .",1,neutral,neutral,0.9112602472305298,0.07652624696493149,0.01221346203237772,0.9112602472305298
Incap Contract Manufacturing Services Private Limited has inked agreements with six new customers in India .,2,positive,positive,0.9445655345916748,0.9445655345916748,0.020764458924531937,0.034670088440179825
"Profit for the period totalled EUR 1.1 mn , down from EUR 1.6 mn in the third quarter of 2008 .",0,negative,negative,0.9766974449157715,0.00923587754368782,0.9766974449157715,0.01406670268625021
Viking Line has canceled some services .,0,negative,negative,0.9622148275375366,0.006708042696118355,0.9622148275375366,0.031077126041054726
"Only L+ñnnen Tehtaat showed a loss , but it has only recently started streamlining measures .",1,neutral,neutral,0.703831136226654,0.24826055765151978,0.04790830239653587,0.703831136226654
Demand was brisk as expected and order levels have remained high .,2,positive,positive,0.9489585161209106,0.9489585161209106,0.03291262313723564,0.018128901720046997
The value of the deal has not been disclosed .,1,neutral,neutral,0.9543482065200806,0.023658370599150658,0.02199339121580124,0.9543482065200806
Kemira 's partner in the project is St. Petersburg Water Works .,1,neutral,neutral,0.9290637969970703,0.06101781874895096,0.009918414056301117,0.9290637969970703
` Nordic infrastructure construction is one of our strategic growth areas .,1,neutral,positive,0.6396425366401672,0.6396425366401672,0.01093186903744936,0.34942561388015747
"Under the agreement , Larox will transfer 10 employees within engineering and documentation related to delivery projects and product maintenance in Finland to Etteplan as of January 1 , 2007 .",1,neutral,neutral,0.9279613494873047,0.05767986923456192,0.014358812011778355,0.9279613494873047
Comptel Corporation will publish its financial statements for 2008 on 12 February 2009 .,1,neutral,neutral,0.9509286880493164,0.017615336924791336,0.03145591914653778,0.9509286880493164
"In April 2005 , Neste separated from its parent company , Finnish energy company Fortum , and became listed on the Helsinki Stock Exchange .",1,neutral,neutral,0.9432150721549988,0.020427407696843147,0.036357469856739044,0.9432150721549988
"Pretax profit totaled EUR 9.0 mn , down from EUR 36.3 mn in 2007 .",0,negative,negative,0.9767040014266968,0.008913759142160416,0.9767040014266968,0.014382155612111092
"Please inform IR Johanna Koskinen of your participation no later than 20 April at 10 a.m. A telephone conference for financial analysts and investors , conducted in English , will begin at 3:00 p.m. Finnish time ( EET ) .",1,neutral,neutral,0.952358067035675,0.025094222277402878,0.02254772186279297,0.952358067035675
"The cooperation will involve Arena Partners buying a 35 % share of the new joint venture company , operating in Alma Media 's home sales , vehicle and consumer advertising marketplace businesses .",1,neutral,neutral,0.8074793815612793,0.18585921823978424,0.006661336403340101,0.8074793815612793
"The company intends to launch housing development at the acquired land plots and to construct 50,000-60 ,000 square metres of housing per annum by 2011 .",1,neutral,neutral,0.6203148365020752,0.3719128966331482,0.007772295735776424,0.6203148365020752
"Neste oil 's board proposed 1.00 eur dividend for the full-year 2007 , compared with 0.90 eur a year ago .",2,positive,positive,0.8866353034973145,0.8866353034973145,0.0889355018734932,0.02442922443151474
"According to Bosse , the present cooperation is beneficial to all parties , however .",2,positive,positive,0.9401925802230835,0.9401925802230835,0.013157001696527004,0.04665033519268036
Finnish investment company Neomarkka is the main owner of Kuitu Finland 's successor .,1,neutral,neutral,0.9440491199493408,0.04292712360620499,0.013023771345615387,0.9440491199493408
` The investment in Matka-Vekka has been reasonable for investors in CapMan funds . ',1,neutral,positive,0.9422906637191772,0.9422906637191772,0.015089040622115135,0.04262028634548187
The company has exported into about twenty European countries as well as to Africa .,1,neutral,neutral,0.7435284852981567,0.24915958940982819,0.007311913650482893,0.7435284852981567
"After non-recurring items of EUR 177mn , profit amounted to EUR 20mn .",1,neutral,neutral,0.850202739238739,0.10916933417320251,0.04062790796160698,0.850202739238739
"The scheme for TeliaSonera and Altimo is practically identical , except that it involves the merger of their stakes in VimpelCom and Kyivstar .",1,neutral,neutral,0.9489309787750244,0.03646102175116539,0.01460800226777792,0.9489309787750244
Cash flow from operations in January-December 2008 was a negative EUR 18.1 mn compared to EUR 39.0 mn in the corresponding period in 2007 .,0,negative,negative,0.9746688008308411,0.01449416484683752,0.9746688008308411,0.010837003588676453
"In 2007 , the Group 's net sales stood at EUR 22 million and it had about 150 employees at the end of June , 2008 .",1,neutral,neutral,0.944550633430481,0.025146659463644028,0.03030272386968136,0.944550633430481
Layoffs will also take place at the Suomussalmi and Kuhmo plants this autumn as a result of codetermination negotiations held there .,0,negative,negative,0.9602591395378113,0.007200178690254688,0.9602591395378113,0.032540686428546906
The rebuilds are designed to improve the machines ' performance and product quality .,2,positive,positive,0.9339286684989929,0.9339286684989929,0.010767782106995583,0.05530350282788277
`` Directors and shareholders alike should ask why these practices were allowed to continue . '',1,neutral,neutral,0.841881275177002,0.05252211168408394,0.10559657216072083,0.841881275177002
"( ADP News ) - Finnish handling systems provider Cargotec Oyj ( HEL : CGCBV ) announced on Friday it won orders worth EUR 10 million ( USD 13.2 m ) to deliver linkspans to Jordan , Morocco and Ireland .",2,positive,positive,0.9469502568244934,0.9469502568244934,0.01816469617187977,0.03488502278923988
"Temporary lay-offs , affecting the entire workforce , will also be implemented .",0,negative,negative,0.9637542963027954,0.007416045758873224,0.9637542963027954,0.02882966212928295
Revenue in the quarter fell 8 percent to ( EURO ) 2.4 billion compared to a year earlier .,0,negative,negative,0.9773287177085876,0.007320125587284565,0.9773287177085876,0.015351157635450363
Recently the company decided to build a second identical plant at the same site due to be commissioned toward the end of 2008 .,1,neutral,neutral,0.5896978378295898,0.4021553099155426,0.008146844804286957,0.5896978378295898
"We are honored to be recognized by Gartner as a specialist in Business Process Modeling and Analysis , in the company of many of the largest software vendors in the world .",2,positive,positive,0.8278608322143555,0.8278608322143555,0.007749483454972506,0.16438965499401093
Operating profit rose to EUR 103.4 mn from EUR 23.2 in the corresponding period in 2006 .,2,positive,positive,0.9514315128326416,0.9514315128326416,0.02705642208456993,0.02151201292872429
28 January 2011 - Finnish technology center operator Technopolis Oyj (HEL : TPS1V)said today it will invest EUR22 .5 m in the construction of the second phase of an office facility in Tampere .,1,neutral,neutral,0.8181084394454956,0.17325711250305176,0.008634459227323532,0.8181084394454956
"May 29 , 2010 ( CompaniesandMarkets.com delivered by Newstex ) -- This report provides key data and information on the meat , fish and poultry market in Finland .",1,neutral,neutral,0.9420151114463806,0.030261382460594177,0.027723532170057297,0.9420151114463806
"Maggie Ramsey 's wait - and those of thousands of Oregon and Washington guides , anglers and others who flock to his frequent seminars - is nearly over .",1,neutral,neutral,0.8883423805236816,0.031322598457336426,0.08033508062362671,0.8883423805236816
Market share decreased on the route between Helsinki in Finland and Tallinn in Estonia by 0.1 percentage points to 24.8 % .,0,negative,negative,0.9743717312812805,0.007878998294472694,0.9743717312812805,0.017749255523085594
"LONDON AFX - UK and European brokers ' recommendations issued today , as collated by AFX News from a range of market sources .",1,neutral,neutral,0.940777599811554,0.036336664110422134,0.022885728627443314,0.940777599811554
"Nokia 's share price fell less than one percent to 18.70 euros ( $ 25.41 ) in Helsinki , while Siemens shares fell 1.02 percent to 90.19 euros ( $ 122.57 ) in Frankfurt .",0,negative,negative,0.9747570157051086,0.006849885452538729,0.9747570157051086,0.01839306764304638
"In the building and home improvement trade , sales decreased by 22.5 % to EUR 201.4 mn .",0,negative,negative,0.9752172231674194,0.0074851009994745255,0.9752172231674194,0.017297664657235146
"The earnings per share for the quarter came in at 0.25 eur , up from the 0.20 eur of the same quarter a year earlier .",2,positive,positive,0.9546622037887573,0.9546622037887573,0.023900024592876434,0.02143782563507557
"`` Following last year 's good profit development , we have entered the current year in a good position .",2,positive,positive,0.956318736076355,0.956318736076355,0.020039431750774384,0.023641902953386307
Analysts surveyed by Thomson Financial expected revenue of $ 69 million for the quarter .,1,neutral,neutral,0.5365332365036011,0.42290568351745605,0.04056110978126526,0.5365332365036011
"The subscriptions increase Cargotec 's share capital by EUR 27,060 .",2,positive,positive,0.9474295973777771,0.9474295973777771,0.01214032992720604,0.04043009504675865
"Operating profit totalled EUR 83.0 mn , up from EUR 23.5 mn year-on-year .",2,positive,positive,0.9554136991500854,0.9554136991500854,0.0242100041359663,0.02037626877427101
The investment will be worth approximately EUR 100mn .,1,neutral,neutral,0.8926798701286316,0.09906221926212311,0.008257907815277576,0.8926798701286316
25 March 2011 - Finnish electronics contract manufacturer Scanfil Oyj HEL : SCF1V said today its plan to merge wholly owned Scanfil EMS Group with Ojala-Yhtyma Oy has hit a snag as shareholders of the domestic rival rejected the deal .,0,negative,negative,0.9676554799079895,0.007663118187338114,0.9676554799079895,0.02468135580420494
"`` I 'm happy with the outcome , '' Sneed said after the hearing .",2,positive,positive,0.8977305293083191,0.8977305293083191,0.02722049690783024,0.07504897564649582
Operating profit for the quarter April-June 2006 amounted to EUR182 .2 m on sales of EUR3 .62 bn .,1,neutral,neutral,0.9060503244400024,0.06970369815826416,0.024246005341410637,0.9060503244400024
"Nokia also noted the average selling price of handsets declined during the period , though its mobile phone profit margin rose to more than 22 percent from 13 percent in the year-ago quarter .",2,positive,positive,0.8905265927314758,0.8905265927314758,0.09162949025630951,0.01784392260015011
Peigs www.peigs.se will become part of Sardus Latta Maltider Light Meals unit .,1,neutral,neutral,0.9498335719108582,0.03714517131447792,0.013021303340792656,0.9498335719108582
"This location makes the mall a convenient place to shop for consumers from three large residential areas nearby : Jaroszowka , Wysockiego and Zgody .",2,positive,positive,0.7834473848342896,0.7834473848342896,0.009495429694652557,0.2070571780204773
Benefon will turn the Salo unit into a B2B business unit and establish a B2C business unit in the UK .,1,neutral,neutral,0.8834923505783081,0.1082460880279541,0.008261562325060368,0.8834923505783081
The Oulu plant employs approximately 120 people .,1,neutral,neutral,0.9398757219314575,0.032554544508457184,0.027569720521569252,0.9398757219314575
And Ogden reportedly will shell out $ 4.2 million .,1,neutral,neutral,0.9171217083930969,0.030330214649438858,0.05254806950688362,0.9171217083930969
Return on investment ROI was 4.1 % compared to 43.8 % in the first half of 2008 .,0,negative,negative,0.94366455078125,0.04093584418296814,0.94366455078125,0.015399567782878876
"The start of the negotiations , relating to Glaston 's efficiency program , was announced in October .",1,neutral,neutral,0.9155159592628479,0.07341517508029938,0.011068872176110744,0.9155159592628479
"Professional and consumer applications include personal navigation , personal safety , field and workflow management , and asset tracking .",1,neutral,neutral,0.9359708428382874,0.03210420161485672,0.03192490339279175,0.9359708428382874
"Operating profit for the 12-month period decreased from EUR17 .9 m while net sales increased from EUR58 .3 m , as compared to 2007 .",0,negative,negative,0.9746208190917969,0.00806001853197813,0.9746208190917969,0.017319148406386375
The company confirmed its estimate for lower revenue for the whole 2009 than the year-ago EUR93 .9 m as given in the interim report on 5 August 2009 .,0,negative,negative,0.9721561670303345,0.007458188105374575,0.9721561670303345,0.020385615527629852
"Kai Tulonen , Chief Technology Officer , SysOpen Digia says : `` Mobility Business Suite represents a significant milestone in the company 's offering to the telecommunications industry .",2,positive,positive,0.9310049414634705,0.9310049414634705,0.00950004905462265,0.05949496105313301
"The Committee proposes the following remuneration : a monthly remuneration of EUR 5,000 for the Chairman , EUR 3,500 for the Deputy Chairman , and EUR 2,500 for the other Board members .",1,neutral,neutral,0.9235647320747375,0.06100589781999588,0.0154294203966856,0.9235647320747375
Scanfil has also issued a profit warning .,0,negative,negative,0.9615153670310974,0.008145011961460114,0.9615153670310974,0.03033967688679695
"Turun kaupunkin , Finland based company has awarded contract to Lemminkainen Talotekniikka Oy for electrical installation work .",2,positive,positive,0.9487452507019043,0.9487452507019043,0.016489101573824883,0.034765634685754776
"Together with Latvia , Cramo will operate 54 rental outlets in the Baltic States .",1,neutral,neutral,0.8649297952651978,0.12696941196918488,0.008100828155875206,0.8649297952651978
"You need to be ready when the window opens up , Rosberg said .",1,neutral,neutral,0.875335156917572,0.10660544037818909,0.0180593803524971,0.875335156917572
The duration of the lay-offs per employee will vary from one to six weeks .,1,neutral,negative,0.917564332485199,0.00894369836896658,0.917564332485199,0.0734918937087059
Finnish fibers and plastics producer Suominen Corporation OMX Helsinki : SUY1V reported on Wednesday 22 October an operating loss of EUR0 .8 m on net sales of EUR55 .2 m for the third quarter of 2008 .,1,neutral,negative,0.961426317691803,0.0062537845224142075,0.961426317691803,0.03231995552778244
The offer represents a premium of 24 % over the stock 's closing price on Friday .,2,positive,positive,0.9095005989074707,0.9095005989074707,0.012547774240374565,0.0779515951871872
Cramo Group 's financial targets for 2010-2013 are sales growth higher than 10 percent per year ; return on equity above 15 percent .,2,positive,positive,0.9273133277893066,0.9273133277893066,0.009488142095506191,0.06319858878850937
It also turned in earnings per share ( EPS ) of EUR 0.44 versus loss per share of EUR 2.26 .,2,positive,positive,0.950231671333313,0.950231671333313,0.023913847282528877,0.025854414328932762
"To check them out or to make a bid they will be in the Deka Showroom , Fortitude Valley .",1,neutral,neutral,0.9491190910339355,0.027536360546946526,0.023344507440924644,0.9491190910339355
"Ragutis , which is based in Lithuania 's second-largest city Kaunas , boosted its sales last year 22.3 per cent to 36.4 million liters .",2,positive,positive,0.9560331702232361,0.9560331702232361,0.017046092078089714,0.026920761913061142
"As the largest elevator market in the world , Chinese output of elevators continued to rise to 262,000 units in 2009 , up about 5 % yr-on-yr .",2,positive,positive,0.9524292349815369,0.9524292349815369,0.018430881202220917,0.029139863327145576
Renesas Mobile Europe Ltd has approximately 470 employees in Oulu .,1,neutral,neutral,0.9460724592208862,0.025683654472231865,0.02824391797184944,0.9460724592208862
"Cramo 's manager Jarmo Laasanen said hiring of equipment and machinery in Lithuania differs from the other Baltic countries in that in Lithuania still many public structures such as roads , bridges , airports and shops are being built .",1,neutral,neutral,0.6661738753318787,0.1712390035390854,0.16258712112903595,0.6661738753318787
The policy was also aimed at making the companies more profitable and competitive .,2,positive,positive,0.7255430817604065,0.7255430817604065,0.008356418460607529,0.2661004662513733
LONDON AFX - Fortum said it has agreed to sell its industrial maintenance service operations to funds managed by CapMan for an undisclosed sum .,1,neutral,neutral,0.887065052986145,0.10208113491535187,0.010853756219148636,0.887065052986145
"( Filippova ) A trilateral agreement on investment in the construction of a technology park in St Petersburg was to have been signed in the course of the forum , Days of the Russian Economy , that opened in Helsinki today .",2,positive,positive,0.8042080402374268,0.8042080402374268,0.009827405214309692,0.18596448004245758
facades in Riga 8 March 2010 - Finnish construction company YIT Oyj HEL : YTY1V said today that it will build the frame and the facades in a tower construction project in Riga .,1,neutral,neutral,0.8765113353729248,0.11078505963087082,0.012703649699687958,0.8765113353729248
"City24 users can search for homes and properties in all areas where City24 is active , even outside their own country .",1,neutral,neutral,0.9435614943504333,0.041467756032943726,0.01497076265513897,0.9435614943504333
"In Finland , the corresponding service is Alma Media 's Etuovi.com , Finland 's most popular and best known nationwide online service for home and property sales .",1,neutral,neutral,0.9149954915046692,0.0746455043554306,0.010359075851738453,0.9149954915046692
"The buyer aims to thus reinforce its position in Denmark , Martela Group managing director Heikki Martela said .",2,positive,positive,0.9475700259208679,0.9475700259208679,0.01467959675937891,0.03775036707520485
"( ADPnews ) - May 4 , 2010 - Finnish cutlery and hand tools maker Fiskars Oyj Abp ( HEL : FISAS ) said today its net profit declined to EUR 12.9 million ( USD 17m ) in the first quarter of 2010 from EUR 17 million in the correspond",0,negative,negative,0.9755640625953674,0.00815232377499342,0.9755640625953674,0.016283631324768066
`` I warmly welcome Michael Frei to Outotec .,2,positive,positive,0.815460741519928,0.815460741519928,0.01124723069369793,0.17329202592372894
This is bad news for the barbeque season .,0,negative,negative,0.966144323348999,0.009016587398946285,0.966144323348999,0.024839142337441444
They both will report to Oriola-KD 's chief executive officer Eero Hautaniemi .,1,neutral,neutral,0.949055552482605,0.02121821790933609,0.029726186767220497,0.949055552482605
"According to preliminary data from Slovakia 's Statistics Office , goods worth E36 .4 million were imported from Finland between January and October 2010 , making up 0.1 percent of Slovakia 's total imports .",1,neutral,neutral,0.8363100290298462,0.12192456424236298,0.04176541417837143,0.8363100290298462
"Initially , the company said a maximum of 15 people would be made redundant in the parent company and about 15 in its subsidiaries .",0,negative,negative,0.9566038250923157,0.007075516972690821,0.9566038250923157,0.0363207571208477
Estimations indicate that even up to 170 different tablet computers or reading devices will be available in 2011 .,1,neutral,neutral,0.7257958054542542,0.26465046405792236,0.009553711861371994,0.7257958054542542
Nokia was up 0.12 pct to 16.70 eur after kicking off the morning in negative territory .,2,positive,positive,0.9460886120796204,0.9460886120796204,0.031383216381073,0.02252824418246746
Russia 's Video International Group holds a controlling stake in Russian Media Ventures .,1,neutral,neutral,0.9435009956359863,0.04351632297039032,0.012982631102204323,0.9435009956359863
"The value of the order is EUR 700,000 .",1,neutral,neutral,0.9320376515388489,0.056117016822099686,0.011845308355987072,0.9320376515388489
TELECOMWORLDWIRE-7 April 2006-TJ Group Plc sells stake in Morning Digital Design Oy Finnish IT company TJ Group Plc said on Friday 7 April that it had signed an agreement on selling its shares of Morning Digital Design Oy to Edita Oyj .,1,neutral,positive,0.7350785732269287,0.7350785732269287,0.012983825989067554,0.25193750858306885
"The fish content of the nuggets is 85 % , and the fish comes from Canada and Finland .",1,neutral,neutral,0.9446018934249878,0.04051443189382553,0.01488371379673481,0.9446018934249878
"In addition to the presentations held by President & CEO Kai Telanne and CFO Tuomas Itkonen , participants will have an opportunity to discuss with other members of the company 's management .",1,neutral,neutral,0.9234144687652588,0.06440111994743347,0.01218442153185606,0.9234144687652588
"Pre-tax profit totaled EUR 397.4 mn , up from EUR 164.7 mn .",2,positive,positive,0.9545613527297974,0.9545613527297974,0.024479206651449203,0.020959412679076195
"The outsourced Scan and Capture solutions transfer paper invoices into electronic format , and Basware Business Transactions Service allows the customer to receive and send invoices in an electronic format .",1,neutral,neutral,0.948766827583313,0.03611764311790466,0.01511560007929802,0.948766827583313
"This action follows personnel negotiations concerning Elcoteq SE , Finnish Branch , Elcoteq Finland Oy and Elcoteq Design Center Oy .",1,neutral,neutral,0.5467809438705444,0.02186320722103119,0.4313558340072632,0.5467809438705444
"Tyrv+ñinen is of the opinion that the airline has been repeating this for some time already , however .",1,neutral,negative,0.6880816221237183,0.028507815673947334,0.6880816221237183,0.28341057896614075
"India 's trade with Russia currently stands at four billion dollars , growing 9.6 per cent in fiscal 2007 .",2,positive,positive,0.8530501127243042,0.8530501127243042,0.011274229735136032,0.13567571341991425
"Russia accounted for 9 % of the Lagardere magazine division 's revenue , or EUR 114.40 mn ( USD 148.11 mn ) in 2009 , the USA - for 18 % .",1,neutral,neutral,0.9196590185165405,0.04762158915400505,0.032719407230615616,0.9196590185165405
"The other actions include the cutting of the expensive weekend shifts , the freezing of the production bonus system and by a general cost-cutting program .",1,neutral,negative,0.7624123692512512,0.027501501142978668,0.7624123692512512,0.21008621156215668
"Kalnapilio-Tauro Grupe ( Kalnapilis-Tauras Group ) , which is owned by Denmark 's Royal Unibrew , raised its market share to 25.18 percent from 23.74 percent , as beer sales for the seven months jumped by 14.5 percent to 40.5 million liters .",2,positive,positive,0.9543936848640442,0.9543936848640442,0.020090075209736824,0.025516211986541748
The bank forecasts Finland 's GDP will grow by 2 % in 2010 and in 2011 .,2,positive,positive,0.9480218291282654,0.9480218291282654,0.014218591153621674,0.03775956109166145
"cents The profile contains business operations , the company history , major products and services , prospects , key competitors , structure and key employees , locations and subsidiaries .",1,neutral,neutral,0.9530094265937805,0.027809279039502144,0.019181331619620323,0.9530094265937805
Metso said it has won an order worth around 40 mln eur to supply a kraftliner board machine to China 's Lee & Man Paper Co. .,2,positive,positive,0.9420309066772461,0.9420309066772461,0.014444871805608273,0.04352416470646858
Operating profit was EUR 1.6 mn in 2005 compared to EUR 5.9 mn in 2004 .,0,negative,negative,0.8576666116714478,0.12723492085933685,0.8576666116714478,0.015098494477570057
The intent of the article was to focus attention on the fact that the development model that China had followed was very different than the model that India had followed .,1,neutral,neutral,0.8695433139801025,0.0770808681845665,0.05337576940655708,0.8695433139801025
"Both operating profit and sales for the three-month period increased , respectively from EUR0 .3 m and EUR13 .1 m , as compared to the corresponding period in 2005 .",2,positive,positive,0.9585779905319214,0.9585779905319214,0.021838396787643433,0.01958365924656391
"Koff 's market share of the volume of the market was 23.4 % , Karhu 's 21.4 % .",1,neutral,neutral,0.9442926049232483,0.028651898726820946,0.027055468410253525,0.9442926049232483
"Systeemitiimi 's sales and project resources will also be strengthened , director Paul Skogberg said .",2,positive,positive,0.9574609994888306,0.9574609994888306,0.015584656968712807,0.02695431001484394
"Cablevision Systems Corp. CVC Their Madison Square Garden division owns and operates the New York Knickerbockers basketball team ; they also own the Madison Square Garden Arena , the New York Rangers hockey team , the New York Liberty women 's basketball team , and the Hartford Wolf Pack hockey team .",1,neutral,neutral,0.954538881778717,0.022952860221266747,0.02250821888446808,0.954538881778717
SRV lowered its net sales estimate for the whole of 2008 due to uncertainties in housing sales .,0,negative,negative,0.9710935354232788,0.007805377710610628,0.9710935354232788,0.021101148799061775
"The fixed-term contract of Mr. Jarmo Ukonaho , the current General Manager of Incap 's Indian operations , will finish by the end of the year .",1,neutral,neutral,0.8986685276031494,0.08725244551897049,0.014079040847718716,0.8986685276031494
"As a result , 12 people will be made redundant and a total of 67 persons are laid off temporarily .",0,negative,negative,0.9700643420219421,0.006685937754809856,0.9700643420219421,0.023249763995409012
"By implementing the software the Finnish Army aims to unify and improve its operations in these application areas , QPR Software stated .",2,positive,positive,0.9269748330116272,0.9269748330116272,0.008835049346089363,0.06419014930725098
"Jussi Pesonen , member of the Sampo Board since 2006 , will renounce his seat in Sampo Board .",1,neutral,neutral,0.8276956677436829,0.02004302851855755,0.15226131677627563,0.8276956677436829
Lemcon signed an investment cooperation agreement with the Kaluga regional administration last November .,2,positive,positive,0.9339861869812012,0.9339861869812012,0.012982401065528393,0.05303143709897995
"The guidance has been set at 90 basis points over mid-swaps , the report said .",1,neutral,neutral,0.9177512526512146,0.06424251198768616,0.018006213009357452,0.9177512526512146
An Android app will be coming soon .,1,neutral,neutral,0.8137688636779785,0.17650479078292847,0.00972629152238369,0.8137688636779785
Underground parking facilities will also be built on the basement floor .,1,neutral,neutral,0.8739480376243591,0.11696182936429977,0.009090074338018894,0.8739480376243591
"A total of 1,800,000 stock options were issued in the 2003 stock option scheme .",1,neutral,neutral,0.9467884302139282,0.03267494589090347,0.02053658477962017,0.9467884302139282
"The other seats would go to Edgar Edmonds , an American with experience of the clothing and retail industry , and Christian Fischer , an Austrian with experience in the winter sports goods business .",1,neutral,neutral,0.9198024272918701,0.06020199880003929,0.019995639100670815,0.9198024272918701
"If the employee leaves the company within the duration of the cover , the money invested to ensure commitment is returned to the company .",1,neutral,neutral,0.8674715757369995,0.022378237918019295,0.11015022546052933,0.8674715757369995
Finnish sports equipment company Amer Sports said it has decided to lay off 370 workers from its Salomon division in France .,0,negative,negative,0.9681447148323059,0.007088246289640665,0.9681447148323059,0.024767041206359863
"In addition to the demand in Finland , the export of lining stone products also increased .",2,positive,positive,0.9489381909370422,0.9489381909370422,0.013600769452750683,0.03746098279953003
Net sales increased to EUR193 .3 m from EUR179 .9 m and pretax profit rose by 34.2 % to EUR43 .1 m. ( EUR1 = USD1 .4 ),2,positive,positive,0.9558926224708557,0.9558926224708557,0.02139495499432087,0.02271237038075924
"In April-June 2008 , Scanfil 's net sales totalled EUR 58.7 mn and operating profit EUR 6.6 mn .",1,neutral,neutral,0.908665657043457,0.0660473108291626,0.02528695948421955,0.908665657043457
"In Finland , the Bank of +àland reports its operating profit fell to EUR 6.1 mn in the second quarter of 2008 from EUR 7.5 mn in the second quarter of 2007 .",0,negative,negative,0.9767176508903503,0.007616505492478609,0.9767176508903503,0.015665769577026367
"Uponor made an operating profit of EUR 151.0 mn , up from EUR 143.7 mn , which made 2007 a record year .",2,positive,positive,0.9538570642471313,0.9538570642471313,0.02520301565527916,0.020939916372299194
Kesko www.kesko.fi is a Finnish retail specialist whose stores offer quality to the daily lives of consumers through valued products and services at competitive prices .,1,neutral,neutral,0.7675144672393799,0.22439026832580566,0.008095238357782364,0.7675144672393799
The first phase will be completed by the end of 2012 .,1,neutral,neutral,0.8499413728713989,0.14130744338035583,0.00875116791576147,0.8499413728713989
The total capacity of the factory will be approximately 100 engines a year .,1,neutral,neutral,0.8800711035728455,0.11081133782863617,0.009117595851421356,0.8800711035728455
"That 's what I go to bed worrying about every night , ' he said .",0,negative,negative,0.8420968055725098,0.022883430123329163,0.8420968055725098,0.1350197046995163
"The Daily Graphic newspaper , in October , reported an initiative being embarked upon by the Fidelity Bank to partner Ghana Post , which has offices across the country , to offer financial services to the unbanked and under-banked in the country .",1,neutral,positive,0.8531710505485535,0.8531710505485535,0.008261335082352161,0.13856759667396545
"Country : , Switzerland Sector : Pharmaceuticals Target : Synosia Therapeutics Holding AG Buyer : Biotie Therapies Corp Deal size in USD : 129.4 m Type : Corporate acquisition Financing : All-stock Status : Closed",1,neutral,neutral,0.9418206214904785,0.019313249737024307,0.038866061717271805,0.9418206214904785
Finnish investment group Norvestia Oyj said its net profit fell to 23.5 mln euro $ 30.6 mln in 2006 from 33.5 mln euro $ 43.6 mln in 2005 .,0,negative,negative,0.9758466482162476,0.007222931832075119,0.9758466482162476,0.016930468380451202
"NORDIC BUSINESS REPORT-17 January 2006-Efore Plc inaugurates new plant in Estonia -® 1998-2006 M2 COMMUNICATIONS LTD Finnish power electronics manufacturer Efore Plc said on Tuesday ( 17 January ) that it was inaugurating its new plant in Parnu , Estonia .",1,neutral,neutral,0.8954201936721802,0.09399740397930145,0.01058237999677658,0.8954201936721802
"Sonoco Products Co. , a U.S. packaging company , said Friday it bought the 75 percent of Italy 's Demolli Industria Cartaria SpA it did not already own .",1,neutral,neutral,0.9191684722900391,0.06937036663293839,0.011461146175861359,0.9191684722900391
The contracts comprise turnkey orders for RoRo systems for two RoRo-cruise vessels under construction for Viking Line and Tallink .,1,neutral,neutral,0.5104137063026428,0.4779624342918396,0.011623937636613846,0.5104137063026428
The mill is concentrating on getting the supercalendered line running satisfactorily before restarting its older newsprint line .,1,neutral,neutral,0.8344053030014038,0.14553901553153992,0.020055651664733887,0.8344053030014038
"ABOUT MIDNIGHTTRADER : MidnightTrader is the premier source of extended-hours US equity trading analysis , news and forecasting for the retail and institutional investment community .",1,neutral,neutral,0.9429495334625244,0.04073856398463249,0.016311967745423317,0.9429495334625244
"She will succeed Krister Kylas , who has decided to leave TeliaSonera .",1,neutral,neutral,0.8444449305534363,0.02550698257982731,0.13004811108112335,0.8444449305534363
The employee negotiations are to address measures needed to adjust the operations to the present production situation .,1,neutral,neutral,0.8235639333724976,0.16545584797859192,0.010980270802974701,0.8235639333724976
"Following the transaction , Tulikivi restructured its operations into the Soapstone Fireplaces Business , Natural Stone Product Business and Ceramic Products Business units .",1,neutral,neutral,0.9250622391700745,0.059137068688869476,0.01580069586634636,0.9250622391700745
The total value of the deliveries is some EUR65m .,1,neutral,neutral,0.9324164986610413,0.055901721119880676,0.01168180163949728,0.9324164986610413
"The order comprises four ball mills , which will be organized in two different streams for treating ore in the Pilanesberg platinum mine .",1,neutral,neutral,0.9471690058708191,0.03589203581213951,0.016938908025622368,0.9471690058708191
Approval by shareholders of Cencorp in accordance with Finnish law .,1,neutral,neutral,0.8886594772338867,0.09934283047914505,0.011997697874903679,0.8886594772338867
"The Nokian tyre proves its high safety excellently in the important driving qualities stability with mark 1.4 , handling 1.5 and braking on wet road with 1.9 .",2,positive,positive,0.899621307849884,0.899621307849884,0.009535427205264568,0.09084325283765793
Commencing the construction works of Pearl Plaza is a significant step in our Russian projects .,2,positive,positive,0.6596406698226929,0.6596406698226929,0.009172126650810242,0.33118724822998047
"Net sales by the Sata-Flexo Group came to some EUR4 .3 m in 2007 , and the group companies employed a total of 40 people .",1,neutral,neutral,0.9022263288497925,0.07435353845357895,0.02342013642191887,0.9022263288497925
"2009 3 February 2010 - Finland-based steel maker Rautaruukki Oyj ( HEL : RTRKS ) , or Ruukki , said today it slipped to a larger-than-expected pretax loss of EUR46m in the fourth quarter of 2009 from a year-earlier profit of EUR45m .",0,negative,negative,0.9752867221832275,0.009729975834488869,0.9752867221832275,0.014983324334025383
"Oka specialises in new construction , renovation work of residential and non-residential building as well as premises for industrial and logistical use .",1,neutral,neutral,0.9500736594200134,0.03054986149072647,0.01937643066048622,0.9500736594200134
`` We know there are some of our own people out there . '',1,neutral,neutral,0.8285117149353027,0.12930357456207275,0.04218478873372078,0.8285117149353027
"Sales improved to SEK 1,553 mn , compared with SEK 1,408 mn .",2,positive,positive,0.9552876353263855,0.9552876353263855,0.02985854633152485,0.014853812754154205
Affecto has participated in the program for the development of the Norwegian pension system since 2007 .,1,neutral,neutral,0.8225507736206055,0.1695038080215454,0.007945413701236248,0.8225507736206055
"However , sales returned to growth in April-June 2010 , CEO Pekka Eloholma said .",2,positive,positive,0.9575730562210083,0.9575730562210083,0.022930610924959183,0.019496330991387367
The Estonian parliament was set to vote on amendments to the excise duty law on Wednesday that would add 0.42 kroons to the price of a liter of diesel and 0.45 kroons to the price of a liter of gasoline from the start of 2010 .,1,neutral,neutral,0.7471802830696106,0.22404804825782776,0.02877161279320717,0.7471802830696106
"The Bristol Port Company has sealed a one million pound contract with Cooper Specialised Handling to supply it with four 45-tonne , customised reach stackers from Konecranes .",2,positive,positive,0.9412248134613037,0.9412248134613037,0.018386995419859886,0.04038819670677185
Estonia 's beer market overall grew three percent last year to 130 million liters .,2,positive,positive,0.936440646648407,0.936440646648407,0.010743774473667145,0.05281563103199005
"The poorest index figure was given to Finnish power company Fortum , 4.5 .",0,negative,negative,0.8690217733383179,0.02356620691716671,0.8690217733383179,0.10741201788187027
"Stora Enso 's business in North America has annual capacity of about 3 million tons and employs about 4,350 people .",1,neutral,neutral,0.9361804127693176,0.04740501940250397,0.016414541751146317,0.9361804127693176
Fortum also has a blocking stake in Northwestern TGK-1 .,1,neutral,neutral,0.9464484453201294,0.026461252942681313,0.02709028124809265,0.9464484453201294
"The move is aimed at boosting sales , cost-efficiency and market share in Finland .",2,positive,positive,0.9510120153427124,0.9510120153427124,0.011756272055208683,0.03723170608282089
"The shares shall be repurchased through public trading , for which reason the shares are repurchased otherwise than in proportion to the holdings of the shareholders .",1,neutral,neutral,0.9529665112495422,0.028201784938573837,0.018831733614206314,0.9529665112495422
"They re in a race with Google to get lots of users onto their service as social networking creates new business models , said Martin Garner , a London-based analyst with CCS Insight .",1,neutral,neutral,0.5480788946151733,0.43004873394966125,0.021872438490390778,0.5480788946151733
Poyry has a good track record of major transportation projects in Latin America .,2,positive,positive,0.8289294242858887,0.8289294242858887,0.006590535864233971,0.16448001563549042
"Ahlstrom Corporation Seppo Parvi , CFO Distribution : Main media www.ahlstrom.com Ahlstrom in brief Ahlstrom is a global leader in the development , manufacture and marketing of high performance nonwovens and specialty papers .",1,neutral,neutral,0.78242027759552,0.21101266145706177,0.006567018572241068,0.78242027759552
"Operating profit of Kauppalehti group rose to EUR 1.5 mn from EUR 1.3 mn , and that of Marketplaces to EUR 1.3 mn from EUR 1.0 mn in the third quarter of 2006 .",2,positive,positive,0.9505665302276611,0.9505665302276611,0.027901146560907364,0.02153242938220501
"Finnish Kemira Group 's CEO , Lasse Kurkilahti , says the Group 's structural reorganisation will continue for at least a year .",1,neutral,neutral,0.8807356357574463,0.04588298872113228,0.07338133454322815,0.8807356357574463
"Rinkuskiai 's beer sales fell by 6.5 per cent to 4.16 million litres , while Kauno Alus ' beer sales jumped by 6.9 per cent to 2.48 million litres .",1,neutral,negative,0.9743436574935913,0.009465409442782402,0.9743436574935913,0.01619095914065838
The company plans to spend the proceeds from the rights offering for strengthening its balance sheet .,1,neutral,positive,0.9000205397605896,0.9000205397605896,0.009287637658417225,0.09069181233644485
UPM-Kymmene is working closely with its shipping agents to reduce fuel consumption and greenhouse gas emissions .,2,positive,positive,0.8128201365470886,0.8128201365470886,0.008797913789749146,0.17838186025619507
"Operating profit totaled EUR 6.7 mn , down from EUR 7.2 mn in the corresponding period in 2005 .",0,negative,negative,0.9770232439041138,0.008780864998698235,0.9770232439041138,0.014196033589541912
"These companies own a 20,000 sq. m. office and commercial building and substantial amount of building right for a new shopping center in Liljeholmen , Stockholm .",1,neutral,neutral,0.9096248745918274,0.08069980889558792,0.009675313718616962,0.9096248745918274
"` Patja has worked well for us for more than a decade , and Fujitsu 's new bid was competitive .",1,neutral,positive,0.9147409200668335,0.9147409200668335,0.009006476029753685,0.0762525349855423
Production capacity will increase from 36 000 to 85 000 tonnes per year and the raw material will continue to be recycled paper and board .,2,positive,positive,0.9102771282196045,0.9102771282196045,0.008894678205251694,0.08082825690507889
"The share capital of Basware Corporation is 11,720,829 .",1,neutral,neutral,0.9524142742156982,0.028300816193223,0.01928488165140152,0.9524142742156982
The arrangements do not apply to the group 's units outside Finland .,1,neutral,neutral,0.9533454775810242,0.029770389199256897,0.016884146258234978,0.9533454775810242
"The previously concluded adaptation measures concerning the other personnel are adequate for the time being , Raute said .",2,positive,positive,0.9107961058616638,0.9107961058616638,0.016300788149237633,0.0729030892252922
"Of this , EUR 38.8 mn was net interest income .",1,neutral,neutral,0.9264896512031555,0.031277287751436234,0.042232997715473175,0.9264896512031555
Small investors have voiced fears that the shares will end up with risk investors .,0,negative,negative,0.9490389227867126,0.012101023457944393,0.9490389227867126,0.038860008120536804
The amending of the proposal simplifies the proposed plan and increases the incentive for key employees to stay in the Company .,2,positive,positive,0.5542052388191223,0.5542052388191223,0.05047669634222984,0.39531803131103516
Operating loss amounted to EUR 0.9 mn in the first half of 2006 compared to a profit of EUR 0.5 mn in the first half of 2005 .,0,negative,negative,0.9751418232917786,0.012034005485475063,0.9751418232917786,0.012824091129004955
"Currently it operates a fleet of eight carriers , as well as nine pushers and barges .",1,neutral,neutral,0.9278150796890259,0.06029661372303963,0.011888314969837666,0.9278150796890259
"Via the agreement , Ramirent will expand the range of equipment and services it delivers to Destia , Ramirent Finland 's managing director Kari Aulasmaa , said .",2,positive,positive,0.9270503520965576,0.9270503520965576,0.008072800934314728,0.06487687677145004
"In 2006 , TeliaSonera net sales were SEK 91 bn , EBITDA was SEK 32.266 bn , net income was SEK 19.28 bn .",1,neutral,neutral,0.9424992203712463,0.022050414234399796,0.03545036166906357,0.9424992203712463
"In the third quarter of 2007 , net sales totaled EUR 25.95 mn , and operating profit EUR 3.88 mn .",1,neutral,neutral,0.9028110504150391,0.04930279776453972,0.0478861927986145,0.9028110504150391
"When this information was released on 5 September 2008 , Nokia 's American Depositary shares fell by 8 % .",0,negative,negative,0.9755377173423767,0.007412007078528404,0.9755377173423767,0.01705019176006317
The medium-term operative targets of the company remain unchanged .,1,neutral,neutral,0.8891979455947876,0.09176819771528244,0.01903391256928444,0.8891979455947876
"Finnish Ahlstrom Corporation will double its investments in a new specialty glassfiber reinforcement plant in South Carolina , in the US .",2,positive,positive,0.9247342944145203,0.9247342944145203,0.00992675218731165,0.06533896178007126
"MD Henning Bahr of Stockmann Gruppen praises the trend , since the chains become stronger and their decision-making processes more clear .",2,positive,positive,0.925501823425293,0.925501823425293,0.01452767476439476,0.059970416128635406
E 's building system service had revenue of EUR 355 mln in 2007 .,1,neutral,neutral,0.9283387064933777,0.057340774685144424,0.014320442453026772,0.9283387064933777
"The company designs , manufactures and markets advanced composite products for industrial applications and consumer goods such as cross-country , alpine and Nordic Walking poles , floorball sticks and antenna radomes .",1,neutral,neutral,0.921271562576294,0.06686382740736008,0.011864616535604,0.921271562576294
The Bank is also examining the benefits of transferring the Swedish business to operate as a branch office so that the operations would be governed by Finland 's laws .,1,neutral,neutral,0.7570571303367615,0.2349015772342682,0.0080413231626153,0.7570571303367615
"The payment date is March 25 , 2010 .",1,neutral,neutral,0.9441784024238586,0.021808452904224396,0.034013062715530396,0.9441784024238586
"Outotec said it won new orders worth 492.9 mln eur during the quarter , compared with 240.4 mln eur a year earlier .",2,positive,positive,0.928520917892456,0.928520917892456,0.05337483063340187,0.018104268237948418
"Kesko offers Hilton to open a hotel on Kalinisky prospect in a 18,000-square metres building because of these difficulties .",1,neutral,neutral,0.6959819793701172,0.2944607138633728,0.009557334706187248,0.6959819793701172
"In addition to the Indian market , the new plant will serve Salcomp 's customers globally , the company said .",2,positive,positive,0.7732885479927063,0.7732885479927063,0.0058450899086892605,0.2208663821220398
Niam offer financial investors a high return via investments in funds that in turn invest in all types of properties .,1,neutral,neutral,0.8596192002296448,0.13176240026950836,0.008618313819169998,0.8596192002296448
The Finnish company has also reached arrangements regarding the working hours and annual holidays .,1,neutral,positive,0.7145288586616516,0.7145288586616516,0.03700892627239227,0.24846218526363373
"The third quarter result also includes a 400,000 euro ( $ 575,000 ) provision for down-sizing of lure manufacturing in Ireland .",1,neutral,negative,0.5576630234718323,0.09278573095798492,0.5576630234718323,0.3495512902736664
This amount will not be included in the pensionable salary .,1,neutral,neutral,0.9463809132575989,0.019592858850955963,0.03402625024318695,0.9463809132575989
"As a result , the distribution companies will start to distribute , in addition to their current product offering , Shimano reels , rods and other Shimano fishing tackle products on an exclusive basis .",2,positive,neutral,0.8550082445144653,0.13715821504592896,0.007833573967218399,0.8550082445144653
The company 's previous estimate was for a lower revenue than the year-ago EUR 93.9 million .,0,negative,negative,0.9712603688240051,0.007799623534083366,0.9712603688240051,0.020939970389008522
"Employees are also better prepared to answer calls , since they already have detailed information about the caller before they answer the phone . ''",2,positive,neutral,0.9010565876960754,0.06900498270988464,0.02993844449520111,0.9010565876960754
The current lay-offs are additional to the temporary lay-offs agreed in December 2008 and in May 2009 .,0,negative,negative,0.9473174810409546,0.01224529929459095,0.9473174810409546,0.04043714329600334
"We look forward to take part in the future development of the company , '' says Tomas Billing , President of Nordstjernan .",1,neutral,positive,0.8087893724441528,0.8087893724441528,0.008369356393814087,0.18284136056900024
SWOT analysis is just one method of categorization and has its own weaknesses .,1,neutral,negative,0.6524983048439026,0.020037664100527763,0.6524983048439026,0.3274640142917633
These measures are expected to produce annual cost savings of EUR 1.5 million starting in 2007 .,2,positive,positive,0.9297787547111511,0.9297787547111511,0.010822581127285957,0.059398677200078964
`` Ruukki is now included on DJSI World for the second year running and the European DJSI STOXX for the third year running .,1,neutral,neutral,0.9365571737289429,0.05186181142926216,0.01158103346824646,0.9365571737289429
"The maximum grade of the veneer yield is calculated , based on the dimensions and grades of the veneer products , as well as by iterating the places of the peeling axes and simulating the peeling process .",1,neutral,neutral,0.9472092986106873,0.027789361774921417,0.02500130422413349,0.9472092986106873
"Altogether CapMan employs approximately 150 people in Helsinki , Stockholm , Copenhagen , Oslo , Moscow and Luxembourg .",1,neutral,neutral,0.947261393070221,0.03503086045384407,0.017707698047161102,0.947261393070221
"The composite body is coated with a hard coating layer produced by thermal spraying , and the coating is ground . ''",1,neutral,neutral,0.9464781880378723,0.03544171154499054,0.018080100417137146,0.9464781880378723
`` The purchase of the operations is part of YIT 's strategy to expand its offering of building system services geographically . '',2,positive,positive,0.8287460207939148,0.8287460207939148,0.006411239039152861,0.16484272480010986
- Cash flow from operating activities before investments was EUR 0.8 -1.2 million .,1,neutral,neutral,0.8957014083862305,0.022521648555994034,0.08177698403596878,0.8957014083862305
"Poyry 's contract includes engineering management , civil and detail engineering services , and time scheduling and procurement services .",1,neutral,neutral,0.9468198418617249,0.02627108246088028,0.026909027248620987,0.9468198418617249
"Proving that good cellphone design is truly a work of art , the website for the Nokia 6131 provides a colorful canvas for the expression of mobile-inspired sentiments .",2,positive,neutral,0.7645129561424255,0.22407051920890808,0.011416543275117874,0.7645129561424255
"`` The biggest challenge was to make the piece look raw , '' Hansen said .",1,neutral,neutral,0.8444365859031677,0.11966412514448166,0.03589928522706032,0.8444365859031677
"The Finnish business delegation includes representatives from over 20 companies that include Nokia Corp , Finnfund , Outokumpu Oyj , OKO Bank , Alteams Oy and Cargotec Corp. .",1,neutral,neutral,0.9228554368019104,0.06293429434299469,0.014210290275514126,0.9228554368019104
Nordea Bank Estonia is part of the largest financial group in the Nordic countries .,1,neutral,neutral,0.8963741660118103,0.09479164332151413,0.008834278210997581,0.8963741660118103
The majority of the company 's personnel in Finland is temporarily laid off from one to six weeks in the period from February to June 2009 period .,0,negative,negative,0.9650070071220398,0.006879622582346201,0.9650070071220398,0.02811337634921074
The joint venture is planning a quick timetable for negotiating the lease of the potential wind farm areas and for charting the feasibility of the wind farms .,1,neutral,neutral,0.6021850109100342,0.3890484571456909,0.008766474202275276,0.6021850109100342
Finnlines will announce in week 17 of 2006 what measures it will take to tackle the situation .,1,neutral,neutral,0.630537211894989,0.35256820917129517,0.01689455658197403,0.630537211894989
CF2 Pty Ltd became a substantial holder in Renison Consolidated Mines NL on January 25 with 150 million shares ( 7.9 pc ) .,1,neutral,neutral,0.9397110342979431,0.04731389507651329,0.012975074350833893,0.9397110342979431
Operating profit rose to EUR 1.6 mn from EUR 1.1 mn in the corresponding period in 2006 .,2,positive,positive,0.9512874484062195,0.9512874484062195,0.02716931886970997,0.021543223410844803
"He joins Technopolis from KONE where he has held various positions within the Group , most recently as Director of Service Business and Business Development for KONE s Middle Eastern operations .",1,neutral,neutral,0.9264620542526245,0.05938447639346123,0.01415347121655941,0.9264620542526245
Wellness services will be important in the future .,1,neutral,neutral,0.7606911063194275,0.23065587878227234,0.008653050288558006,0.7606911063194275
"In the beginning of the negotiations , the estimated number of reductions was 50 at the maximum .",1,neutral,neutral,0.6185051798820496,0.05669955536723137,0.32479530572891235,0.6185051798820496
The company 's advantage in pricing can be seen in the significantly lower prices offered by the new unmanned stations .,2,positive,positive,0.9498754143714905,0.9498754143714905,0.01145514938980341,0.03866944462060928
It delivers a different user experience and enables us to widen the market we can address . '',2,positive,positive,0.6415137052536011,0.6415137052536011,0.008263686671853065,0.3502226769924164
UPM-Kymmene said its has ` not indicated any interest in any domestic consolidations ' .,1,neutral,neutral,0.9155955910682678,0.06462307274341583,0.01978132501244545,0.9155955910682678
"Furthermore , sales of new passenger cars and light commercial vehicles in the country declined by 5.4 % year-on-year last month .",0,negative,negative,0.9747927188873291,0.008462032303214073,0.9747927188873291,0.01674523390829563
Customers in a wide range of industries use our stainless steel and services worldwide .,1,neutral,neutral,0.8449736833572388,0.14777912199497223,0.0072472309693694115,0.8449736833572388
The figure does not include food exports from Finland .,1,neutral,neutral,0.9241750240325928,0.02512931264936924,0.05069567263126373,0.9241750240325928
"ADP News - Feb 13 , 2009 - Finnish retailer Kesko Oyj HEL : KESBV said today its total sales , excluding value added tax VAT , stood at EUR 661.3 million USD 853.1 m in January 2009 , down 15.2 % year-on-yea",0,negative,negative,0.976326584815979,0.008575105108320713,0.976326584815979,0.015098354779183865
"`` QPR 8 integrated management system is the fastest , easiest and most efficient way for organizations all around the world to take control of their human-centric business processes .",2,positive,positive,0.7762827277183533,0.7762827277183533,0.007318711373955011,0.21639855206012726
"At the end of last week , Protalix BioTherapeutics Inc ( AMEX : PLX ) published a prospectus for a first offering on AMEX of about 5 % of its share capital .",1,neutral,neutral,0.8929901123046875,0.0965803936123848,0.010429473593831062,0.8929901123046875
"CapMan has four investment areas ( CapMan Buyout , CapMan Technology , CapMan Life Science and CapMan Real Estate ) , and each of them has a dedicated team .",1,neutral,neutral,0.9289354085922241,0.06036940589547157,0.01069522276520729,0.9289354085922241
"As a result of these transactions , the aggregate holdings of Burrill Life Sciences Capital Fund , L.P. has decreased below 5 per cent of the total number of shares and votes of the Company .",0,negative,negative,0.9504798054695129,0.0128057561814785,0.9504798054695129,0.03671439364552498
The investment would be some EUR5m .,1,neutral,neutral,0.9115098714828491,0.07949414849281311,0.008996017277240753,0.9115098714828491
"The E7 smartphone will be available for Rs35 ,000 per handset across India , '' Nokia India vice-president & managing director D Shivakumar told reporters .",1,neutral,positive,0.5676865577697754,0.5676865577697754,0.009179540909826756,0.42313387989997864
"Finnish steel maker Rautaruukki Oyj ( HEL : RTRKS ) , or Ruukki , said today its net loss contracted to EUR 49 million ( USD 68.2 m ) for the first nine months of 2010 from EUR 229 million for the same period a year ago .",2,positive,positive,0.9017928838729858,0.9017928838729858,0.07935508340597153,0.01885213330388069
Finnish food industry companies are interested in the opportunities provided by Ukraine .,1,neutral,positive,0.8085547685623169,0.8085547685623169,0.007883969694375992,0.18356120586395264
"Finnish telecoms software developer Tecnomen Oyj said on December 5 , 2006 it won a $ 3.3 mln ( 2.5 mln euro ) order to supply an expansion of the charging and messaging systems for the mobile and fixed networks of Brasil Telecom .",2,positive,positive,0.9331027865409851,0.9331027865409851,0.010518565773963928,0.05637870356440544
"Finnish drug distributor and wholesaler Oriola-KD Oyj said on October 11 , 2006 it named Anne Kariniemi vice president of its Logistics and Sourcing department as of January 15 , 2007 .",1,neutral,neutral,0.935488224029541,0.034550007432699203,0.029961740598082542,0.935488224029541
"The Finnish investment company Sponda is conducting negotiations to acquire the business center Dukat Palace-2 located in the center of Moscow , from London & Regional Properties .",1,neutral,neutral,0.7197651863098145,0.27184951305389404,0.008385314606130123,0.7197651863098145
All of Raisio 's divisions recorded an operating profit .,2,positive,positive,0.9478479623794556,0.9478479623794556,0.020237257704138756,0.03191473335027695
- The Group -¦ s result before taxes was a loss of EUR 0.6 ( +0.6 ) million .,1,neutral,negative,0.8420172929763794,0.02419007569551468,0.8420172929763794,0.1337926685810089
"Digia will also set up two subsidiaries , Digia Norway AS and Digia USA Inc. .",1,neutral,neutral,0.9303917288780212,0.05863536521792412,0.010972902178764343,0.9303917288780212
The company also said that its board of directors has proposed a profit distribution of EUR0 .92 per share .,1,neutral,neutral,0.8353879451751709,0.15195927023887634,0.012652811594307423,0.8353879451751709
"Many of the commercial vessels had got stuck in the narrow Bay of Bothnia , where the ice is thicker , and around the Aaland islands .",0,negative,negative,0.9547401666641235,0.007990571670234203,0.9547401666641235,0.03726927936077118
"BasWare Invoice Processing , BasWare Contract Matching , BasWare Order Matching and BasWare KPI Reporting Tool are part of the BasWare 's Enterprise Purchase to Pay product suite .",1,neutral,neutral,0.9416488409042358,0.03895989805459976,0.0193912573158741,0.9416488409042358
"The Stena Poseidon is a so-called Panamax tanker , designed to be able to pass through the narrow passages in the Panama Canal 's locks .",1,neutral,neutral,0.8138575553894043,0.17727720737457275,0.008865258656442165,0.8138575553894043
M-real will start statutory employer-employee negotiations at the +ä+ñnekoski board mill that concern about 130 people .,1,neutral,neutral,0.9238013625144958,0.04399612918496132,0.03220249339938164,0.9238013625144958
"Finnish electronics contract manufacturer Scanfil had net sales of EUR 52.2 mn in the first quarter of 2007 , down from EUR 60.1 mn a year before .",0,negative,negative,0.976184606552124,0.009419303387403488,0.976184606552124,0.014396107755601406
Martela is a front runner in providing innovative solutions and customer service Martela designs and supplies interior solutions for working environments and public spaces .,1,neutral,neutral,0.692362368106842,0.3002230226993561,0.007414569612592459,0.692362368106842
"The manager is critical of politicians ' failure to differentiate between beleaguered European financial institutions and Skandinavian banks , `` which sailed through the crisis without issues '' .",1,neutral,negative,0.8723365664482117,0.023880023509263992,0.8723365664482117,0.1037834957242012
The EUR17m contract includes both design and construction works .,1,neutral,neutral,0.8605501651763916,0.12970654666423798,0.009743232280015945,0.8605501651763916
"SINGAPORE ( ICIS ) -- ( 1 ) Kemira and Indian water infrastructure firm ( 2 ) IVRCL have agreed to form a join venture which includes a new inorganic coagulant manufacturing facility in Andhra Pradesh state , India , the Finnish water treatment chemicals maker said on Tuesday .",2,positive,positive,0.9067434072494507,0.9067434072494507,0.012138468213379383,0.08111810684204102
The chain is to unite 45-50 centres by the end of 2008 .,1,neutral,neutral,0.7467677593231201,0.24491111934185028,0.008321156725287437,0.7467677593231201
EBIT margin was up from 1.4 % to 5.1 % .,2,positive,positive,0.9562000036239624,0.9562000036239624,0.01894388534128666,0.02485605701804161
Net profit in the same period in 2006 was 36.6 million euros .,1,neutral,neutral,0.9230679273605347,0.029741378501057625,0.04719068855047226,0.9230679273605347
"LEED is an internationally recognized green building certification system , developed by the U.S. Green Building Council .",1,neutral,neutral,0.6700475215911865,0.32262876629829407,0.007323672529309988,0.6700475215911865
The ground barleycorn has been fully produced in Finland and will be available in stores as of the beginning of 2010 .,1,neutral,neutral,0.684910237789154,0.3072947859764099,0.007794996723532677,0.684910237789154
"Cargotec 's sales totalled EUR 3.4 billion in 2008 and it employs approximately 10,500 people .",1,neutral,neutral,0.9409558176994324,0.04169902205467224,0.01734517514705658,0.9409558176994324
"Operating profit totalled EUR 0.4 mn , up from an operating loss of EUR 0.8 mn year-on-year .",2,positive,positive,0.9556930065155029,0.9556930065155029,0.024041544646024704,0.020265476778149605
"Neste Oil s refineries have a combined crude oil refining capacity of approximately 260,000 barrels a day .",1,neutral,neutral,0.9080274105072021,0.08170795440673828,0.010264638811349869,0.9080274105072021
"YIT CORPORATION SEPT. 24 , 2007 at 13:30 CORPORATE RELEASE STOCK EXCHANGE RELEASE YIT 'S CAPITAL MARKETS DAY IN LONDON , SEPT. 26 , 2007 On Wednesday , September 26 , 2007 , YIT will hold a Capital Markets Day for investors and analysts in London .",1,neutral,neutral,0.9516749382019043,0.024717258289456367,0.02360781468451023,0.9516749382019043
Finnish Bank of +àland will launch its long-term pension savings account at the beginning of June 2010 .,1,neutral,neutral,0.9073595404624939,0.08231604844331741,0.010324369184672832,0.9073595404624939
TeliaSonera has secured deliveries for 4G modems with support for 3G and 2G during the second quarter 2010 .,2,positive,positive,0.9265411496162415,0.9265411496162415,0.009132173843681812,0.06432664394378662
"TietoEnator was down 1.13 pct to 18.38 , extending recent lows after last week 's second-quarter report , dealers said .",0,negative,negative,0.9755253791809082,0.009070947766304016,0.9755253791809082,0.01540359202772379
"Besides , as there is no depositor preference in Finland , senior debt and deposits rank on a par , which is also taken into consideration , the agency added .",1,neutral,neutral,0.9149436950683594,0.06854236125946045,0.016514012590050697,0.9149436950683594
Margin call of Zanadvorov has given the chance to make such purchase under the credit of Deutsche Bank for USD 560 million .,1,neutral,positive,0.5735875368118286,0.5735875368118286,0.008408225141465664,0.4180041551589966
Finnish laboratory liquid handling and diagnostic test systems developer Biohit Oyj OMX Helsinki : BIOBV issued on Tuesday 3 June a profit warning for the financial year 2008 .,0,negative,negative,0.9658401012420654,0.017418842762708664,0.9658401012420654,0.016741061583161354
"Von Koskull will oversee a new unit of Nordea , which brings together corporate merchant banking , financial institutions and capital markets products divisions .",1,neutral,neutral,0.9314311742782593,0.05804082751274109,0.010527998208999634,0.9314311742782593
"Its product portfolio comprises harvesters , forwarders , harvester heads , as well as cranes and loaders .",1,neutral,neutral,0.9476261138916016,0.035996731370687485,0.016377117484807968,0.9476261138916016
Operating loss amounted to EUR 0.7 mn compared to a profit of EUR 0.8 mn in the second quarter of 2005 .,0,negative,negative,0.9762635231018066,0.012507259845733643,0.9762635231018066,0.011229288764297962
YIT says the acquisition is a part of its strategy for expansion in Central and Eastern European markets .,2,positive,neutral,0.49933677911758423,0.49297037720680237,0.007692850660532713,0.49933677911758423
"The second variant offers complete final finishing of any selected apartment with foreign high quality materials ( Finland , Denmark , Germany , France ) .",1,neutral,neutral,0.8981442451477051,0.09292340278625488,0.008932347409427166,0.8981442451477051
"In future , the company intends to look for know-how from outside the company and to cooperate with other actors in the sector .",2,positive,positive,0.7479051947593689,0.7479051947593689,0.006792021449655294,0.24530275166034698
The first charging stations will be made available already in 2008 and a whole network is to be ready in 2010 .,1,neutral,neutral,0.7990348935127258,0.19325993955135345,0.007705186028033495,0.7990348935127258
Also the traditional grapevine carries a lot of weight .,1,neutral,neutral,0.8956457376480103,0.08410391211509705,0.020250357687473297,0.8956457376480103
Technopolis is Europe 's leading operator of technoparks .,2,positive,positive,0.8011848330497742,0.8011848330497742,0.006041644606739283,0.1927734911441803
The Finnish daily Kauppalehti surmises that Finnish supplier Rautaruukki has raised its prices above Aker 's comfort zone .,0,negative,positive,0.9194453358650208,0.9194453358650208,0.06471027433872223,0.01584441401064396
A paper mill in the central Maine town of Madison soon will have a new owner .,1,neutral,neutral,0.9051610231399536,0.085471510887146,0.009367464110255241,0.9051610231399536
"Finnair expands : Finnair plans to add more flights on routes to Hong Kong , India and Russia .",2,positive,positive,0.9439401030540466,0.9439401030540466,0.015895262360572815,0.04016467183828354
"Most recently , he founded Virent Energy Systems , Inc. , an 80 person catalytic biofuels company , where , as president and CEO , he led the company through multiple financings , defined the company 's market strategy , and secured the company 's first customers .",1,neutral,neutral,0.7977234721183777,0.19425924122333527,0.008017252199351788,0.7977234721183777
N-Viro operates processing facilities independently as well as in partnership with municipalities .,1,neutral,neutral,0.9333692789077759,0.056004129350185394,0.01062654610723257,0.9333692789077759
The owners who have participated in the business operations of the company will continue in Poyry 's employment after the transaction .,1,neutral,neutral,0.924493670463562,0.06289010494947433,0.012616178020834923,0.924493670463562
The profit after taxes was EUR 57.7 11.1 million .,1,neutral,neutral,0.9333921670913696,0.035623274743556976,0.030984574928879738,0.9333921670913696
The expanded company will continue to be called NewPage .,1,neutral,neutral,0.9449405074119568,0.04226264730095863,0.012796876020729542,0.9449405074119568
"Nokia will continue to invest in future development of Qt for the benefit of all users , both Commercial and LGPL .",2,positive,positive,0.8147226572036743,0.8147226572036743,0.006570478901267052,0.17870691418647766
"BasWare is headquartered in Espoo , Finland .",1,neutral,neutral,0.9422270655632019,0.03724079579114914,0.020532188937067986,0.9422270655632019
"Net sales totaled EUR 93.6 mn , up from EUR 93.2 mn in the corresponding period in 2005 .",2,positive,positive,0.9533369541168213,0.9533369541168213,0.027120627462863922,0.019542435184121132
"According to its notice , Skandinaviska Enskilda Banken AB publ Helsinki Branch has on 10 August 2009 divested in total 11,958,000 Alma Media shares to Ilkka-Yhtyma Oyj and Kaleva Kustannus Oy , as the conditions of the agreement made by the companies on 1 July 2009 fulfilled .",1,neutral,neutral,0.723447859287262,0.029116380959749222,0.24743573367595673,0.723447859287262
"I use natural fibers to make the clothes more comfortable , to allow your skin to breathe and to be eco-friendly .",2,positive,neutral,0.9015557765960693,0.08539454638957977,0.013049693778157234,0.9015557765960693
"One of the opportunities would be to bring all Baltic meat processing to Rakvere , like processing was concentrated at the Vantaa meat-packing unit in Finland , the paper wrote .",1,neutral,neutral,0.7411826252937317,0.24911199510097504,0.009705381467938423,0.7411826252937317
"`` The implementation of these programs has had , and will have , negative impacts on 2006 and 2007 earnings , '' Mr Meiklejohn said .",0,negative,negative,0.9689764976501465,0.009009125642478466,0.9689764976501465,0.02201436460018158
"The Helsinki-based company , which also owns the Salomon , Atomic and Suunto brands , said net profit rose 15 percent in the three months through Dec. 31 to (  x20ac ) 47 million ( $ 61US million ) , from (  x20ac ) 40.8 million a year earlier .",2,positive,positive,0.9572573304176331,0.9572573304176331,0.021119510754942894,0.021623093634843826
"( ADPnews ) - Feb 3 , 2010 - Finland-based steel maker Rautaruukki Oyj ( HEL : RTRKS ) , or Ruukki , said today it slipped to a larger-than-expected pretax loss of EUR 46 million ( USD 64.5 m ) in the fourth quarter of 2009 from a",0,negative,negative,0.9623467326164246,0.02921975590288639,0.9623467326164246,0.008433414623141289
` Pulp and paper industries are growing in countries like China and Russia .,1,neutral,neutral,0.8150405883789062,0.17452628910541534,0.01043315976858139,0.8150405883789062
"The Lemminkainen Group , headquartered in Helsinki , Finland , operates in all sectors of the construction industry : civil engineering , building contracting , technical building services and the building materials industry .",1,neutral,neutral,0.947976291179657,0.032796476036310196,0.019227255135774612,0.947976291179657
"PGE Belchatow runs the 4.44 GW Belchatow coal-fired power plant , and Fortum has intentions to start a CCS demonstration project jointly with Teollisuuden Voima Oyj ( TVO ) - another Finnish utility - at the their jointly owned 565MW Meri-Pori coal-fired facility .",1,neutral,neutral,0.8409948945045471,0.15109163522720337,0.007913468405604362,0.8409948945045471
"When open next year , it will be the largest facility in the world to produce diesel fuel from renewable feedstock such as palm oil and animal fat .",2,positive,neutral,0.6230974793434143,0.36934196949005127,0.007560597732663155,0.6230974793434143
We are also pleased to welcome the new employees to Tieto . ',1,neutral,positive,0.9174021482467651,0.9174021482467651,0.013627209700644016,0.06897062808275223
The Finnish textiles and clothing company Marimekko Corporation ( OMX Helsinki : MMO1V ) reported on Wednesday ( 5 November ) an operating profit of EUR8 .1 m on net sales of EUR59m for the period from January to September 2008 .,1,neutral,neutral,0.9252582788467407,0.050044070929288864,0.024697599932551384,0.9252582788467407
The acquisition of +àlandsbanken Sverige in 2009 burdened the performance with EUR 3.0 mn .,0,negative,negative,0.9701536297798157,0.010613643564283848,0.9701536297798157,0.019232695922255516
The deal means that ten persons in three countries will transfer to Tieto .,1,neutral,neutral,0.849169909954071,0.1422448456287384,0.008585267700254917,0.849169909954071
The contracts have been signed to acquire uranium produced at the Sotkamo nickel-zinc mine in eastern Finland owned by Talvivaara .,2,positive,positive,0.9022718071937561,0.9022718071937561,0.011584166437387466,0.08614403754472733
"`` After this purchase , Cramo will become the second largest rental services provider in the Latvian market .",2,positive,positive,0.6898254156112671,0.6898254156112671,0.006827034521847963,0.30334755778312683
"Finnish P+Âyry has been awarded an engineering contract by CFR , the national railway company of Romania .",2,positive,positive,0.9476578831672668,0.9476578831672668,0.013202615082263947,0.03913949429988861
"We are glad that our long co-operation with SODRA continues '' , comments Stig-Goran Sandberg , Affecto 's Area Manager for Baltic operations .",2,positive,positive,0.9205127954483032,0.9205127954483032,0.014186631888151169,0.06530062109231949
Coffee will be served starting at 14:30 EET as well as after the event .,1,neutral,neutral,0.948400616645813,0.03132222592830658,0.020277203992009163,0.948400616645813
"According to L+ñnnen Tehtaat 's CEO Matti Karppinen , the company aims to deliver fish products to its customers a day earlier than it currently does .",1,neutral,neutral,0.8371707797050476,0.15010522305965424,0.012724004685878754,0.8371707797050476
Basware Einvoices Oy will be merged into the parent company during the present fiscal period .,1,neutral,neutral,0.9499872922897339,0.01835651509463787,0.03165622055530548,0.9499872922897339
SCANIA Morgan Stanley lifted the share target on Swedish heavy-duty truck and bus maker Scania AB to 330 crowns ( $ 42.4 - 35.2 euro ) from 310 crowns ( $ 39.8 - 33.1 euro ) .,2,positive,positive,0.9478195905685425,0.9478195905685425,0.02647359110414982,0.025706827640533447
4G allows customers to use mobile broadband services with speeds up to ten times higher than with today 's 3G .,2,positive,positive,0.7045081853866577,0.7045081853866577,0.008159981109201908,0.28733184933662415
"By combining its existing solutions into a single platform , Comptel said that it has reduced the cost of deployment .",2,positive,positive,0.9243731498718262,0.9243731498718262,0.010084415785968304,0.06554239988327026
The sale will lead to a pretax capital gain of EUR 22 million for the Finnish company in 2011 .,2,positive,positive,0.8849095702171326,0.8849095702171326,0.008690775372087955,0.10639971494674683
"According to Aktia Asset Management , Finnish analysts ' forecasts for 2009 are still too high .",0,negative,negative,0.9642524719238281,0.010696319863200188,0.9642524719238281,0.025051165372133255
"To ensure low operational cost for radio networks , the BTS modules can be configured , software upgraded and diagnosed remotely .",2,positive,neutral,0.7854082584381104,0.20657502114772797,0.008016765117645264,0.7854082584381104
"According to A-Rehu 's Managing Director , Jouko Lahtinen , the project will stabilise costs and improve supply security .",2,positive,positive,0.9515341520309448,0.9515341520309448,0.013964573852717876,0.034501250833272934
"The offer price is $ 35 million , including cash of $ 10 million as net debt assumption of FACE , and $ 20 million worth of Cencorp shares to be issued to Savcor .",1,neutral,neutral,0.937003493309021,0.05126476660370827,0.01173173263669014,0.937003493309021
"Votorantim Celulose e Papel ( VCP ) is part of the Votorantim Group , a major Brazilian conglomerate .",1,neutral,neutral,0.9119698405265808,0.07803404331207275,0.009996132925152779,0.9119698405265808
"Ponsse plans to create a network that is based on strong partnership , and participates in the production of larger entities than presently .",1,neutral,positive,0.6333286166191101,0.6333286166191101,0.006847209297120571,0.35982418060302734
ABN : 59 087 901 620 now represent 5.10 % of the voting rights and share capital of Citycon Oyj .,1,neutral,neutral,0.9309760332107544,0.058142829686403275,0.010881181806325912,0.9309760332107544
Aspocomp has a large factory in China and a factory building project in India that was halted due to financing problems .,0,negative,negative,0.9386506080627441,0.008539674803614616,0.9386506080627441,0.052809711545705795
"The company 's consolidated operating profit amounted to EUR 15.86 mn , up from EUR 4.14 mn year-on-year .",2,positive,positive,0.9546906352043152,0.9546906352043152,0.023005858063697815,0.022303573787212372
"PA ) , JPMorgan Chase and Co ( NYSE : JPM ) and Pohjoa Bank are joint lead-managers on the senior , unsecured deal .",1,neutral,neutral,0.939164400100708,0.0488760732114315,0.011959480121731758,0.939164400100708
"Operating loss totalled EUR 5.2 mn , compared to a loss of EUR 3.4 mn in the corresponding period in 2008-2009 .",0,negative,negative,0.9755331873893738,0.013759039342403412,0.9755331873893738,0.010707705281674862
"In a letter to Economic Affairs Minister , the listed Estonian shipping company Tallink asks for the approval to be entitled to a 15 % cut in port fees in 2010 .",1,neutral,positive,0.8071001768112183,0.8071001768112183,0.10106398910284042,0.09183581173419952
"Aldata Solution Oyj Thomas Hoyer CFO More information : Aldata Solution Oyj , Thomas Hoyer , CFO , tel. +358 45 670 0491 Aldata in brief Aldata Solution is one of the global leaders in supply chain software for retail , wholesale and logistics companies .",1,neutral,neutral,0.5093601942062378,0.48285478353500366,0.0077851018868386745,0.5093601942062378
"The upgrade is intended to raise the network capacity from 450 MHz to 630 MHz in several cities , enabling bi-directional services for digital television as well as broadband data .",2,positive,positive,0.9294922351837158,0.9294922351837158,0.009920196607708931,0.06058754771947861
Aviation Systems Maintenance is based in Kansas and generated net sales of USD 2.6 million for 2008 .,1,neutral,neutral,0.924803614616394,0.06245597079396248,0.012740411795675755,0.924803614616394
Major Order in India Comptel Corporation has received a significant long-term order for mediation and provisioning solutions being used by a leading operator in India .,2,positive,positive,0.9506736993789673,0.9506736993789673,0.017951611429452896,0.03137468546628952
Construction is expected to be completed in the summer of 2011 .,1,neutral,neutral,0.8722418546676636,0.11688251793384552,0.010875694453716278,0.8722418546676636
Efore 's CEO Reijo Maihaniemi said that the company has developed and already delivered power supply units to respective systems based on this technology to Chinese sector company ZTE Corp SHE : 000063 .,1,neutral,neutral,0.6056226491928101,0.3866799771785736,0.0076973773539066315,0.6056226491928101
"Loss after financial items totalled EUR 9.7 mn , compared to a profit of EUR 1.3 mn in the corresponding period in 2008 .",0,negative,negative,0.8347163796424866,0.15150050818920135,0.8347163796424866,0.013783208094537258
Operating profit rose to EUR 3.11 mn from EUR 1.22 mn in the corresponding period in 2009 .,2,positive,positive,0.9514827728271484,0.9514827728271484,0.026798507198691368,0.021718770265579224
Currently the quarterly applied surcharges differ significantly from the actual market prices .,1,neutral,neutral,0.4883716106414795,0.07542578130960464,0.4362025558948517,0.4883716106414795
Finnish Okmetic that manufactures and processes silicon wafers for the semiconductor and sensor industries and Norwegian solar wafer company NorSun have signed a contract under which Okmetic will supply NorSun mono silicon crystals for use in solar cell manufacturing .,2,positive,positive,0.9348456859588623,0.9348456859588623,0.016855409368872643,0.04829882085323334
"`` After a long , unprofitable period the Food Division posted a profitable result , which speaks of a healthier cost structure and a new approach in business operations , '' Rihko said .",2,positive,positive,0.9540295004844666,0.9540295004844666,0.019867807626724243,0.0261027030646801
"Nevertheless , its market share rose to 49.14 percent from 48.51 percent a year earlier .",2,positive,positive,0.9522169828414917,0.9522169828414917,0.022271087393164635,0.02551192231476307
"As a result of the negotiations , the company will terminate total 5 employment contracts .",0,negative,negative,0.9681298732757568,0.006877696141600609,0.9681298732757568,0.024992361664772034
"`` BasWare 's product sales grew strongly in the financial period , by 24 percent .",2,positive,positive,0.9576294422149658,0.9576294422149658,0.013505987823009491,0.02886461652815342
It said Comptel delivers reliable provisioning and activation solutions which improve fulfilment processes for operators .,1,neutral,positive,0.9246810078620911,0.9246810078620911,0.007522192317992449,0.06779678165912628
"Following the divestment , Fiskars 's Outdoor unit will comprise the brands Gerber , Silva and Buster , and will focus on multi-tools , knives , compasses , mobile lighting , pedometers , and aluminium boats .",1,neutral,neutral,0.9275018572807312,0.06062046065926552,0.011877655982971191,0.9275018572807312
"Neste Oil said it will build a biodiesel production facility in Rotterdam , the Netherlands , at an estimated cost of 670 million euros , naming France-based Technip as the project 's main contractor .",1,neutral,neutral,0.7246786952018738,0.2669569253921509,0.008364340290427208,0.7246786952018738
Net profit in the period in 2009 was ( EURO ) 29 million .,1,neutral,neutral,0.9396604299545288,0.026438172906637192,0.03390134498476982,0.9396604299545288
"The Group brand portfolio includes the leading brand in the industry , Rapala , and other global brands like VMC , Storm , Blue Fox , Luhr Jensen , Williamson , Marttiini and Sufix .",1,neutral,neutral,0.8525134325027466,0.13959252834320068,0.007893961854279041,0.8525134325027466
"As capacity was cut with 1.4 % , the passenger load factor was down 7.8 percentage points .",0,negative,negative,0.974963366985321,0.008772616274654865,0.974963366985321,0.016264047473669052
"The most popular mobile data services are email , surfing the internet , as well as news and weather services .",1,neutral,neutral,0.9368770718574524,0.045909639447927475,0.017213311046361923,0.9368770718574524
"The world 's second largest stainless steel maker said net profit in the three-month period until Dec. 31 surged to euro603 million US$ 781 million , or euro3 .33 US$ 4.31 per share , from euro172 million , or euro0 .94 per share , the previous year .",2,positive,positive,0.9479159712791443,0.9479159712791443,0.03100571036338806,0.02107832208275795
"Sales in local currencies decreased by 0.5 percent while the number of subscribers rose by 12.7 million to a total of 147.6 million at the end of fourth quarter , the company said .",1,neutral,negative,0.9634754657745361,0.013574281707406044,0.9634754657745361,0.022950230166316032
"The company has the poser , who wants to impress people with the latest handset .",1,neutral,neutral,0.9301953911781311,0.052739500999450684,0.0170651413500309,0.9301953911781311
Operating profit rose to EUR 9.2 mn from EUR 6.8 mn in the corresponding period in 2007 .,2,positive,positive,0.9513079524040222,0.9513079524040222,0.026923689991235733,0.021768350154161453
This allows devices such as mobile phones to become a few millimetres thinner .,1,neutral,neutral,0.8246287703514099,0.15684257447719574,0.01852862350642681,0.8246287703514099
"Depending on the market situation , such projects are sold after 1 to 3 years after completion .",1,neutral,neutral,0.9330222606658936,0.016732322052121162,0.050245415419340134,0.9330222606658936
The group 's net sales in 2007 were EUR683 .6 m.,1,neutral,neutral,0.9435385465621948,0.03014487214386463,0.026316601783037186,0.9435385465621948
"Nevertheless , Fitch notes that the business fundamentals of the three banks currently remain sound .",2,positive,positive,0.9458707571029663,0.9458707571029663,0.022262489423155785,0.031866855919361115
"While the company did not indicate the level of investment in the unit , it said that has purchased the equipment of Nokia Corporation 's mobile phone R&D laboratory in Jyvaeskylae .",1,neutral,neutral,0.9205432534217834,0.06961290538311005,0.0098438560962677,0.9205432534217834
"In the second quarter of 2009 , net sales through operator business partners represented 47 % of the Group 's total net sales .",1,neutral,neutral,0.9346232414245605,0.049087271094322205,0.016289550811052322,0.9346232414245605
`` The new unit is a major investment in the Finnish media scene .,1,neutral,neutral,0.5541635751724243,0.43792927265167236,0.007907078601419926,0.5541635751724243
"The Swedish Maritime Administration has closed the Furusund Channel , which Viking Line normally charters en route to Stockholm .",1,neutral,negative,0.9344262480735779,0.009899799712002277,0.9344262480735779,0.05567392706871033
"ALEXANDRIA , Va. , Dec. 22 -- United States Patent no. 7,854,608 , issued on Dec. 21 , was assigned to Outotec Oyj ( Espoo , Finland ) .",1,neutral,neutral,0.9409786462783813,0.043458860367536545,0.015562556684017181,0.9409786462783813
"Ragutis , which is controlled by the Finnish brewery , reported a 5.4-per-cent rise in beer sales to 10.44 million litres and held an 11.09-per-cent market share .",2,positive,positive,0.9484376907348633,0.9484376907348633,0.013682701624929905,0.03787962719798088
"Elisa Corporation will disclose its financial statements for 2006 on Thursday , 8 February 2007 .",1,neutral,neutral,0.9515895247459412,0.017882445827126503,0.03052801825106144,0.9515895247459412
"The core of Solidium 's investment strategy is proper , value enhancing asset management of the current holdings .",2,positive,neutral,0.6635563969612122,0.3292025625705719,0.007241109386086464,0.6635563969612122
"Amer , which bought Salomon from adidas in October , said the job cuts are aimed at boosting competitiveness .",1,neutral,positive,0.8864720463752747,0.8864720463752747,0.05665421113371849,0.05687372386455536
"Meanwhile , Nokia said that it will be able to deliver a complete range of services from deployment operations to consulting and integration to managed services as a result of the buyout .",2,positive,positive,0.8841397166252136,0.8841397166252136,0.0067587741650640965,0.10910150408744812
"KAUKO-TELKO LTD PRESS RELEASE 19.06.2007 AT 14.00 1 ( 1 ) Telko Group ( Kauko-Telko ) is expanding its strategic partnership with BP Industrial Lubricants & Services ( BP ILS ) by acquiring total ownership of BP 's Swedish retail company , Molub-Alloy AB .",2,positive,positive,0.8830608129501343,0.8830608129501343,0.008762480691075325,0.10817667841911316
The opening of the portal is part of the expansion strategy of Alma Media 's Marketplaces business unit .,1,neutral,neutral,0.8104655146598816,0.18230673670768738,0.007227785885334015,0.8104655146598816
Technopolis 's technological centers supply their clients with modern high-class premises .,1,neutral,neutral,0.7521242499351501,0.24089749157428741,0.006978257559239864,0.7521242499351501
"Arvo Vuorenmaa , the Loviisa plant 's general manager said the application for the new licence was a `` standard '' procedure and that he was `` quite confident '' about approval being granted .",2,positive,positive,0.8675944209098816,0.8675944209098816,0.008512068539857864,0.12389346957206726
"From 2003 on , the emphasis of Kyro 's strategy has been on Glaston 's growth .",1,neutral,neutral,0.8516226410865784,0.1391044408082962,0.009272933006286621,0.8516226410865784
"Last July , the group said it intended to relocate warehouse and office space in Loudeac and Saint Marcel to Morvillars , in the east of France , where it already operates a hook manufacturing and distribution unit .",1,neutral,neutral,0.8678887486457825,0.1191551610827446,0.012956136837601662,0.8678887486457825
To raise consumer awareness and encourage people to recycle their old mobile devices Nokia runs regular recycling campaigns around the world .,1,neutral,neutral,0.8457698822021484,0.1413244754076004,0.012905646115541458,0.8457698822021484
"firm 28 October 2009 - Finnish lifting equipment maker Konecranes Oyj HEL : KCR1V said today it acquired US Machine Tool Solutions Unlimited in Cincinnati , Ohio , for an undisclosed sum .",2,positive,neutral,0.9387285709381104,0.044476885348558426,0.01679457537829876,0.9387285709381104
"The negotiation has resulted in the reduction of 80 people in regular employment , around half of which will be covered with pension arrangements .",0,negative,negative,0.939175546169281,0.026467405259609222,0.939175546169281,0.03435702994465828
4 February 2011 - Finnish privacy and security software developer Tectia Oyj ( HEL : TEC1V ) said Wednesday it has set up two strategic business units - managed security and mobile authentication .,1,neutral,neutral,0.6270221471786499,0.36334091424942017,0.00963694415986538,0.6270221471786499
Cargotec will also move Hallberg-Ivarsson 's service and installation business under the same roof with its service center for Kalmar and MacGregor solutions in Gothenburg .,1,neutral,neutral,0.8696901202201843,0.12073716521263123,0.00957276951521635,0.8696901202201843
"`` However , the rapidly increasing costs and the strengthening of the euro were challenging for the whole industry , and they impacted on our results . ''",0,negative,negative,0.9605088829994202,0.009191016666591167,0.9605088829994202,0.030300049111247063
The impact of Cableway to Teleste 's net sales in 2009 is estimated to be EUR 4 million .,1,neutral,neutral,0.9050184488296509,0.07182858139276505,0.023152953013777733,0.9050184488296509
The personnel s expertise and high level of technology play a major role in Exel Composites operations .,1,neutral,neutral,0.5217168927192688,0.47105246782302856,0.007230549585074186,0.5217168927192688
"Net interest income totaled EUR 15.9 mn , compared to EUR 15.6 mn a year earlier .",2,positive,positive,0.6251327991485596,0.6251327991485596,0.3522178828716278,0.022649329155683517
The customer is cooperative retailer Osuuskauppa Suur-Savo .,1,neutral,neutral,0.9422492980957031,0.02427571453154087,0.03347504138946533,0.9422492980957031
The customer is local company Etera Mutual Pension Insurance Co and the principal tenant of the unit will be media company Alma Media Corp HEL : ALN1V .,1,neutral,neutral,0.9516112208366394,0.03345048800110817,0.014938278123736382,0.9516112208366394
Glaston also has efficiency measures in all other units .,1,neutral,positive,0.5695280432701111,0.5695280432701111,0.00811767764389515,0.4223542809486389
"Via the takeover , Panostaja further expands its business area specialising in digital printing , which since previously consists of the subsidiaries Kopijyva Oy and Sokonet Oy .",2,positive,positive,0.8856521844863892,0.8856521844863892,0.006941358093172312,0.10740642994642258
- UPM-Kymmene upgraded to ` in-line ' from ` underperform ' by Goldman Sachs .,2,positive,positive,0.9490261077880859,0.9490261077880859,0.029157832264900208,0.021816080436110497
"These products include Personal Communications products such as mobile phones and their parts , Home Communications products such as set-top boxes and electronics for flat panel TVs as well as Communications Networks products such as base-stations , tower-top amplifiers , and microwave systems .",1,neutral,neutral,0.9416916370391846,0.03739110752940178,0.02091730199754238,0.9416916370391846
Cameco typically prices sales contracts using a 40:60 ratio of fixed prices and spot prices .,1,neutral,neutral,0.9428444504737854,0.02957231178879738,0.02758326567709446,0.9428444504737854
"Strong brand visibility nationally and regionally is of primary importance in home sales , vehicle and consumer advertising .",1,neutral,neutral,0.8150038719177246,0.1773403137922287,0.007655799854546785,0.8150038719177246
"The market share of Volkswagen passenger cars in Finland was 10.1 percent , Audi had a market share of 3.1 percent and Seat 's share was 0.9 percent .",1,neutral,neutral,0.9349315762519836,0.04162979871034622,0.023438669741153717,0.9349315762519836
"For the first nine months of 2010 , Talvivaara 's net loss narrowed to EUR 8.3 million from EUR 21.9 million for the same period of 2009 .",2,positive,positive,0.9371622800827026,0.9371622800827026,0.041330642998218536,0.02150702103972435
"One price category is for calls on the preferred operator 's network , and another for calls on other operators ' networks .",1,neutral,neutral,0.9511740207672119,0.025660129263997078,0.023165905848145485,0.9511740207672119
"Quartal Oy now owns 2,094,063 shares in Satama Interactive Plc , which represents 5,19 per cent of the share capital and voting rights .",1,neutral,neutral,0.9462633728981018,0.04011230170726776,0.01362426858395338,0.9462633728981018
The European Central Bank ECB is anticipated to raise its benchmark interest rate in the second half of 2011 at the earliest .,1,neutral,neutral,0.7865659594535828,0.15547341108322144,0.05796065926551819,0.7865659594535828
The company 's market share is continued to increase further .,2,positive,positive,0.9521722197532654,0.9521722197532654,0.01418276410549879,0.03364492207765579
"`` Overall , we 're pleased with the startup curve ... and we 're pleased with the quality of the paper , '' Stora spokeswoman Patricia Dietz said Tuesday .",2,positive,positive,0.938348650932312,0.938348650932312,0.016699284315109253,0.04495202377438545
Sponda plans to renovate old real estate and develop new property .,1,neutral,neutral,0.8539847731590271,0.1388193666934967,0.0071958135813474655,0.8539847731590271
The fund at fair value will increase correspondingly .,2,positive,positive,0.830772340297699,0.830772340297699,0.00945073738694191,0.15977692604064941
"Operating result showed a loss of EUR 2.9 mn , while a year before , it showed a profit of EUR 0.6 mn .",0,negative,negative,0.9654532670974731,0.02237851731479168,0.9654532670974731,0.012168241664767265
"Furthermore , Bunge will also sign a licensing agreement for the Sunnuntai and Carlshamn Mejeri brands .",2,positive,positive,0.8822627663612366,0.8822627663612366,0.008710335940122604,0.1090269610285759
Finnish food company Raisio Oyj HEL : RAIVV said today it will buy British snacks and confectionery company Big Bear Group plc for an enterprise value of EUR 95.3 million USD 129.9 m .,2,positive,neutral,0.9280374050140381,0.05948129668831825,0.012481278739869595,0.9280374050140381
After that the two companies sat down and sewed up the present deal .,1,neutral,neutral,0.932910680770874,0.038912419229745865,0.028176873922348022,0.932910680770874
Elcoteq 's revenues in 2007 were approximately EUR 120 million .,1,neutral,neutral,0.9452345967292786,0.035100940614938736,0.01966450922191143,0.9452345967292786
"EPS from continuing operations came in at 0.30 eur , up from 0.17 .",2,positive,positive,0.9540409445762634,0.9540409445762634,0.023368587717413902,0.02259049378335476
"To achieve synergy targets related to the acquisition , Vaisala is consolidating its manufacturing , depot and data services , and finance activities currently located in Uniontown , Pennsylvania , St. Louis , Missouri and Durham , North Carolina .",1,neutral,neutral,0.5566287040710449,0.43377235531806946,0.00959897879511118,0.5566287040710449
It 's very difficult to become a Google Analytics channel partner .,1,neutral,neutral,0.8381167054176331,0.04139379411935806,0.12048949301242828,0.8381167054176331
The union filed a grievance over the company 's overtime assignment policies .,0,negative,negative,0.958317220211029,0.011207678355276585,0.958317220211029,0.030475042760372162
The energy shot is packed in a 100-millilitre bag with a screw cap .,1,neutral,neutral,0.9426046013832092,0.037716858088970184,0.01967853121459484,0.9426046013832092
"Changes being announced today will be effective after the close of trading on Friday , June 19 , 2009 .",1,neutral,neutral,0.9453572630882263,0.019671261310577393,0.0349714569747448,0.9453572630882263
"`` We see that the market continues to be tight in magazine papers , and our target is to close the deals by the end of the year . ''",0,negative,negative,0.9564310312271118,0.010013928636908531,0.9564310312271118,0.03355492278933525
"The train is expected to cross the Russian territory in 9 days , reaching the Vostochny port .",1,neutral,neutral,0.6978897452354431,0.28969281911849976,0.012417432852089405,0.6978897452354431
"Previously , Grimaldi held a 46.43 pct stake in the Finnish company following the takeover bid launched in November 2006 .",1,neutral,neutral,0.9446143507957458,0.041275862604379654,0.014109775424003601,0.9446143507957458
"One can even receive on the spot alerts as soon as jobs are posted , putting you at the front of the queue for opportunities .",1,neutral,neutral,0.8863240480422974,0.07180061936378479,0.04187527671456337,0.8863240480422974
BM4 middle layer headbox will be equipped with a dilution control system .,1,neutral,neutral,0.829709529876709,0.16232310235500336,0.00796741433441639,0.829709529876709
"In this case , the effect would be negative in Finland .",0,negative,neutral,0.5723125338554382,0.040873780846595764,0.3868136405944824,0.5723125338554382
Altogether 150 subjects with mildly elevated cholesterol levels participated in the four-month long intervention .,1,neutral,neutral,0.7645639777183533,0.19885961711406708,0.03657640889286995,0.7645639777183533
"The metal has gained 41 percent this year as demand from China , the world 's largest user , increased .",2,positive,positive,0.9510043859481812,0.9510043859481812,0.014883135445415974,0.03411247208714485
The government has instead proposed an exchange of the state 's stake in LMT to TeliaSonera 's stake in Lattelecom .,1,neutral,neutral,0.9325413703918457,0.055886443704366684,0.011572204530239105,0.9325413703918457
"Previously , the company also delivered about 70 % of the steel used in Oasis of the Seas , Allure of the Seas ' sister ship completed last year .",1,neutral,neutral,0.8651096820831299,0.125005841255188,0.009884446859359741,0.8651096820831299
"On 25 August 2009 , Sampo 's stake in Nordea was 19.45 % .",1,neutral,neutral,0.95000159740448,0.02647819183766842,0.023520203307271004,0.95000159740448
"Tikkurila , a division of Kemira group , controls about 23 % of the Russian market in its field and owns St. Petersburg paint producer TEX. .",1,neutral,neutral,0.946387767791748,0.04009392857551575,0.013518319465219975,0.946387767791748
"According to Scanfil , demand for telecommunications network products has fluctuated significantly in the third quarter of 2006 , and the situation is expected to remain unstable for the rest of the year .",0,negative,negative,0.9611817598342896,0.014547985047101974,0.9611817598342896,0.024270279332995415
Finnair believes the strike will cause it daily net losses in excess of EUR 2mn due to canceled reservations and passenger re-routing .,0,negative,negative,0.9735915660858154,0.010120216757059097,0.9735915660858154,0.0162882711738348
The shops are located in the capital region and the Paijat-Hame region .,1,neutral,neutral,0.9452840685844421,0.03198032081127167,0.02273554913699627,0.9452840685844421
The deliveries started in April 2006 and will be completed in 2007 .,1,neutral,neutral,0.8940306305885315,0.09449435025453568,0.01147505920380354,0.8940306305885315
"Indigo and Somoncom serve 377,000 subscribers and had a market share of approximately 27 % as of May 2007 .",1,neutral,neutral,0.9110930562019348,0.0787317082285881,0.010175236500799656,0.9110930562019348
"According to business media reports , Usmanov planned to transfer his MegaFon stake to the state-controlled Svyazinvest , in exchange for a stake in the merged RosTelecom .",1,neutral,neutral,0.9349814653396606,0.05057219788432121,0.014446273446083069,0.9349814653396606
"In addition to verification of an identity and digital signatures , new state-approved Mobile ID enables to cast votes in elections as well .",1,neutral,neutral,0.8636894822120667,0.12692531943321228,0.00938519835472107,0.8636894822120667
"Raute reported a loss per share of EUR0 .86 for the first half of 2009 , against EPS of EUR0 .74 in the corresponding period of 2008 .",0,negative,negative,0.9729645848274231,0.011501738801598549,0.9729645848274231,0.015533649362623692
"In the first half of 2008 , the Bank 's operating profit fell to EUR 11.8 mn from EUR 18.9 mn , while net interest income increased to EUR 20.9 mn from EUR 18.8 mn in the first half of 2007 .",0,negative,negative,0.9656256437301636,0.025459952652454376,0.9656256437301636,0.008914494886994362
"A corresponding increase of 85,432.50 euros in Ahlstrom 's share capital has been entered in the Trade Register today .",1,neutral,neutral,0.6065980195999146,0.38173389434814453,0.011668048799037933,0.6065980195999146
Proline Plus is a mechanical liquid handling device with a robust design suitable for all types of applications .,1,neutral,neutral,0.6813773512840271,0.31193092465400696,0.006691723596304655,0.6813773512840271
Completion of the transaction is subject to a final agreement and a Due Diligence process .,1,neutral,neutral,0.9378769993782043,0.04334307089447975,0.018779989331960678,0.9378769993782043
`` We are pleased to welcome Tapeks Noma into Cramo group .,2,positive,positive,0.8278391361236572,0.8278391361236572,0.008546487428247929,0.1636143922805786
According to an  posted by the World Intellectual Property Organization : `` The present invention relates to hydrocarbons and particularly to the manufacture of hydrocarbon components suitable as aviation fuels or jet fuels and as blending stocks for aviation fuels .,1,neutral,neutral,0.9205145835876465,0.06909935176372528,0.0103860879316926,0.9205145835876465
"Ruukki 's delivery volumes and selling prices showed favourable development and the company 's comparable net sales grew by 50 % year-on-year to EUR647m , CEO Sakari Tamminen said .",2,positive,positive,0.9588744044303894,0.9588744044303894,0.016848327592015266,0.024277307093143463
"The ship cranes , which will be manufactured by MacGREGOR 's partner plants in China , will be delivered between 2008-2010 for vessels ordered by Chinese COSCO , German Peter Dohle and Hong Kong based Cido Shipping .",1,neutral,neutral,0.8313325643539429,0.16077817976474762,0.0078892195597291,0.8313325643539429
"The Russian government will contribute 20 % of the necessary funds , he said .",1,neutral,neutral,0.6777490973472595,0.31257227063179016,0.009678567759692669,0.6777490973472595
Productional situation has now improved .,2,positive,positive,0.958660900592804,0.958660900592804,0.01699766144156456,0.024341460317373276
"Finnish financial solutions developer Basware Corporation ( OMX Helsinki BAS1V ) said on Tuesday ( 23 September ) that it will deliver a complete Invoice Automation solution to a large US engineering , construction and technical services organization .",2,positive,positive,0.7820571660995483,0.7820571660995483,0.006734784692525864,0.21120795607566833
"Operators only need to learn how to use one device for multiple levels of applications , including voice-directed operations .",1,neutral,neutral,0.9396021366119385,0.034713514149188995,0.02568441443145275,0.9396021366119385
Finnish plumbing and heating systems supplier Uponor announced a company-wide cost reduction program in August 2008 .,1,neutral,positive,0.5497459769248962,0.5497459769248962,0.39179685711860657,0.05845719203352928
"Apart from Nordea , also Ergo is competing for the position among the top three pension funds providers in Estonia .",1,neutral,positive,0.8494791984558105,0.8494791984558105,0.007776406593620777,0.14274442195892334
"Operating profit totalled EUR 9.0 mn , down from EUR 9.7 mn in the first half of 2008 .",0,negative,negative,0.9768427610397339,0.009007202461361885,0.9768427610397339,0.014150034636259079
"By acquiring RCP , we can combine our strong knowhow with the expertise of a solid local company .",2,positive,positive,0.8912839889526367,0.8912839889526367,0.007063571829348803,0.10165249556303024
Under the contract Cramo Sverige and its subcontractor Brinkab AB will provide all scaffolding installations at LKAB 's new pellets plant in Kiruna in northern Sweden .,2,positive,positive,0.7262988686561584,0.7262988686561584,0.008318171836435795,0.2653830051422119
"The Lemminkainen Group , headquartered in Helsinki , Finland operates in all sectors of the construction industry : civil engineering , building contracting , technical building services and the building materials industry .",1,neutral,neutral,0.9482161998748779,0.03348975256085396,0.01829403266310692,0.9482161998748779
"Operating profit surged to EUR21m from EUR106 ,000 .",2,positive,positive,0.952981173992157,0.952981173992157,0.025293856859207153,0.02172493189573288
The ongoing project where Tekla Structures is being used is the Vashi Exhibition Centre being developed by Insteel Engineers Pvt Ltd-IIVRCL Infrastructures & Projects Ltd & CIDCO .,1,neutral,neutral,0.9351550340652466,0.05430251359939575,0.010542424395680428,0.9351550340652466
"Through the Nordic Exchange , OMX offers access to approximately 80 percent of the Nordic and Baltic securities market .",1,neutral,neutral,0.8605222105979919,0.13191507756710052,0.0075627220794558525,0.8605222105979919
"The divested company is part of TietoEnator 's business area Government , Manufacturing & Retail .",1,neutral,neutral,0.9508868455886841,0.030321933329105377,0.018791135400533676,0.9508868455886841
The new B shares carry the right to dividend and other shareholder rights with effect from today .,1,neutral,neutral,0.9522421956062317,0.03346771001815796,0.014290111139416695,0.9522421956062317
Solidium picked up Tikkurila shares as a dividend at a book value of EUR15 .80 per share .,1,neutral,neutral,0.8796069025993347,0.10871607810258865,0.01167699322104454,0.8796069025993347
The group said it intends to initiate within this year the process of buyout of minority shareholders of Ragutis with the aim of becoming the sole owner of the company .,1,neutral,neutral,0.8493895530700684,0.14195474982261658,0.00865565799176693,0.8493895530700684
Valga Lihatoostus markets its products under the Maks & Moorits trademark .,1,neutral,neutral,0.9522080421447754,0.02359800413250923,0.024193964898586273,0.9522080421447754
Vacon controls a further 5 % of the company via investment fund Power Fund I. EUR 1.0 = USD 1.397,1,neutral,neutral,0.9308101534843445,0.05932071432471275,0.009869190864264965,0.9308101534843445
"Maximum amount of terminations in Finland is 40 employees , the company added .",1,neutral,negative,0.7036415934562683,0.0213414765894413,0.7036415934562683,0.2750169038772583
"MeeGo `` learns as you use it , '' Fisher said , putting the most important things up top .",1,neutral,neutral,0.9293630123138428,0.04665575921535492,0.023981252685189247,0.9293630123138428
Finlan 's listed food industry company HKScan Group controlled companies in the Baltics improved revenues by EUR 3.5 mn to EUR 160.4 mn in 2010 from EUR 156.9 mn in the year before .,2,positive,positive,0.952104389667511,0.952104389667511,0.030321132391691208,0.01757451705634594
Finnish home decoration and arts and crafts retailer Tiimari Plc ( OMX Helsinki : TII1V ) reported on Monday ( 18 August ) an operating loss of EUR3 .3 m on net sales of EUR33 .9 m for the period January-June 2008 .,1,neutral,negative,0.948840320110321,0.00694619445130229,0.948840320110321,0.04421339929103851
"BAVARIA Industriekapital AG 's 2006 revenues were EUR 333 million , with an EBITDA of EUR 51 million .",1,neutral,neutral,0.9375928044319153,0.043780647218227386,0.01862660050392151,0.9375928044319153
"Selects Third Party Logistics Leader Transplace for Best-in-Class Technology , Procurement Capabilities ; Leading Specialty Packaging Manufacturer Employs Complete 3PL Solution for Supply Chain Visibility and Transportation Efficiency to Increase Service Levels and On-Time Deliveries",2,positive,positive,0.9415299296379089,0.9415299296379089,0.010261796414852142,0.048208221793174744
"`` Every partner will be allowed to buy a quantity of electricity corresponding to their share in the consortium , at production cost , '' a letter of intent said .",1,neutral,neutral,0.9268149733543396,0.06048550084233284,0.01269948948174715,0.9268149733543396
"Stora Enso Oyj , the largest papermaker , in October said it would close four mills .",0,negative,negative,0.9427403211593628,0.007225393783301115,0.9427403211593628,0.050034310668706894
"The repo rate will gradually reach 2 % at the end of 2010 , according to Nordea 's Economic Outlook .",1,neutral,positive,0.5128297805786133,0.5128297805786133,0.012745416723191738,0.4744248390197754
"UPM said the move will lower net profit by  x20ac 385 million US$ 520 million in the second quarter , mainly due to impairment charges .",0,negative,negative,0.9732334017753601,0.01000081654638052,0.9732334017753601,0.01676577888429165
"The venture , which will be 51 % owned by Kemira and 49 % by IVRCL , will operate an inorganic coagulant manufacturing facility , to be built in Vishakapatnam Vizag in the state of Andhra Pradesh and to kick off operations in the second half of 2011 .",1,neutral,neutral,0.8812263011932373,0.11020378023386002,0.008569988422095776,0.8812263011932373
Earnings per share EPS amounted to EUR0 .01 .,1,neutral,neutral,0.9109905958175659,0.06610625982284546,0.022903185337781906,0.9109905958175659
"Citigroup , Inc NYSE : C , Deutsche Bank NYSE : DB and Pohjola Bank are lead managers for the sale .",1,neutral,neutral,0.9534359574317932,0.0310773104429245,0.015486753545701504,0.9534359574317932
"`` Several growth initiatives in the chosen geographic areas are already ongoing , '' it continued , noting Lindex opened its first store in the Czech Republic this autumn in Brno .",2,positive,positive,0.7952314019203186,0.7952314019203186,0.0069393496960401535,0.1978292614221573
"In banking , Sampo A was unchanged at 14.24 eur and Nordea rose 0.42 pct to 9.51 eur .",2,positive,positive,0.771712064743042,0.771712064743042,0.13296204805374146,0.09532596170902252
"Meanwhile , minority shareholders , expecting TeliaSonera to retain the bid , sell shares now .",1,neutral,neutral,0.5719617009162903,0.028032513335347176,0.4000056982040405,0.5719617009162903
"The Board established a Remuneration Committee with following members : - Sari Baldauf Chairman - Tapio Hintikka - Heikki Westerlund In addition , the Board decided to appoint a Nomination Committee at a later stage .",1,neutral,neutral,0.944669246673584,0.03366979956626892,0.021660931408405304,0.944669246673584
The company expects net sales of 65 mln euro ( $ 85.1 mln ) for 2006 .,1,neutral,neutral,0.8168909549713135,0.17342029511928558,0.009688828140497208,0.8168909549713135
"The Apple Inc. iPhone wo n't change the game plan for Verizon Communications Inc. , Chief Executive Ivan Seidenberg said Wednesday .",1,neutral,neutral,0.9021784663200378,0.059622589498758316,0.03819894418120384,0.9021784663200378
"The company reported a profit of 800,000 euro ($ 1.2 mln)on the sale of its Varesvuo Partners sub-group and a loss of 400,000 euro $ 623,000 caused by the sale of its program production subsidiary Oy Filmiteollisuus Fine Ab .",1,neutral,negative,0.9569447040557861,0.011222685687243938,0.9569447040557861,0.03183268383145332
"Estonian telecoms company Elisa 's customer numbers cross 400,000 TALLINN , Oct 22 , BNS - The Estonian telecommunications company Elisa won approximately 50,000 new clients in the nine months of this year , bringing the number to 401,800 by the end of September , the company said .",2,positive,positive,0.940009593963623,0.940009593963623,0.014498705975711346,0.04549165815114975
The current reference grade instruments are challenging to operate due to their high price and complexity for routine use .,0,negative,negative,0.9247866272926331,0.011203404515981674,0.9247866272926331,0.06401009857654572
UPM-Kymmene has generated thirty-one consecutive quarters of positive EBITDA .,2,positive,positive,0.9558680057525635,0.9558680057525635,0.018271613866090775,0.025860335677862167
"At a press conference , Lattelecom board chairman Nils Melngailis explained that Blackstone had been chosen for its experience in the IT sector as well as its financial strength .",2,positive,positive,0.8401907086372375,0.8401907086372375,0.006795789580792189,0.15301348268985748
"There are currently some ten shops selling Tikkurila 's paints in Kazakhstan , and more shops will be opened continuously .",1,neutral,neutral,0.8686912059783936,0.11889947205781937,0.012409331277012825,0.8686912059783936
"Complete name of shareholder : Otto Henrik Bernhard Nyberg For further information , please contact Maija-Liisa Friman , CEO , tel. +358 9 7597 0711 .",1,neutral,neutral,0.9517336487770081,0.029341554269194603,0.01892474852502346,0.9517336487770081
"In a media advisory , the NTSB said that after subsequent testing , `` the train detection system intermittently failed . ''",0,negative,negative,0.8604248762130737,0.030873076990246773,0.8604248762130737,0.10870207101106644
Among the biggest Christmas sellers were a  35 satin bow shift dress styled on outfits worn by Victoria Beckham and a  75 Paris Hilton Prom dress .,1,neutral,neutral,0.866607129573822,0.09440826624631882,0.038984593003988266,0.866607129573822
Most of the layoffs will be in Finland .,0,negative,negative,0.9504462480545044,0.007735176011919975,0.9504462480545044,0.04181859642267227
The terms of the aforementioned funding are considerably below the Bank 's current CDS levels in the market and have a maturity ranging from 1 to 7.5 years .,0,negative,negative,0.9129921793937683,0.011202739551663399,0.9129921793937683,0.07580507546663284
"Exports make up more than 80 per cent of our sales , so the name Glaston also reflects a truly internationally operating company , '' explains Kyro 's President & CEO Mika Seitovirta .",1,neutral,positive,0.6865115761756897,0.6865115761756897,0.007316594012081623,0.30617180466651917
Atria Group is a leading Scandinavian meat products group .,2,positive,neutral,0.7490952014923096,0.24386349320411682,0.0070413099601864815,0.7490952014923096
"Elsewhere , the tendency is towards more developed packaging than before .",1,neutral,neutral,0.8817845582962036,0.09607584774494171,0.02213955856859684,0.8817845582962036
"Russian officials inspected the damage and gave the vessel permission to continue to Tallinn at around 4.30 a.m. The Norwegian-registered M-T Sten Nordic was carrying 11,000 tons of gas oil and was manned by a Filipino crew .",1,neutral,neutral,0.7964427471160889,0.06039898842573166,0.14315827190876007,0.7964427471160889
` Very recommendable ' is the Nokian Z G2 according to the ` ADAC judgement ' in the latest summer tyre test of the German automobile association ADAC .,2,positive,positive,0.8038008809089661,0.8038008809089661,0.009211127646267414,0.18698802590370178
Atria chose the DeLight to attract consumers in the 25-45 age group to its Atria Fresh range of microwaveable meals .,1,neutral,neutral,0.7134953737258911,0.2787887454032898,0.007715923711657524,0.7134953737258911
"Finland 's Nokian Tyres and Kazakhstan 's Ordabasy Corporation signed an agreement to build a plant in Astana to produce car tires , Ordabasy chairman Dinmukhamet Idrisov said at a press conference .",2,positive,positive,0.9247874021530151,0.9247874021530151,0.015177109278738499,0.06003551930189133
"Metsa-Botnia will finance the payment of dividends , the repayment of capital and the repurchase of its own shares with the funds deriving from its divestment of the Uruguay operations , and shares in Pohjolan Voima , and by utilising its existing financing facilities .",1,neutral,neutral,0.7403359413146973,0.2514742314815521,0.008189845830202103,0.7403359413146973
The technology park will be built near St. Petersburg-based Pulkovo airport .,1,neutral,neutral,0.8572603464126587,0.13496653735637665,0.007773085031658411,0.8572603464126587
"Finnish soapstone processing and fireplaces maker Tulikivi Oyj said on February 26 , 2007 it would cut less than 20 jobs from its fireplace sales organization , production facilities and its subsidiary Kermansavi Oy .",0,negative,negative,0.9705573916435242,0.0075476402416825294,0.9705573916435242,0.021894991397857666
The number of magazine and newspaper readers remained unchanged .,1,neutral,neutral,0.7812792062759399,0.0471232645213604,0.17159751057624817,0.7812792062759399
"Blyk is launching first in the UK market in mid-2007 , with other markets to follow .",1,neutral,neutral,0.7695246338844299,0.22260542213916779,0.007869980297982693,0.7695246338844299
"`` Nokia 's Calling All Innovators Africa competition has been specifically launched to enable developers to create locally relevant , best-of-breed mobile applications . ''",2,positive,positive,0.8448612689971924,0.8448612689971924,0.007101904135197401,0.14803677797317505
The company said that sales in the three months to the end of March slid to EUR86 .4 m US$ 113.4 m from EUR91 .2 m last year .,0,negative,negative,0.9752587080001831,0.009223521687090397,0.9752587080001831,0.015517806634306908
"In the next few years , the ICT sector 's share of electricity consumption will be raised by the increase in the popularity of smartphones .",1,neutral,positive,0.8457826972007751,0.8457826972007751,0.006886224262416363,0.14733104407787323
"Also , it is bringing in `` the right kind of people '' to upgrade its human resources .",2,positive,positive,0.9033937454223633,0.9033937454223633,0.007639202754944563,0.08896705508232117
"According to Soosalu , particular attention was paid to residents privacy and security in the design of the Aleksandri Street building .",1,neutral,neutral,0.8326605558395386,0.15322154760360718,0.01411785650998354,0.8326605558395386
"In Sweden , there is an oversupply of pharmacies .",0,negative,negative,0.9486680626869202,0.011464201845228672,0.9486680626869202,0.03986776992678642
Net sales in 2007 are expected to be 10 % up on 2006 .,2,positive,positive,0.9567500948905945,0.9567500948905945,0.017512354999780655,0.025737518444657326
"Unbelievably , the company that makes them - Fiskars Corporation - was formed in 1649 when a Dutch merchant named Peter Thorwoste was given a charter to establish a blast furnace and forging operation in the small Finnish village of Fiskars .",1,neutral,neutral,0.8354027271270752,0.15270069241523743,0.011896616779267788,0.8354027271270752
"The total value of the project is estimated to be over 3.0 mln euro $ 4.4 mln , of which the services will be over 2.0 mln euro $ 2.9 mln and third-party licences more than 1.0 mln euro $ 1.5 mln .",1,neutral,neutral,0.9335436820983887,0.05490153282880783,0.011554745957255363,0.9335436820983887
"Affecto will provide a new EFI Data Warehouse and reporting solution , behavioural scoring system supporting operational decision processes and Data Migration from old legacy systems to the new EFI system .",1,neutral,neutral,0.7687091827392578,0.2243364304304123,0.006954367738217115,0.7687091827392578
"Ethanol would be made from barley , and production could start in 2008 .",1,neutral,neutral,0.8978659510612488,0.09247336536645889,0.009660707786679268,0.8978659510612488
And U.S. energy executives say high steel prices are threatening energy exploration .,0,negative,negative,0.9528493881225586,0.01033995021134615,0.9528493881225586,0.036810629069805145
"MegaFon 's subscriber base increased 16.1 % in 2009 to 50.5 million users as of December 31 , while its market share by the number of customers amounted to 24 % as of late 2009 , up from 23 % as of late 2008 , according to TeliaSonera estimates .",2,positive,positive,0.9560876488685608,0.9560876488685608,0.017059454694390297,0.02685280703008175
Operating profit excluding non-recurring items totaled EUR 5.4 mn compared to EUR 5.5 mn in the corresponding period in 2007 .,0,negative,negative,0.7235023975372314,0.2598839998245239,0.7235023975372314,0.016613652929663658
It is expected to be online by 2011 .,1,neutral,neutral,0.9163934588432312,0.07425093650817871,0.009355640038847923,0.9163934588432312
Finnish Raute Precision that supplies weighing and dosing systems and plants is changing its name to Lahti Precision .,1,neutral,neutral,0.938141942024231,0.03832210972905159,0.02353593520820141,0.938141942024231
They are also upset that some of the machinery and work is taken over to Poland .,0,negative,negative,0.9590586423873901,0.007514990866184235,0.9590586423873901,0.0334264375269413
The new factory working model and reorganisations would decrease Nokian Tyres ' costs in the factory by EUR 30 million ( USD 38.7 m ) .,2,positive,positive,0.95257967710495,0.95257967710495,0.02256261743605137,0.02485775016248226
"Finland-based companies , L+ñnnen Tehtaat and Raisio , have decided to dissolve the joint venture company ZAO Scandic Feed , which was established to start local animal feed business and feed production in northwest Russia .",1,neutral,neutral,0.7745798826217651,0.023529721423983574,0.20189042389392853,0.7745798826217651
We look forward to helping the company develop its operational services and further digitalize its services for its customers . '',2,positive,positive,0.8537110090255737,0.8537110090255737,0.007440861314535141,0.13884814083576202
- Profit before taxes was EUR 105.9 82.7 million .,1,neutral,neutral,0.9256082773208618,0.024050960317254066,0.050340790301561356,0.9256082773208618
"The study is expected to provide proof of pharmacodynamic activity in humans , corroborate the safety profile and establish dose ranges for further therapeutic studies .",1,neutral,neutral,0.5542274117469788,0.4380525052547455,0.007720028981566429,0.5542274117469788
"In future , the plant will focus on the production of flange profiles for wind farm towers .",1,neutral,neutral,0.8492128849029541,0.14280357956886292,0.007983587682247162,0.8492128849029541
"According to Honka Japan 's Managing Director Marko Saarelainen , Honkarakenne exports about 200 ready made log houses to Japan a year .",1,neutral,neutral,0.9210454225540161,0.06156088411808014,0.017393723130226135,0.9210454225540161
Niklas Skogster has been employed by the ABB Group in various positions concerning the development of operations .,1,neutral,neutral,0.9492559432983398,0.03165915235877037,0.019084883853793144,0.9492559432983398
"Most of the raw materials come from Europe and the US and are paid in euros or US dollars , while sales take place in rubles .",1,neutral,neutral,0.9532855749130249,0.029216598719358444,0.017497774213552475,0.9532855749130249
"Last month , Outokumpu sold more than 80 percent of its technology unit , Outokumpu Technology Oyj , to further its strategic goal of becoming the world 's largest stainless steel maker .",2,positive,positive,0.8016563057899475,0.8016563057899475,0.007535751909017563,0.19080792367458344
"Headline of release dated March 26 , 2008 should read : Acacia Subsidiary Enters into Settlement Agreement for Rule Based Monitoring Technology with F-Secure ( sted Acacia Technologies Licenses Rule Based Monitoring Technology to F-Secure ) .",1,neutral,positive,0.9108646512031555,0.9108646512031555,0.017051009461283684,0.07208439707756042
"Budapest , August 10 MTI - Finnish electronics maker Elcoteq will lay off 700 workers at its plants in Pecs S Hungary at the end of September because of falling orders , communications director for Elcoteq 's local unit , Zoltan Krippl told MTI on Monday .",0,negative,negative,0.9711790680885315,0.006722587626427412,0.9711790680885315,0.022098293527960777
Registration is required .,1,neutral,neutral,0.9404745697975159,0.020011363551020622,0.03951409086585045,0.9404745697975159
"Utah 's capital wanted to be the next U.S. headquarters of Amer Sports Corp. , a ski-equipment company .",1,neutral,neutral,0.8911044597625732,0.09781929105520248,0.011076184920966625,0.8911044597625732
"The company still expects its turnover in 2010 to slightly increase from the level of 2009 , adding that `` market predictability is still too poor for trustworthy forecasts on the market development of the contract manufacturing business during the current year '' .",2,positive,positive,0.9504197239875793,0.9504197239875793,0.029151039198040962,0.02042929269373417
"The important thing now is to keep the bank 's existing 15,000 customers .",1,neutral,neutral,0.710528552532196,0.2793591618537903,0.010112264193594456,0.710528552532196
"The machine will have an annual production capacity of 200,000 tonnes of super-calendered magazine paper and other paper grades based on recovered fiber , Stora Enso said .",1,neutral,neutral,0.7534871101379395,0.23889999091625214,0.007612867746502161,0.7534871101379395
Metsa-Botnia will sell 82.1 % of its stake in the Uruguayan companies and Metsaliitto -- 5.5 % .,1,neutral,neutral,0.950463056564331,0.03528394550085068,0.014253084547817707,0.950463056564331
"YIT acquired investment rights to a 10,000 square metre residential project in Yaroslavl and to a 16,400 square metre project in Moscow .",1,neutral,neutral,0.7804966568946838,0.21164333820343018,0.007860025390982628,0.7804966568946838
18:30 Dinner The conference program can also be viewed as a live audio webcast through the internet pages at www.citycon.com .,1,neutral,neutral,0.9512389302253723,0.029643332585692406,0.019117748364806175,0.9512389302253723
"Via the move , the company aims annual savings of some EUR 3 million USD 4.3 m , the main part of which are expected to be realized this year .",2,positive,positive,0.9385279417037964,0.9385279417037964,0.012704253196716309,0.04876786097884178
Exel is headquartered in Mantyharju in Finland .,1,neutral,neutral,0.9461659789085388,0.026747969910502434,0.02708607167005539,0.9461659789085388
"The Samsung Mobile Applications Store was launched in January 2009 by Samsung Mobile Innovator , a program which enables mobile software developers to create applications for use across Samsung mobile devices .",1,neutral,neutral,0.8228142857551575,0.16877150535583496,0.008414250798523426,0.8228142857551575
"Of the company 's net sales , 38 % was acquired in Finland , 21 % in other European countries , 40 % in Asia , and 1 % in the US .",1,neutral,neutral,0.9407991170883179,0.045613162219524384,0.013587727211415768,0.9407991170883179
"Motorola accounted for 11.5 percent of the South Korean handset market as of the end of April , Samsung held 55 percent and LG Electronics 19 percent , according to Korea-based ATLAS Research Group .",1,neutral,neutral,0.9503334760665894,0.0264283400028944,0.02323813922703266,0.9503334760665894
Fortum is now considering taking part in nuclear energy projects outside of Finland .,1,neutral,neutral,0.9216234087944031,0.06838274002075195,0.009993799962103367,0.9216234087944031
Finnish construction company YIT HEL : YTY1V said it had agreed to take over German facility engineering and facility systems firm Caverion for EUR73m USD90 .3 m .,1,neutral,neutral,0.5008060932159424,0.4884069263935089,0.01078695897012949,0.5008060932159424
F-Secure also point out the logical weakness in the sequenced numbers of a card approach that has apparently already been utilised .,0,negative,negative,0.9634276628494263,0.012437793426215649,0.9634276628494263,0.024134643375873566
"Finnish Food Workers ' Union SEL plans to hasten its collective bargaining with a two-day strike that would begin on 7 April 2010 , in Finland .",0,negative,negative,0.9327751398086548,0.014305450022220612,0.9327751398086548,0.052919454872608185
"The report profiles 614 companies including many key and niche players worldwide such as Black & Decker Corporation , Fiskars Corporation , Fiskars Brands , Inc. , Husqvarna Outdoor Products Inc. , K+S Group , Ryobi Technologies , Inc. , The Scotts Miracle-Gro Company , and Van Group , Inc. .",1,neutral,neutral,0.9240403175354004,0.0620061531662941,0.013953549787402153,0.9240403175354004
The EA Reng group posted sales of approximately 84 million kroons for 2007 .,1,neutral,neutral,0.8729564547538757,0.11679278314113617,0.010250701569020748,0.8729564547538757
"Operating loss totalled EUR 12.7 mn , compared to a profit of EUR 17.7 mn in the first half of 2008 .",0,negative,negative,0.9767246842384338,0.01388732623308897,0.9767246842384338,0.009388062171638012
This corrensponds to 4.628 percent of Okmetic 's share capital and voting rights .,1,neutral,neutral,0.8911077976226807,0.09924685209989548,0.00964539498090744,0.8911077976226807
The company will enhance the GPRS capability in the existing 12 IDEA telecom service areas and add 10 more service areas to its network .,2,positive,positive,0.9321449398994446,0.9321449398994446,0.008821449242532253,0.059033673256635666
The reduction notice applied to 17 people .,0,negative,negative,0.8980047106742859,0.012685434892773628,0.8980047106742859,0.08930981159210205
One of my colleagues summed up the E7 quite aptly when he remarked : `` Fantastic hardware .,2,positive,positive,0.8130601048469543,0.8130601048469543,0.021175680682063103,0.16576428711414337
"Neste Oil said that while results from its biomass to 3 liquids demonstration plant , commissioned in June 2009 , have been promising , no decision on a commercial plant has been taken .",1,neutral,neutral,0.8593552112579346,0.12243607640266418,0.018208753317594528,0.8593552112579346
The total value of the deal is USD 29mn .,1,neutral,neutral,0.9480366110801697,0.03837263956665993,0.013590723276138306,0.9480366110801697
The other deal is for process cranes to the Russian steel mill PNTZ in Pervorouralsky through an order placed by Turkish construction company Gama Endustri Tesisleri Imalat ve Montaj AS .,1,neutral,neutral,0.5879948735237122,0.4034275710582733,0.00857753586024046,0.5879948735237122
"Arto Ryymin , born 1964 , will replace Juhani Kaisanlahti who has worked as acting EVP , Healthcare & Welfare since August 2007 .",1,neutral,neutral,0.8307619690895081,0.026273109018802643,0.1429649144411087,0.8307619690895081
"Veidekke , headquartered in Oslo , Norway , is a Scandinavian construction and property development group with some 6,350 employees in Norway , Sweden and Denmark , with an annual turnover of NOK16 .4 bn .",1,neutral,neutral,0.9423171281814575,0.035224854946136475,0.022458046674728394,0.9423171281814575
Currently Alfred A Palmberg is putting the finishing touches to one of Finland 's biggest ever re-plumbing and bathroom refurbishment projects also in the district of Vuosaari .,1,neutral,neutral,0.6349284648895264,0.35333648324012756,0.011735080741345882,0.6349284648895264
"In a recent interview with the Financial Times ( FT ) , Sampo 's board chairman Bjorn Wahlroos said If P&C was certainly for sale and the price had been set at SEK 85 billion , confirming earlier statements .",1,neutral,neutral,0.90496826171875,0.08015941828489304,0.014872257597744465,0.90496826171875
The shares carry a right to dividend and other shareholder rights as from their registration with the Finnish Trade Register .,1,neutral,neutral,0.9530555605888367,0.030079742893576622,0.016864700242877007,0.9530555605888367
"Operating profit fell to EUR 35.4 mn from EUR 68.8 mn in 2007 , including vessel sales gain of EUR 12.3 mn .",0,negative,negative,0.9767235517501831,0.008484678342938423,0.9767235517501831,0.014791736379265785
25 November 2010 - Finnish paints and coatings company Tikkurila Oyj ( HEL : TIK1V ) said today that Finnish state-owned investment company Solidium Oy sold its 14.7 % stake in the company for a total of EUR98m .,1,neutral,neutral,0.943337082862854,0.03461843356490135,0.0220444668084383,0.943337082862854
"The company 's profit before taxes fell to EUR 21.1 mn in the third quarter of 2008 , compared to EUR 35.8 mn in the corresponding period in 2007 .",0,negative,negative,0.9764232039451599,0.007062087766826153,0.9764232039451599,0.01651466079056263
Finnlines estimated in its annual general meeting that 2008 will be financially a tough year due to large investments .,0,negative,negative,0.9690293669700623,0.011891327798366547,0.9690293669700623,0.019079267978668213
Autotank Group is part of Aspo 's Systems Division .,1,neutral,neutral,0.9530380964279175,0.030145548284053802,0.016816386952996254,0.9530380964279175
"After buying Eukor Car Carriers 50 percent stake , Grimaldi Group is now the sole owner of the Swedish roll-on , roll-off port of Wallhamn .",1,neutral,neutral,0.9062697887420654,0.08362562954425812,0.010104621760547161,0.9062697887420654
The company moved to an operating profit of EUR10 .9 m versus an operating loss of EUR15 .3 m. It also turned to EPS of EUR0 .08 versus loss per share of EUR0 .04 .,2,positive,positive,0.939152717590332,0.939152717590332,0.025471581146121025,0.03537571057677269
"In addition to Russia , we now seek additional growth in Ukraine .",2,positive,positive,0.8752685785293579,0.8752685785293579,0.007293160073459148,0.11743824928998947
"Pearl Plaza LLC , the joint venture of SRV and Shanghai Industrial Investment Holdings Co Ltd , has concluded the investment decision on construction of the first phase of the shopping center in Saint Petersburg , Russia .",2,positive,positive,0.6592478156089783,0.6592478156089783,0.012715151533484459,0.3280370831489563
Device volume in the area decreased by 21 % to 2.7 mn units .,0,negative,negative,0.9748527407646179,0.009338196367025375,0.9748527407646179,0.0158090703189373
"The contract incorporates a Convergent Charging rating solution for voice and data , which includes Internet , GPRS , SMS , MMS and WAP .",1,neutral,neutral,0.7587011456489563,0.23468725383281708,0.006611632648855448,0.7587011456489563
"BAWAG - Is to issue a benchmark , covered deal .",1,neutral,neutral,0.820451021194458,0.17190533876419067,0.007643608376383781,0.820451021194458
7 March 2011 - Finnish IT company Digia Oyj HEL : DIG1V announced today an agreement with mobile-phone major Nokia Oyj HEL : NOK1V to acquire the commercial licensing and service business related to Nokia 's Qt technology .,2,positive,positive,0.7365792989730835,0.7365792989730835,0.008758033625781536,0.2546626031398773
"Key reasons to read this report : - Report contains only relevant information , leaving out excessive data .",1,neutral,neutral,0.8679506182670593,0.019480237737298012,0.11256919056177139,0.8679506182670593
"In the spring 2006 , a total of 386,530 Stock Options 2002 B were annulled .",1,neutral,negative,0.7052043080329895,0.015117851085960865,0.7052043080329895,0.2796779274940491
"According to the company , staff will be laid off temporarily when necessary .",0,negative,negative,0.9643260836601257,0.006548670586198568,0.9643260836601257,0.029125289991497993
"The sale , which will result in a gain of some EUR 60 million in the second quarter of 2010 for Oriola-KD , supports the Finnish company 's strategy to focus on pharmaceutical wholesale and retail operations .",2,positive,positive,0.8963500261306763,0.8963500261306763,0.006710534915328026,0.09693945944309235
`` We have the most expensive water brand in Finland at the moment . '',1,neutral,neutral,0.6259942054748535,0.20807677507400513,0.16592901945114136,0.6259942054748535
Elcoteq has a global network of After Market Service sites which have a long experience in serving Consumer Electronics and Systems Solutions customers .,1,neutral,neutral,0.7371384501457214,0.2567092478275299,0.006152335088700056,0.7371384501457214
"Nokia controls more than 50 percent of phone sales in India and Africa , and has a strong prosition on most other emerging markets .",2,positive,positive,0.7333572506904602,0.7333572506904602,0.007315326947718859,0.25932741165161133
Peer Peugeot fell 0.81 pct as its sales rose only 6.3 pct from the same period last year .,0,negative,negative,0.9749909043312073,0.008439230732619762,0.9749909043312073,0.016569944098591805
"Kiosk and cinema operations have suffered , in particular .",0,negative,negative,0.97111976146698,0.009545693174004555,0.97111976146698,0.019334614276885986
"The companies will divest to UPM Fray Bentos pulp mill and Forestal Oriental , a company specialising in eucalyptus cultivation .",1,neutral,neutral,0.9500279426574707,0.022659335285425186,0.027312766760587692,0.9500279426574707
Efore has decided to establish a company for eletric vehicle ( EV ) business in China .,1,neutral,neutral,0.7797231078147888,0.21354641020298004,0.006730526685714722,0.7797231078147888
The contract was signed in August with Papua New Guinea-based Lihir Gold Ltd ASX : LGL .,2,positive,positive,0.7349599599838257,0.7349599599838257,0.008090614341199398,0.25694936513900757
The agreement must be approved by the Russian competition authorities before it enters into force .,1,neutral,neutral,0.8313325643539429,0.1587202399969101,0.009947209618985653,0.8313325643539429
Temporary layoffs in these units have already started .,1,neutral,negative,0.9709246158599854,0.007071458734571934,0.9709246158599854,0.02200392819941044
OP-Pohjola Group 's capital adequacy ratio under the Act on Credit Institutions stood at 12.1 % and Tier 1 ratio at 12.1 % .,1,neutral,neutral,0.929954469203949,0.03673573210835457,0.03330971673130989,0.929954469203949
It is a solid credit that has been compared to a DZ Bank or a Rabobank .,2,positive,positive,0.846035361289978,0.846035361289978,0.006883211899548769,0.14708146452903748
Ahlstrom 's share is quoted on the NASDAQ OMX Helsinki .,1,neutral,neutral,0.947688639163971,0.019922031089663506,0.03238930180668831,0.947688639163971
"The figure includes the change in the fair value of the property portfolio , EUR 26.2 million .",1,neutral,neutral,0.9131999611854553,0.04174749180674553,0.04505259171128273,0.9131999611854553
"The company , employing 6,400 , reported net sales of 620 mln euro $ 823.2 mln for 2006 .",1,neutral,neutral,0.9225901961326599,0.06022591516375542,0.017183881253004074,0.9225901961326599
"The divestment is in line with the company 's plans to focus on selected growth segments and streamline corporate structure , the company explained .",2,positive,positive,0.7854835987091064,0.7854835987091064,0.008503800258040428,0.2060125768184662
The value of the orders is over EUR 25mn .,1,neutral,neutral,0.913851261138916,0.07502848654985428,0.011120300740003586,0.913851261138916
The recent troubles simply make NETeller cheaper .,0,negative,negative,0.5421667695045471,0.03873702511191368,0.5421667695045471,0.4190962016582489
The company pledged that the new software would render e-mails and other documents much as they appear on desktop computers .,1,neutral,neutral,0.8655226826667786,0.12391592562198639,0.010561327449977398,0.8655226826667786
"Byline : Tim Moran Cellular phone giant Nokia Corp. is offering $ 8.1 billion for digital map supplier NAVTEQ Corp. , of Chicago .",1,neutral,neutral,0.7981272339820862,0.19193533062934875,0.00993738230317831,0.7981272339820862
"The newly-completed Allure of the Seas and its identical sister ship , Oasis of the Seas , which was completed last year are the world 's largest cruise ships .",1,neutral,neutral,0.6844797134399414,0.3068092465400696,0.008711067028343678,0.6844797134399414
The electricity requirement of networks will grow with the new mobile generation .,1,neutral,positive,0.8857735991477966,0.8857735991477966,0.00686697056517005,0.10735946893692017
The company 's board of directors would propose a dividend of EUR1 .00 per share for 2005 .,1,neutral,neutral,0.9334877133369446,0.05155803635716438,0.014954280108213425,0.9334877133369446
The contract involves refurbishing the bathrooms of 189 units as well as re-plumbing their water and sewer pipes .,1,neutral,neutral,0.7419275045394897,0.24764478206634521,0.010427655652165413,0.7419275045394897
com and possibly also through photo-msn .,1,neutral,neutral,0.9469501376152039,0.032679539173841476,0.020370280370116234,0.9469501376152039
Stockmann MasterCard has widened the scope of this cooperation to Estonia and Latvia .,2,positive,positive,0.869051992893219,0.869051992893219,0.007887940853834152,0.12306009232997894
"Before Kemira 's installation NordAlu was producing 3,500 tons of liquid and solid aluminum waste per year .",1,neutral,neutral,0.9260624647140503,0.02999880164861679,0.04393879324197769,0.9260624647140503
"Before FKI , John Jiang has worked in several general manager or senior business consultant positions for international companies in China .",1,neutral,neutral,0.9401483535766602,0.039763811975717545,0.02008781209588051,0.9401483535766602
"Satama 's net profit for the third quarter of 2007 rose to 275,000 euro ( $ 395,000 ) from 270,000 euro ( $ 388,000 ) for the same period of 2006 .",2,positive,positive,0.9527982473373413,0.9527982473373413,0.026514509692788124,0.020687242969870567
"Helsinki on October 22 , 2008 SSH COMMUNICATIONS SECURITY CORP Board of Directors For further information , please contact : Tomi Laamanen , Chairman , tel. +358 0 400 609 544 Distribution : NASDAQ OMX Helsinki Ltd. .",1,neutral,neutral,0.9552921652793884,0.022949596866965294,0.021758247166872025,0.9552921652793884
Fiskars will be undertaking community projects throughout the UK and they are also on the lookout for local volunteers who are interested in helping out with the selected restoration projects .,1,neutral,neutral,0.8467845916748047,0.1439022719860077,0.009313128888607025,0.8467845916748047
"Nonwovens and specialty papers , made by Ahlstrom , are used in a large variety of everyday products , e.g. in filters , wipes , flooring , labels , and tapes .",1,neutral,neutral,0.9425230622291565,0.02698870189487934,0.030488187447190285,0.9425230622291565
The stock rose for a third day on Tuesday bringing its three-day rise to GBX10 .50 or 1.8 % .,2,positive,positive,0.9471309185028076,0.9471309185028076,0.019845006987452507,0.03302406892180443
"Both operating profit and net sales for the 12-month period increased , respectively from EUR21 .5 m and EUR196 .1 m , as compared to 2005 .",2,positive,positive,0.9576215744018555,0.9576215744018555,0.022828899323940277,0.019549576565623283
"The project will be a 2 x 600 MW coal-fired power plant , located some 420 km south of Hanoi , the company said .",1,neutral,neutral,0.8931543827056885,0.09810083359479904,0.008744773454964161,0.8931543827056885
The company had hoped the new plant would be on stream by the end of 2008 .,1,neutral,positive,0.5189710855484009,0.5189710855484009,0.012189689092338085,0.46883922815322876
Finland 's dominating rail company VR is planning to set the infected passengers for long-distance trip in a separate carriage .,1,neutral,neutral,0.9365804195404053,0.047314658761024475,0.016104869544506073,0.9365804195404053
"About Marubeni Marubeni Corporation TSE : 8002 ; ADR : MARUY was established in 1858 , and is a core company of Marubeni Group , one of Japan 's leading general trading houses .",2,positive,neutral,0.9017159938812256,0.08960579335689545,0.008678244426846504,0.9017159938812256
We are now taking Marimekko there on a distinctly more significant scale .,1,neutral,neutral,0.8944736123085022,0.09400492906570435,0.011521442793309689,0.8944736123085022
It will report full-year results on August 22 .,1,neutral,neutral,0.9445064067840576,0.037390317767858505,0.018103305250406265,0.9445064067840576
`` BG Crane has been a strong partner for Hiab in Australia for many years .,1,neutral,positive,0.8279991745948792,0.8279991745948792,0.007456210907548666,0.16454461216926575
"Since the association 's data do not cover sales figures from about 100 small local breweries and sales of imported beer products , the actual market shares of its members are smaller than those given in the report .",0,negative,negative,0.8851782083511353,0.014167734421789646,0.8851782083511353,0.10065408796072006
News Corp. 's MySpace.com Web site will display submissions for the expanded Broadband Emmy Awards as part of an effort to identify aspiring video artists .,1,neutral,neutral,0.8489555716514587,0.139709010720253,0.011335421353578568,0.8489555716514587
The first group of customers to be trained will be paint-shop owners and their assistants .,1,neutral,neutral,0.9242910742759705,0.06151377782225609,0.014195098541676998,0.9242910742759705
"ADP News - Nov 13 , 2008 - Finnish printed circuit board PCB maker Aspocomp Group Oyj OMX : ACG1V said today that its net loss narrowed to EUR 2 million USD 2.5 m in the first nine months of 2008 from EUR 57",2,positive,positive,0.9393066763877869,0.9393066763877869,0.03617711365222931,0.02451612614095211
Pretax loss totaled EUR 117mn compared to a loss of EUR 65mn in the corresponding period .,0,negative,negative,0.9234973192214966,0.06332910060882568,0.9234973192214966,0.013173628598451614
"Metso will provide a recovery boiler with a capacity of 6,800 tonnes of dry solids per day and an evaporation plant with six thermal stages and a capacity of 1,600 tonnes per hour .",1,neutral,neutral,0.9096053838729858,0.0802730992436409,0.010121555998921394,0.9096053838729858
"Finnish Neste Oil that was previously on the list , has fallen off the list completely .",1,neutral,negative,0.8597422242164612,0.012477404437959194,0.8597422242164612,0.12778028845787048
This is the company 's first contract abroad .,1,neutral,positive,0.558994710445404,0.558994710445404,0.010013480670750141,0.4309917688369751
Honkarakenne Oyj - a world-leading manufacturer of genuine wooden homes - will be sponsoring Finnish crosscountry skier Virpi Kuitunen for the next three years .,1,neutral,neutral,0.8087686896324158,0.1828356683254242,0.008395655080676079,0.8087686896324158
"Pretax profit totalled EUR 80.8 mn , compared to a loss of EUR 13.1 mn in the corresponding period in 2009 .",2,positive,positive,0.8930090069770813,0.8930090069770813,0.08903758227825165,0.0179534200578928
The share subscription period will expire on 30 September 2007 .,1,neutral,neutral,0.9452804923057556,0.0181894414126873,0.036530137062072754,0.9452804923057556
"Adanac Molybdenum of Canada has ordered grinding technology for its molybdenum project in British Columbia , Canada , while Shalkiya Zinc of Kazakhstan has awarded a contract for grinding technology for the Shalkiya zinc-lead project in Kazakhstan .",2,positive,positive,0.8410714864730835,0.8410714864730835,0.008508952334523201,0.15041951835155487
"As a result , the company currently anticipates net sales to increase and the operating result to be positive .",2,positive,positive,0.9538950324058533,0.9538950324058533,0.019200116395950317,0.02690485678613186
"Consolidated net sales increased 16 % to reach EUR74 .8 m , while operating profit amounted to EUR0 .9 m compared to a loss of EUR0 .7 m in the prior year period .",2,positive,positive,0.9587922692298889,0.9587922692298889,0.020446637645363808,0.020761137828230858
"Finnish publisher Alma Media ( HEL : ALN1V ) said Wednesday it has decided to further extend its EUR1 .85 ( USD2 .75 ) apiece mandatory tender offer for media group Talentum ( HEL : TTM1V ) , which started on 19 August , until 16 November .",1,neutral,positive,0.8876755237579346,0.8876755237579346,0.013565893284976482,0.09875861555337906
"The facility will be used to refinance Citycon 's existing credit facility , the company said .",1,neutral,positive,0.7203388214111328,0.7203388214111328,0.008248960599303246,0.271412193775177
It is expected to be completed by the end of 2007 .,1,neutral,neutral,0.8690338134765625,0.12209299206733704,0.008873147889971733,0.8690338134765625
The divested activities had net sales of EUR 145.1 million in 2009 and an operating profit of EUR 8.9 million .,1,neutral,neutral,0.9271173477172852,0.055094487965106964,0.01778816245496273,0.9271173477172852
- Counter your competitor 's strengths and target their weaknesses .,1,neutral,neutral,0.890781819820404,0.07442419230937958,0.034793950617313385,0.890781819820404
"Takoma will carry out the transaction by acquiring the entire share capital of Moventas Parkano Oy , which runs the factory in Parkano , southern Finland .",1,neutral,neutral,0.9321538209915161,0.05738105624914169,0.01046510599553585,0.9321538209915161
Export accounts for about one tenth of the company 's annual turnover of one billion kroons .,1,neutral,neutral,0.9273241758346558,0.04538991302251816,0.027285870164632797,0.9273241758346558
The plant is expected to enter commercial operation by mid-2009 .,1,neutral,neutral,0.8481375575065613,0.14383600652217865,0.008026466704905033,0.8481375575065613
"A In August 2007 , Latvijas Finieris ordered all production lines for a new green veneer mill to be built in Ukmerge , central Lithuania .",1,neutral,neutral,0.66307532787323,0.32247209548950195,0.014452570118010044,0.66307532787323
"The building complex consists of high-quality office and retail space totalling 49,200 square metres , the company said .",1,neutral,neutral,0.8713655471801758,0.12109839916229248,0.00753612257540226,0.8713655471801758
"In Finland , the launch of tie-in sales of 3G mobile phones did not cause a dramatic rush in mobile retail outlets during the first few days .",1,neutral,positive,0.8704224228858948,0.8704224228858948,0.05329914391040802,0.07627842575311661
The sales of the Tiimari segment fell by 4.0 % year-on-year to EUR3 .3 m in June 2010 .,0,negative,negative,0.9756942987442017,0.00659125205129385,0.9756942987442017,0.017714418470859528
We are pleased to invite you to join M-real 's international conference call at 3:00 p.m. EET .,1,neutral,neutral,0.8932226896286011,0.09496912360191345,0.011808188632130623,0.8932226896286011
"FL Group 's private equity division manages all operating companies , including Icelandair Group , FL Travel Group , Bluebird and Sterling .",1,neutral,neutral,0.9560718536376953,0.028671249747276306,0.015256937593221664,0.9560718536376953
"In Penttil+ñ 's vision , the most important reason for the transaction is Russia .",1,neutral,neutral,0.9021997451782227,0.08787273615598679,0.009927481412887573,0.9021997451782227
Neste Oil will offer outplacement services to the 111 employees to be reduced .,1,neutral,neutral,0.6512534618377686,0.058468129485845566,0.2902784049510956,0.6512534618377686
"However , net sales in 2010 are seen to have grown to EUR598 .3 m from EUR582 .3 m in 2009 .",2,positive,positive,0.947320282459259,0.947320282459259,0.02828952670097351,0.024390246719121933
"Profit for the period was EUR 5.9 mn , up from EUR 1.3 mn .",2,positive,positive,0.9558490514755249,0.9558490514755249,0.02211880311369896,0.02203219197690487
Mr Kivimeister said John Deer former Timberjack stands to win in the situation : it controls around 60 % of Estonia 's forest machinery market .,2,positive,positive,0.864247739315033,0.864247739315033,0.011521252803504467,0.12423098832368851
The CVs of the proposed members are available for viewing from 12 March 2008 onwards on the Internet at www.sampo.com/ir .,1,neutral,neutral,0.9539576768875122,0.028624502941966057,0.01741774193942547,0.9539576768875122
"Tallink claims the watertight doors of both Vana Tallinn and Regina Baltica , including their electrical systems , are fully in working order .",2,positive,positive,0.8978952765464783,0.8978952765464783,0.03989364951848984,0.06221114844083786
"L&T is operative in Finland , Sweden , Latvia , Russia and Norway .",1,neutral,neutral,0.9467611908912659,0.0382293164730072,0.015009459108114243,0.9467611908912659
Scandic Feed will also diversify Tosno 's product portfolio further .,1,neutral,positive,0.8879903554916382,0.8879903554916382,0.006138973869383335,0.10587064921855927
"`` This transaction supports Huhtamaki 's strategic review of rigid plastic consumer goods operations '' , says Huhtam+ñki Oyj 's CEO Jukka Moisio .",1,neutral,positive,0.7770176529884338,0.7770176529884338,0.007024305872619152,0.21595798432826996
Catalysts segment includes refinery catalysts and polyolefin catalysts product categories .,1,neutral,neutral,0.9484614133834839,0.029338758438825607,0.02219986356794834,0.9484614133834839
Her present position is the director of Stockmann 's international department stores .,1,neutral,neutral,0.9448786377906799,0.02576453797519207,0.02935686893761158,0.9448786377906799
Finnish automation solutions developer Cencorp Corporation ( OMX Helsinki : CNC1V ) said on Friday ( 27 June ) that it has completed employee negotiations regarding a reorganisation of its operations .,2,positive,positive,0.7423385381698608,0.7423385381698608,0.07430706918239594,0.18335440754890442
"Kaido Kaare , general director for Atria Eesti , says the company 's investments in the upgrade of the pig farms surpass EEK 150mn EUR 9.59 mn USD 14.19 mn in the past years .",2,positive,positive,0.9470217823982239,0.9470217823982239,0.012979754246771336,0.039998479187488556
"ALEXANDRIA , Va. , Dec. 19 -- United States Patent no. 7,853,620 , issued on Dec. 14 , was assigned to Nokia Corp. ( Espoo , Finland ) .",1,neutral,neutral,0.9401169419288635,0.044463545083999634,0.015419518575072289,0.9401169419288635
"Therefore , the company 's 2005 result will remain weaker than that of 2004 .",0,negative,negative,0.9664496183395386,0.012656005099415779,0.9664496183395386,0.0208943672478199
The value of the deal was not disclosed .,1,neutral,neutral,0.952373206615448,0.02397882007062435,0.023648016154766083,0.952373206615448
KESKO FOOD LTD PRESS RELEASE 04.01.2006 AT 13.00 Kesko Food Ltd is launching a major TV campaign to recruit as many as one hundred new K-food retailers .,2,positive,positive,0.8865513205528259,0.8865513205528259,0.010360520333051682,0.10308817028999329
"The business units of the InvestLesProm Group cover the full forest industry chain , and the Group owns forests , sawmills , paper and pulp mills , and other processing plants .",1,neutral,neutral,0.9528478980064392,0.029883773997426033,0.01726829819381237,0.9528478980064392
Rivals say Qualcomm has fewer patents on 3G phones than on earlier versions and should lower its rates .,0,negative,negative,0.9296080470085144,0.028061464428901672,0.9296080470085144,0.04233050346374512
"Thus the group 's balance sheet will have about EUR25 .8 m of goodwill , the company added .",1,neutral,neutral,0.8311392068862915,0.15887226164340973,0.009988571517169476,0.8311392068862915
"Finnish construction group YIT has been awarded a contract to install heating , air conditioning and cooling systems to the new head office of the automobile association ADAC in Munich in Germany .",2,positive,positive,0.9380391240119934,0.9380391240119934,0.01503274030983448,0.04692817106842995
"In China , Finnish Kone that provides elevators , escalators , and solutions for modernisation and maintenance will build 342 escalators that will be installed in a high-speed railway section between Beijing and Shanghai in a 1.5 years ' time .",2,positive,neutral,0.606875479221344,0.3848746418952942,0.00824988167732954,0.606875479221344
"Like all other mechanical pipettors from Biohit , also Proline Plus is CE-IVD marked and comes with a 3-year warranty .",1,neutral,neutral,0.7962203621864319,0.19641245901584625,0.007367156445980072,0.7962203621864319
Operating profit improved by 27 % to EUR 579.8 mn from EUR 457.2 mn in 2006 .,2,positive,positive,0.9541494250297546,0.9541494250297546,0.026478873565793037,0.019371598958969116
"Compared with the FTSE 100 index , which rose 28.3 points or 0.5 % on the day , this was a relative price change of 2.3 % .",2,positive,negative,0.5494090914726257,0.3488239645957947,0.5494090914726257,0.10176689922809601
"Mobile phone sales rose 25 % to 5.87 billion euros , while enterprise solution sales dropped 39 % to 186 million euros .",2,positive,positive,0.54506915807724,0.54506915807724,0.42441442608833313,0.030516404658555984
Sales for the Department Store Division increased by 15 % and sales for the clothing store subsidiary Seppala increased by 8 % Meanwhile sales for Hobby Hall decreased by 12 % .,2,positive,positive,0.9548594951629639,0.9548594951629639,0.02604554407298565,0.01909492164850235
The winner does not have to be present to win .,1,neutral,neutral,0.9402328729629517,0.03170745074748993,0.028059741482138634,0.9402328729629517
Performance in 2006 was impacted by the consolidation trend in the telecom sector and the overall and structural changes in the contract manufacturing market in telecommunications technology and industrial electronics .,0,negative,negative,0.9339856505393982,0.01725294068455696,0.9339856505393982,0.04876134172081947
The sale of the Healthcare Trade business supports Oriola-KD 's strategy to focus on Pharmaceutical Wholesale and Retail businesses .,2,positive,positive,0.8537697792053223,0.8537697792053223,0.005728648975491524,0.14050157368183136
"In the third quarter of 2010 , net sales increased by 5.2 % to EUR 205.5 mn , and operating profit by 34.9 % to EUR 23.5 mn .",2,positive,positive,0.9570419788360596,0.9570419788360596,0.016627127304673195,0.02633090689778328
The company is also featured in the Ethibel Pioneer Investment Register and included in Innovest 's Global 100 list of the world 's most sustainable corporations .,2,positive,positive,0.724174439907074,0.724174439907074,0.008546887896955013,0.2672787308692932
Repeats sees 2008 operating profit down y-y ( Reporting by Helsinki Newsroom ) Keywords : TECNOMEN-RESULTS,0,negative,negative,0.9606772661209106,0.006859831977635622,0.9606772661209106,0.03246283903717995
Operating profit in the fourth quarter fell to EUR33m from EUR39m a year earlier .,0,negative,negative,0.9765561819076538,0.007282061967998743,0.9765561819076538,0.016161732375621796
`` They 've already allocated money for the inventory .,1,neutral,neutral,0.5786574482917786,0.38956019282341003,0.031782325357198715,0.5786574482917786
"The orders are for 26 machine-room-less KONE MonoSpace elevators , which would be installed during 2006 .",1,neutral,neutral,0.7981815338134766,0.19274011254310608,0.009078309871256351,0.7981815338134766
"Asimilar agreement was signed between China Mobile Ltd. ( SEHK : 0941 and NYSE : CHL ) , the largest mobile carrier , and theGPS and social networking service provider , promoting GyPSii service before Beijing 2008 Olympic Games , according to thelatest news .",2,positive,positive,0.9161967039108276,0.9161967039108276,0.009771930053830147,0.07403139024972916
The company 's operating profit for 2006 stood at 39.6 mln euro ( $ 57.9 mln ) .,1,neutral,neutral,0.9016409516334534,0.04832153022289276,0.050037484616041183,0.9016409516334534
"Salcomp 's charger manufacturing plant in India is located in the Nokia Telecom Park in the state of Tamil Nadu , in the eastern part of India .",1,neutral,neutral,0.9291300773620605,0.058300942182540894,0.012568971142172813,0.9291300773620605
No changes in media activity were seen in October compared with September .,1,neutral,negative,0.6942892074584961,0.03027729131281376,0.6942892074584961,0.2754335403442383
"Panostaja , headquartered in Tampere , Finland , is an investment company focusing on small and medium-sized Finnish companies operating in the traditional industries .",1,neutral,neutral,0.9414843916893005,0.04407084360718727,0.014444755390286446,0.9414843916893005
"On 20 March 2006 , Stora Enso refused to comment the news in any way .",1,neutral,neutral,0.6264870762825012,0.021850677207112312,0.35166221857070923,0.6264870762825012
Financial terms were n't disclosed .,1,neutral,neutral,0.9336302280426025,0.02002035081386566,0.04634939506649971,0.9336302280426025
"The previously concluded adaptation measures , concerning other staff , were adequate for the time being , and the planning operations continue as before at the plant , the company said .",2,positive,positive,0.9213157892227173,0.9213157892227173,0.01899927482008934,0.05968489497900009
- Provides summary of the medical equipment pipeline products that the company is developing .,1,neutral,neutral,0.9463230967521667,0.0370793454349041,0.01659756898880005,0.9463230967521667
"In Finland 's Hobby Hall 's sales decreased by 10 % , and international sales fell by 19 % .",0,negative,negative,0.9737187027931213,0.00750989792868495,0.9737187027931213,0.018771415576338768
"Motorola Inc. of the United States came second with shipments of 217.4 million units for a 21.3 percent market share , followed by South Korea 's Samsung Electronics Co. with shipments of 118.0 million units for an 11.6 percent share .",1,neutral,neutral,0.6373894214630127,0.3176117241382599,0.04499894380569458,0.6373894214630127
"This order , when delivered , will bring the total output of electricity in Italy generated by Wartsila equipment to more than 1,300 MW .",1,neutral,positive,0.7875267863273621,0.7875267863273621,0.00795868132263422,0.2045145034790039
"For 2009 , net profit was EUR 3 million and the company paid a dividend of EUR 1.30 apiece .",1,neutral,neutral,0.9441209435462952,0.034094590693712234,0.02178444154560566,0.9441209435462952
"In addition , the Kazakh delegation will visit Finland 's SITRA investment fund , Honkarakenne Ltd and Nokia headquarters to study TeliaSonera Ltd JSC 's activities .",1,neutral,neutral,0.897922158241272,0.09080985933542252,0.01126792374998331,0.897922158241272
This is the first time Finnair has been awarded an agreement with the UK government .,2,positive,positive,0.9374678730964661,0.9374678730964661,0.012505782768130302,0.05002625286579132
"Nokia Siemens Networks provides mobile and fixed network infrastructure , communications and networks service platforms , as well as professional services , to operators and service providers .",1,neutral,neutral,0.9235362410545349,0.0661747083067894,0.010289043188095093,0.9235362410545349
Finnish Raute Precision has won large glass batch plant and mortar plant orders from Mexico and the US .,2,positive,positive,0.9495934844017029,0.9495934844017029,0.014172418974339962,0.03623403608798981
"Digia said its consolidated net sales for January-June 2010 were EUR67 .8 m , up 9.7 % on the same period in 2009 ( EUR61 .9 m ) .",2,positive,positive,0.9580204486846924,0.9580204486846924,0.022671477869153023,0.019308015704154968
4 ) Complete name of the shareholder : Otto Henrik Bernhard Nyberg 5 ) Further information : The amount of shares now transferred corresponds to 5.68 % of the total number of shares in Aspo Plc. .,1,neutral,neutral,0.9524661898612976,0.025497082620859146,0.022036656737327576,0.9524661898612976
"Finnish financial group Aktia reports operating profit of EUR 44.4 mn in January-September 2009 , up from EUR 37.3 mn in the corresponding period in 2008 .",2,positive,positive,0.9526955485343933,0.9526955485343933,0.02700696885585785,0.020297488197684288
"Both operating profit and turnover for the nine-month period increased , respectively from EUR2 .4 m and EUR43 .8 m , as compared to the corresponding period a year ago .",2,positive,positive,0.957273542881012,0.957273542881012,0.0227704718708992,0.01995600387454033
"The most popular paper by far was Kesko 's loyal customer magazine Pirkka with 2,462,000 readers .",1,neutral,neutral,0.7650979161262512,0.21616972982883453,0.018732354044914246,0.7650979161262512
"A maximum of 20 employees , who work in Karttakeskus and are responsible for producing Geographic Information Services , will be affected , the company added .",1,neutral,negative,0.8686977624893188,0.010189512744545937,0.8686977624893188,0.12111270427703857
"The transaction is subject to a final agreement between the parties , approvals of their decision-making bodies and approval by the Finnish Competition Authority .",1,neutral,neutral,0.908983051776886,0.08014645427465439,0.010870576836168766,0.908983051776886
"Finnair 's passenger load factor , which measures the number of sold seats as a share of all available seats , dropped by 1.3 percentage points to 76.7 % in September .",0,negative,negative,0.9759787917137146,0.00753989489749074,0.9759787917137146,0.0164813082665205
"Operating profit for the three-month period increased from EUR1 .2 m , while revenue increased from EUR20 .2 m , as compared to the corresponding period in 2005 .",2,positive,positive,0.9568637013435364,0.9568637013435364,0.020209480077028275,0.022926781326532364
The company negotiated an amendment to the financial covenants of the present credit agreements in regard to the situation on 30 September 2010 .,1,neutral,positive,0.5372735261917114,0.5372735261917114,0.015196175314486027,0.4475302994251251
Symphony Services provides development services for Aldata GOLD .,1,neutral,neutral,0.9398503303527832,0.04673110693693161,0.01341854315251112,0.9398503303527832
The full MidnightTrader extended-hours trading analysis and news service is available in real-time through COMTEX .,1,neutral,neutral,0.9531455039978027,0.024849291890859604,0.022005166858434677,0.9531455039978027
Our Canned-preserved food in Finland report offers a comprehensive guide to the size and shape of the market at a national level .,1,neutral,neutral,0.9234630465507507,0.06267853826284409,0.013858419843018055,0.9234630465507507
"Previously , it projected the figure to be slightly lower than in 2009 .",1,neutral,negative,0.9507139325141907,0.01692650094628334,0.9507139325141907,0.03235954791307449
TietoEnator signed an agreement to acquire Indian research and development ( R&D ) services provider and turnkey software solutions developer Fortuna Technologies Pvt. Ltd. for 21 mln euro ( $ 30.3 mln ) in September 2007 .,1,neutral,positive,0.7533966898918152,0.7533966898918152,0.008815489709377289,0.2377878576517105
The Symbian Foundation plans to revise its procedures for testing and signing software after digitally signing a trojan for its Symbian mobile phone operating system by mistake .,1,neutral,neutral,0.7620923519134521,0.04009171202778816,0.1978159099817276,0.7620923519134521
The transaction included also the transfer of the lease agreement concerning manufacturing premises and employment agreements related to these operations .,1,neutral,neutral,0.9452006220817566,0.031699176877737045,0.023100264370441437,0.9452006220817566
"Net cash from operating activities was a negative EUR 0.3 mn , compared to EUR 30.9 mn in 2009 .",0,negative,negative,0.9701270461082458,0.02070149965584278,0.9701270461082458,0.00917151477187872
"The company is also seeking possibilities to relocate the Luumaki personnel , some 50 people , to other UPM mills .",1,neutral,neutral,0.810821533203125,0.13266895711421967,0.056509532034397125,0.810821533203125
"The chain has been trying to cut its own costs , pressuring vendors such as fitness equipment manufacturer Precor to slash prices .",1,neutral,negative,0.9544806480407715,0.01828162744641304,0.9544806480407715,0.027237700298428535
"The service is intended to allow the people of thirteen Mediterranean countries to reach the Baltic more rapidly , with a single carrier .",2,positive,positive,0.7415812611579895,0.7415812611579895,0.006531141232699156,0.2518875300884247
Diluted earnings per share ( EPS ) rose to EUR 0.29 from EUR 0.05 .,2,positive,positive,0.954177737236023,0.954177737236023,0.024287458509206772,0.021534832194447517
"ITG 's share in the deal is estimated at some 500,000 euro $ 627,000 .",1,neutral,neutral,0.9409866333007812,0.04663100466132164,0.012382300570607185,0.9409866333007812
"In 2008 , AVC Systemhaus had net sales of EUR 10 million USD 7.1 m .",1,neutral,neutral,0.9199872016906738,0.06724206358194351,0.0127707589417696,0.9199872016906738
"Outokumpu of Finland , stainless steel manufacturer , plans to enter into a supply agreement with the Indian Railways .",2,positive,positive,0.9107770323753357,0.9107770323753357,0.00989479012787342,0.07932814955711365
The contract includes an option to deliver an additional 75 ASCs in the next phases of the project .,1,neutral,positive,0.5417768359184265,0.5417768359184265,0.010595210827887058,0.4476279616355896
"3G data subscribers are also helping to maintain these growth levels , since data-only subscriptions push for more multiple SIM ownership .",1,neutral,positive,0.8880198001861572,0.8880198001861572,0.00877859815955162,0.10320167243480682
"I can say categorically , no , ' Wahlroos was quoted as saying by the paper , when asked about Sampo 's interest in making a bid for RSA .",1,neutral,neutral,0.8520507216453552,0.12490534782409668,0.023043932393193245,0.8520507216453552
"The stock is trading above both its MAPs and the 50-day MAP of SEK72 .983 is higher than the 200-day MAP of SEK70 .283 , a bullish indicator .",2,positive,positive,0.9498918652534485,0.9498918652534485,0.020213691517710686,0.02989443950355053
"The group posted net sales of 35.3 mln euro $ 46.5 mln and an operating profit of 760,000 euro $ 1.0 mln in 2005 .",1,neutral,neutral,0.9205650091171265,0.06299536675214767,0.016439635306596756,0.9205650091171265
The company 's share is quoted on NASDAQ OMX Helsinki Rautaruukki Oyj : RTRKS .,1,neutral,neutral,0.9465648531913757,0.024112896993756294,0.02932230941951275,0.9465648531913757
"The opportunity will be available only for few employees , however .",1,neutral,neutral,0.8191024661064148,0.17173637449741364,0.009161106310784817,0.8191024661064148
"Also Ruukki Construction , Rautaruukki 's construction division , is initiating employer-employee negotiations at its sites in Alaj+ñrvi , Vimpeli and Per+ñsein+ñjoki in Finland .",1,neutral,neutral,0.7680637836456299,0.1628371626138687,0.06909911334514618,0.7680637836456299
"After the sale , Outokumpu 's share of the technology unit will be reduced to some 12-20 percent .",1,neutral,negative,0.6464818120002747,0.018857423216104507,0.6464818120002747,0.3346607983112335
"In the end , Sanoma News wants to secure its foundation with the savings .",1,neutral,positive,0.725174605846405,0.725174605846405,0.007656510919332504,0.26716887950897217
"F-Secure reported that : - The first half of 2008 has seen a growing number of targeted malware attacks on individuals , companies , and organizations .",1,neutral,negative,0.7862291932106018,0.04180360212922096,0.7862291932106018,0.17196722328662872
No more waste-burning facilities should be built .,1,neutral,neutral,0.9366128444671631,0.02912186272442341,0.03426536172628403,0.9366128444671631
The total number of filling stations has been on the decrease recently .,0,negative,negative,0.9721736311912537,0.01130188349634409,0.9721736311912537,0.01652449183166027
"The new office , located in Shenzhen , will strengthen Vaisala 's already 10-year old presence in China .",2,positive,positive,0.9352617859840393,0.9352617859840393,0.008624320849776268,0.0561138316988945
"Tiimari 's registered share capital is 16,474,755 shares as per today .",1,neutral,neutral,0.9527842402458191,0.022613748908042908,0.024602042511105537,0.9527842402458191
"The Ministry of Water in Tanzania has awarded Poyry a water and sanitation engineering assignment for the rehabilitation and extension of water supply and sanitation infrastructure in Bukoba and Musoma , situated at Lake Victoria in northern Tanzania .",2,positive,positive,0.9424986839294434,0.9424986839294434,0.01578936167061329,0.04171186313033104
An earn-out payment of up to 4.0 mln euro ( $ 5.3 mln ) can also be paid depending on Intellibis financial performance in 2007 .,1,neutral,neutral,0.921468198299408,0.06410107761621475,0.014430692419409752,0.921468198299408
`` Leipurin is a growing and rapidly internationalizing Group .,2,positive,positive,0.7913397550582886,0.7913397550582886,0.0070809111930429935,0.20157940685749054
Pretax profit jumped to EUR 21.9 million from EUR 3.1 million .,2,positive,positive,0.9498106241226196,0.9498106241226196,0.026064638048410416,0.02412467822432518
"ASPO Plc STOCK EXCHANGE BULLETIN October 24 , 2006 at 2:00 p.m. Aspo Systems Division has completed the statutory negotiations , as required under the Act on Co-Operation Within Undertakings , conducted as part of the action plan launched in August .",1,neutral,positive,0.6648311018943787,0.6648311018943787,0.013090434484183788,0.3220784366130829
"The purchase of sites worth 300 million in the Thames Gateway will provide more than 1,200 homes .",1,neutral,neutral,0.5499936938285828,0.44288912415504456,0.007117134518921375,0.5499936938285828
"At the close , the OMX Helsinki 25 was 0.01 pct lower at 3,067.64 points and the OMX Helsinki was down 0.05 pct at 10,321.46 points on over 1.343 bln eur of turnover .",0,negative,negative,0.970618486404419,0.00753611046820879,0.970618486404419,0.021845456212759018
"Most of the permanent layoffs will be in the plywood and sawn timber sectors of the Finnish company 's operations at several domestic mills , where earlier this year it temporarily laid off some 1,200 workers to save costs .",0,negative,negative,0.9698082804679871,0.006860148627310991,0.9698082804679871,0.02333151362836361
`` It allows the young child to move forward with his life . '',2,positive,neutral,0.5772010087966919,0.4131124019622803,0.009686535224318504,0.5772010087966919
"Metso expects its net sales to increase by about 10 % in 2008 , at comparable exchange rates .",2,positive,positive,0.9510608911514282,0.9510608911514282,0.015047572553157806,0.03389144688844681
"Kesko has about 2,000 stores engaged in chain operations in the Nordic and Baltic countries , Russia , and Belarus .",1,neutral,neutral,0.9453699588775635,0.03950059786438942,0.01512943860143423,0.9453699588775635
"Demonstrations of the broad capabilities of the Mobility Business Suite will be organized during the 3GSM World Congress in Barcelona , from February 12th to 15th .",1,neutral,neutral,0.8991904258728027,0.09084359556436539,0.009965953417122364,0.8991904258728027
"Profit per share was EUR 1.03 , up from EUR 0.87 .",2,positive,positive,0.9536634683609009,0.9536634683609009,0.022105205804109573,0.02423131838440895
Sales of mid-strength beer decreased by 40 % .,0,negative,negative,0.9684639573097229,0.013067824766039848,0.9684639573097229,0.01846824213862419
"Earnings per share EPS are seen at EUR 0.56 , up from EUR 0.38 .",2,positive,positive,0.9539890289306641,0.9539890289306641,0.02297299914062023,0.023037927225232124
"In October , UPM reported a third-quarter net loss of euro86 million $ 110 million compared with a net profit of euro120 million in 2007 .",0,negative,negative,0.972464919090271,0.012779531069099903,0.972464919090271,0.014755528420209885
"Harold W. Young is an independent broker working closely with several retailers including Ahold USA , Market Basket , CVS , BJ 's Wholesale Club , Hannaford and Cumberland Farms .",1,neutral,neutral,0.8503721952438354,0.14124853909015656,0.00837926845997572,0.8503721952438354
Bovine slaughtering and cutting at the Kuopio facility will be transferred to the Kauhajoki slaughterhouse .,1,neutral,neutral,0.9427129030227661,0.036411646753549576,0.020875442773103714,0.9427129030227661
"Both operating profit and net sales for the nine-month period increased , respectively by 26.6 % and 3.4 % , as compared to the corresponding period in 2006 .",2,positive,positive,0.959672749042511,0.959672749042511,0.02135562151670456,0.018971657380461693
"The company will publish its financial statement for 2008 on February 25 , 2009 .",1,neutral,neutral,0.9526797533035278,0.020388707518577576,0.026931611821055412,0.9526797533035278
The transaction is planned to be financed with a EUR40m market-based loan granted by Standard Chartered Bank Hong Kong .,1,neutral,neutral,0.8125312924385071,0.1800035983324051,0.007465071510523558,0.8125312924385071
"Operating profit totalled EUR 30.2 mn , down from EUR 43.8 mn a year earlier .",0,negative,negative,0.976323664188385,0.010002807714045048,0.976323664188385,0.013673566281795502
"- The Group -¦ s sales during the period were EUR 31.6 million EUR 36.6 million , 1-6/2007 and profit before taxes was EUR 0.2 1.3 million .",1,neutral,neutral,0.9209417700767517,0.024600086733698845,0.05445820093154907,0.9209417700767517
"Profit after taxes for the period was up to EUR0 .9 m , from EUR0 .01 m last year .",2,positive,positive,0.9471466541290283,0.9471466541290283,0.02431894838809967,0.028534390032291412
"Paper stocks were among the biggest fallers , with Stora Enso down 2.30 pct to 14.01 eur , M-real down 2.86 pct to 5.09 eur and UPM-Kymmene 1.14 pct lower at 19.10 eur .",0,negative,negative,0.9719886183738708,0.007104949560016394,0.9719886183738708,0.020906414836645126
"The company 's objective is to offer the best people flow experience by developing and delivering solutions that enable people to move smoothly , safely , comfortably and without waiting in buildings in an increasingly urbanizing environment .",1,neutral,positive,0.7273576259613037,0.7273576259613037,0.007088163867592812,0.26555415987968445
The repurchases shall decrease the distributable capital and reserves .,0,negative,negative,0.9657337665557861,0.007740538101643324,0.9657337665557861,0.026525670662522316
"Technopolis plans to develop in stages an area of no less than 100,000 square meters in order to host companies working in computer technologies and telecommunications , the statement said .",1,neutral,neutral,0.5338404178619385,0.45766696333885193,0.0084926662966609,0.5338404178619385
"Metso is a global supplier of sustainable technology and services for mining , construction , power generation , automation , recycling and the pulp and paper industries .",1,neutral,neutral,0.866195797920227,0.12528927624225616,0.008514944463968277,0.866195797920227
Operating profit rose from EUR 1.94 mn to EUR 2.45 mn .,2,positive,positive,0.9571793675422668,0.9571793675422668,0.021513544023036957,0.021307149901986122
The increase in capital stock has been registered in the Finnish Trade Register on 20 November 2006 .,2,positive,neutral,0.9291146993637085,0.05838925763964653,0.012496035546064377,0.9291146993637085
The Department Store Division reported an increase in sales of 4 per cent .,2,positive,positive,0.949867308139801,0.949867308139801,0.02047146111726761,0.02966112643480301
Finnish financial group Aktia 's operating profit for 2009 increased to EUR 47.0 mn from EUR 6.6 mn in 2008 .,2,positive,positive,0.9539974927902222,0.9539974927902222,0.024945296347141266,0.0210571326315403
"The cosmetics collection includes an eye shadow , face powder , lip gloss , mascara and accessories .",1,neutral,neutral,0.9424015879631042,0.03542338311672211,0.02217498980462551,0.9424015879631042
"Compared with the FTSE 100 index , which rose 94.9 points ( or 1.6 % ) on the day , this was a relative price change of -0.4 % .",0,negative,negative,0.7467502951622009,0.14292407035827637,0.7467502951622009,0.11032573133707047
"The company has decided to stop the operations of Ruukki Construction Division in Latvia and Lithuania , and concentrate the production and logistics in Parnu , Estonia in 2009 .",1,neutral,negative,0.8539494276046753,0.011129355058073997,0.8539494276046753,0.13492120802402496
"LIGHTS OUT Before curfew , curl up with the latest bestseller and treat your eyes to the perfect reading light from Luceplan .",1,neutral,neutral,0.9256110191345215,0.05038895830512047,0.02400004118680954,0.9256110191345215
"German Commerzbank AG 's Hamburg Branch and US JP Morgan ( NYSE : JPM ) participated as arrangers , and Dutch ING ( AMS : INGA ) as co-arranger .",1,neutral,neutral,0.9426836371421814,0.03841346129775047,0.01890290156006813,0.9426836371421814
Closing of such transaction took place today .,1,neutral,neutral,0.9483272433280945,0.018548186868429184,0.033124517649412155,0.9483272433280945
"However , the suspect stole his burgundy Nissan Altima .",0,negative,negative,0.5396052002906799,0.02928941883146763,0.5396052002906799,0.4311054050922394
"Based upon its unique fiber expertise and innovative approach , the company has a strong market position in several business areas in which it operates .",2,positive,positive,0.8885053992271423,0.8885053992271423,0.007229527458548546,0.104264996945858
First quarter underlying operating profit rose to 41 mln eur from 33 mln a year earlier .,2,positive,positive,0.9523997902870178,0.9523997902870178,0.026067210361361504,0.02153308317065239
"Brazilian non-profit interbank Camara Interbancaria de Pagamentos CIP has acquired solutions from US business integration solutions provider Sterling Commerce , the latter company said in a statement .",2,positive,positive,0.9265553951263428,0.9265553951263428,0.011987698264420033,0.061456888914108276
"Operating profit for the six-month period decreased from EUR111 .9 m , while sales increased from EUR1 ,275 m , as compared to the corresponding period in 2006 .",1,neutral,negative,0.9737486243247986,0.010534612461924553,0.9737486243247986,0.01571677252650261
"In 2007 , Marimekko has also opened concept stores in Yokohama and Nagoya , central Japan , in Silver Spring in metropolitan Washington DC , USA , in Graz , central Austria , and in Aalborg , northern Denmark .",2,positive,neutral,0.8990528583526611,0.08741158992052078,0.013535566627979279,0.8990528583526611
"Profit for the period was EUR 9.8 mn , up from EUR 6.0 mn in 2004 .",2,positive,positive,0.9554272294044495,0.9554272294044495,0.023932216688990593,0.02064056321978569
`` Demand for sports equipment was good in 2005 .,2,positive,positive,0.9426997303962708,0.9426997303962708,0.014728236012160778,0.042572006583213806
The subsidiary is setting up a facility for manufacturing high-density interconnection printed circuit boards or PCBs at Nokia 's special economic zone at Sriperumbudur near Chennai .,1,neutral,neutral,0.6977517008781433,0.2950592041015625,0.007189116906374693,0.6977517008781433
`` We could be there .,1,neutral,neutral,0.8687194585800171,0.11379677057266235,0.017483798786997795,0.8687194585800171
"Finnish power supply solutions and systems provider Efore Oyj said its net loss widened to 3.2 mln euro $ 4.2 mln for the first quarter of fiscal 2006-2007 ending October 31 , 2007 from 900,000 euro $ 1.2 mln for the same period of fiscal 2005-06 .",0,negative,positive,0.9343902468681335,0.9343902468681335,0.045749202370643616,0.019860628992319107
"Insurer Axa ( PAR : CS ) slid by 5.35 % to EUR 14.15 , after Citigroup and ING slashed their targets on the stock .",0,negative,negative,0.9752639532089233,0.009077494032680988,0.9752639532089233,0.01565849967300892
"According to Finnair Technical Services , the measure is above all due to the employment situation .",1,neutral,positive,0.497318297624588,0.497318297624588,0.3691222667694092,0.13355936110019684
STOCK EXCHANGE ANNOUNCEMENT 20 July 2006 1 ( 1 ) BASWARE SHARE SUBSCRIPTIONS WITH WARRANTS AND INCREASE IN SHARE CAPITAL A total of 119 850 shares have been subscribed with BasWare Warrant Program .,1,neutral,positive,0.6865678429603577,0.6865678429603577,0.009461474604904652,0.30397066473960876
"ADP News - May 29 , 2009 - Bank of America BofA downgraded today its ratings on Swedish-Finnish paper maker Stora Enso Oyj HEL : STERV and on Finnish sector player UPM-Kymmene Oyj HEL : UPM1V to `` underperf",0,negative,negative,0.9387927651405334,0.011733588762581348,0.9387927651405334,0.049473635852336884
We make available the following brand-new market analyses Cement - Pakistan Cement - Malaysia Cement - Taiwan Cement - Philippines These analyses give a clear overview of the actual situation and future outlook of the cement industry in some Asian countries .,1,neutral,neutral,0.9402357935905457,0.03949914872646332,0.020265039056539536,0.9402357935905457
"The workforce will be reduced also in the Amsterdam office , in the Netherlands .",0,negative,negative,0.921675980091095,0.012546607293188572,0.921675980091095,0.06577736884355545
The Finnish company claims to have over a quarter of a million contented Tulikivi fireplace business and homeowners worldwide .,1,neutral,neutral,0.8933751583099365,0.09713339060544968,0.009491399861872196,0.8933751583099365
"Westpac Banking Corp - Is to issue a benchmark , 3 year FRN deal in Euros .",1,neutral,neutral,0.7132999897003174,0.27760937809944153,0.009090672247111797,0.7132999897003174
"Enclosed is Affecto 's call for Extraordinary General Meeting to be held on July 10th where the main agenda is to approve the authorization to the Board for the proposed share issue related to the Component Software acquisition , and to elect Haakon Skaarer to the Affecto board .",1,neutral,neutral,0.9301583766937256,0.05693619325757027,0.012905486859381199,0.9301583766937256
The Moscow Metro ( www.mosmetro.ru ) was the first metro system in Europe to implement smart cards together with a new type of magnetic card in 1998 .,1,neutral,neutral,0.7676368355751038,0.22426122426986694,0.008101893588900566,0.7676368355751038
"On the other hand , Montevideo said that having the two mills working in the area will generate jobs .",2,positive,positive,0.9142757654190063,0.9142757654190063,0.03499334678053856,0.05073088780045509
"`` We will now , after the relevant authority approvals , make a mandatory bid as required by the Finnish Securities Markets Act .",1,neutral,neutral,0.8669469356536865,0.12248024344444275,0.010572826489806175,0.8669469356536865
"Finnish investment group Panostaja Oyj said its net profit went up to 8.6 mln euro $ 11.4 mln in fiscal 2005-06 , ended October 31 , 2006 , from 2.8 mln euro $ 3.7 mln in the same period of fiscal 2004-05 .",2,positive,positive,0.9513264298439026,0.9513264298439026,0.026414772495627403,0.02225882187485695
"In 2007 , Contempus generated revenue of NOK 69.3 ( approx .",1,neutral,neutral,0.9151498675346375,0.06976877897977829,0.015081271529197693,0.9151498675346375
Acquisitions have been made and businesses have been well integrated .,2,positive,positive,0.7505311369895935,0.7505311369895935,0.008349627256393433,0.24111919105052948
The combined value of the planned investments is about EUR 30mn .,1,neutral,neutral,0.9454431533813477,0.04181589558720589,0.012740952894091606,0.9454431533813477
The measures result from the statutory joint negotiations with employees which started in February and concerned all operations in the country .,1,neutral,neutral,0.8803163170814514,0.1082911267876625,0.01139260083436966,0.8803163170814514
"If needed , she provides also further information on ferry connections and hotels .",1,neutral,neutral,0.9333861470222473,0.05101171135902405,0.015602159313857555,0.9333861470222473
"The Group 's business sectors are Building Construction , Infrastructure Construction , Technical Building Services , and Building Products .",1,neutral,neutral,0.9463749527931213,0.035647664219141006,0.017977379262447357,0.9463749527931213
"A data processing unit collects the data , calculates RVR values and provides the data to users via various interfaces .",1,neutral,neutral,0.9490532875061035,0.023433255031704903,0.027513448148965836,0.9490532875061035
Net sales fell by 33 % from the third quarter of 2008 to EUR 130.5 mn .,0,negative,negative,0.9764088988304138,0.006999537348747253,0.9764088988304138,0.016591543331742287
Stora Enso Oyj said its second-quarter result would fall by half compared with the same period in 2007 .,0,negative,negative,0.9762749075889587,0.007925916463136673,0.9762749075889587,0.015799198299646378
"`` After the transaction , Tikkurila has no powder coatings-related operations , '' the company said .",1,neutral,neutral,0.9475114941596985,0.03187112882733345,0.020617356523871422,0.9475114941596985
The shares represented 4.998 % of total share capital and 2.14 % of total voting rights .,1,neutral,neutral,0.9494578242301941,0.030044173821806908,0.020497992634773254,0.9494578242301941
Tielinja generated net sales of 7.5 mln euro $ 9.6 mln in 2005 .,1,neutral,neutral,0.9272413849830627,0.05786130204796791,0.014897285960614681,0.9272413849830627
"The final price will be specified by 14 May 2010 , the acquiring company said .",1,neutral,neutral,0.9427543878555298,0.04450206831097603,0.012743476778268814,0.9427543878555298
"'s Outokumpu Technology business will begin trading on the Nordic Exchange in Helsinki starting Oct. 10 , becoming the sixth company to list on that exchange this year , the company said Friday .",1,neutral,neutral,0.8473635911941528,0.14308670163154602,0.00954972393810749,0.8473635911941528
The online ice chart shows no ice in the area of Estonia 's sea ports on the coast of the Gulf of Finland .,1,neutral,neutral,0.8691056966781616,0.03606405854225159,0.09483028948307037,0.8691056966781616
"HELSINKI ( AFX ) - Metso said it will upgrade one of UPM-Kymmene 's four paper machines at the latter 's mill in Jaemsaenkoski with a new coating color supply system , machine and process controls and quality measurements .",2,positive,positive,0.8628937005996704,0.8628937005996704,0.006971507798880339,0.13013489544391632
"The record date for dividend distribution is March 14 , 2008 .",1,neutral,neutral,0.9447107315063477,0.017895804718136787,0.037393439561128616,0.9447107315063477
The implementation of the deal is subject to the approval by the Finnish Competition Authority .,1,neutral,neutral,0.915623664855957,0.0725787952542305,0.011797531507909298,0.915623664855957
The company 's main shareholders Lihakunta and Itikka Osuuskunta have both made a commitment to acquire shares worth EUR 20mn .,1,neutral,positive,0.7866852283477783,0.7866852283477783,0.008377231657505035,0.20493756234645844
"Jawad Williams scored 23 points in an impressive debut for Jerusalem , with Jason Rich adding 18 and Yuval Naimi chipping in with 16 points for Hapoel , which visits the yellow-and-blue next week .",2,positive,positive,0.9064041376113892,0.9064041376113892,0.02174108847975731,0.07185476273298264
"The company 's set of services include digital printing , printing preparation , offset-printing , after-treatment services and send out services .",1,neutral,neutral,0.9506572484970093,0.03534945473074913,0.013993258588016033,0.9506572484970093
"According to the original merger plan , Scanfil would get a 79 % stake in the combined business .",1,neutral,neutral,0.8898493647575378,0.10152500867843628,0.00862566102296114,0.8898493647575378
Finnish media company Talentum Oyj 's net profit decreased to 2.5 mln euro ( $ 4.0 mln ) for the first quarter of 2008 from 3.0 mln euro ( $ 4.7 mln ) for the same period of 2007 .,0,negative,negative,0.9755643010139465,0.008115007542073727,0.9755643010139465,0.016320645809173584
"Finnish Suominen Corporation that makes wet wipes , nonwovens , and flexible packaging is starting employer-employee negotiations at its Tampere plant in Finland to lay off about 25 employees .",0,negative,negative,0.9655870795249939,0.006745108403265476,0.9655870795249939,0.02766779065132141
"( ADP News ) - Feb 12 , 2009 - Finnish IT solutions provider Affecto Oyj ( HEL : AFE1V ) said today its net profit rose to EUR 8.5 million ( USD 11m ) in 2008 from EUR 7 million in 2007 .",2,positive,positive,0.9484496116638184,0.9484496116638184,0.029367925599217415,0.022182444110512733
"Finnish IT solutions provider Affecto Oyj said today that it has won a frame contract , valued at some EUR2m , to implement the next phase of its insurance application for South African Mutual & Federal Insurance Company Limited M&F .",2,positive,positive,0.9452018737792969,0.9452018737792969,0.01871388964354992,0.036084216088056564
`` Lemminkainen Talo Oy 's Lahti office is a significant logistics and business premises constructor .,1,neutral,neutral,0.5392693877220154,0.45206621289253235,0.008664438501000404,0.5392693877220154
Total operating revenue grew by 27.6 % year-on-year to EUR61m .,2,positive,positive,0.9574987292289734,0.9574987292289734,0.01690055802464485,0.025600725784897804
Europe however remains an important and strong market for us .,1,neutral,positive,0.7291925549507141,0.7291925549507141,0.00885744672268629,0.26194998621940613
"Rimvesta is now controlled by the Estonian-owned real estate development company ELL Nekilnojamas Turtas , which a member of Merko , the largest construction group in the Baltic countries .",1,neutral,neutral,0.9510155916213989,0.02987283281981945,0.019111623987555504,0.9510155916213989
"`` Thanks to my Nokia and Lulu , I am now proud to be a published His novel can be found here .",1,neutral,neutral,0.7782289981842041,0.21161407232284546,0.010156980715692043,0.7782289981842041
The company turned to earnings per share ( EPS ) of EUR 0.03 versus loss per share of EUR 0.01 .,2,positive,positive,0.9089797735214233,0.9089797735214233,0.04313124343752861,0.04788896441459656
"Huhtamaki 's rigid plastic consumer goods operations , which are mainly in Europe , will be separated into a new reporting segment as of 1 January 2009 .",1,neutral,neutral,0.9508117437362671,0.029656928032636642,0.019531309604644775,0.9508117437362671
Net cash flow from operations is expected to remain positive .,2,positive,positive,0.9438847899436951,0.9438847899436951,0.019103899598121643,0.03701135516166687
"Tyrvaan Sanomat , published twice a week by Tyrvaan Sanomat Oy , appears in Sastamala and Kiikoinen .",1,neutral,neutral,0.8937711715698242,0.01931217685341835,0.08691665530204773,0.8937711715698242
"Janno Reiljan , a member of the Eesti Energia supervisory board , said the owners of Narva Power Grid had informed Eesti Energia about their wish to sell .",1,neutral,neutral,0.8895951509475708,0.04578686133027077,0.06461796909570694,0.8895951509475708
The terms of the transactions remained undisclosed .,1,neutral,neutral,0.9349418878555298,0.02006697840988636,0.04499117285013199,0.9349418878555298
"The deal includes the entire personnel of PlanMill Oy , who will transfer to the new company as so-called old employees .",1,neutral,neutral,0.9500935673713684,0.026356801390647888,0.023549657315015793,0.9500935673713684
The Group 's order portfolio decreased from EUR 42.9 mn in 9-2007 to EUR 33.3 mn in 2-2008 .,0,negative,negative,0.9756363034248352,0.007042735815048218,0.9756363034248352,0.01732093282043934
"Cardona slowed her vehicle , turned around and returned to the intersection , where she called 911 .",1,neutral,neutral,0.6961759924888611,0.06890413910150528,0.23491986095905304,0.6961759924888611
"After the sale , Savcor Group Ltd will comprise Savcor ART , a corporate function and an investment in Cencorp Corporation .",1,neutral,neutral,0.952269434928894,0.03398020938038826,0.013750393874943256,0.952269434928894
"( ADP News ) - Dec 11 , 2008 - Finnish power-supply solutions provider Efore Oyj ( OMX : EFO1V ) said yesterday it opened a technology research and development ( R&D ) laboratory at Helsinki University of Technology .",1,neutral,neutral,0.8314884305000305,0.15966248512268066,0.008849146775901318,0.8314884305000305
The Board of Directors was authorized to decide on other terms of the share issue .,1,neutral,neutral,0.9474936127662659,0.034757744520902634,0.017748603597283363,0.9474936127662659
The parties have agreed not to disclose the transaction value .,1,neutral,neutral,0.9410833716392517,0.033448122441768646,0.02546854130923748,0.9410833716392517
"Elcoteq 's Electronics Manufacturing Services ( EMS ) Business Segment serves customers globally in Engineering , Manufacturing and Fulfillment services .",1,neutral,neutral,0.9134485125541687,0.07515931129455566,0.011392197571694851,0.9134485125541687
Nokia and Elisa will work together to bring a superior mobile gaming experience for Elisa customers .,2,positive,positive,0.9073994159698486,0.9073994159698486,0.007422920316457748,0.08517778664827347
Price talk is in the Euribor plus 2 bps area and the sole lead is Citigroup .,1,neutral,neutral,0.8979825377464294,0.07320942729711533,0.02880804054439068,0.8979825377464294
"Ixonos estimates that it will hire 20 specialists in mechanical engineering , electronics design , and R&D for its new unit in Jyvaeskylae by the end of 2009 .",2,positive,positive,0.636716902256012,0.636716902256012,0.014196766540408134,0.34908634424209595
"Operating profit for the 12-month period decreased from EUR5 .4 m while net sales increased from EUR62 .0 m , as compared to the financial year 2004 .",0,negative,negative,0.9746772050857544,0.008106882683932781,0.9746772050857544,0.017215948551893234
The most significant challengers in the market are Logset and Sampo-Rosenlew .,1,neutral,neutral,0.7898255586624146,0.1032341942191124,0.10694023966789246,0.7898255586624146
"The corresponding increase in the share capital , EUR422 ,754 , has been entered in the Trade Register today .",1,neutral,neutral,0.9156350493431091,0.07126615196466446,0.013098758645355701,0.9156350493431091
President and CEO Mika Vehvil+ñinen says the positive signs are first and foremost emerging outside Finland .,2,positive,positive,0.9171485900878906,0.9171485900878906,0.013319474644958973,0.06953192502260208
Currently more than 100 of Global Fortune 500 companies are using SSH security solutions .,1,neutral,neutral,0.9246017932891846,0.06313708424568176,0.012261142954230309,0.9246017932891846
"Finnish Exel Composites , a technology company that designs , manufactures , and markets composite profiles and tubes for various industrial applications , reports its net sales decreased by 0.6 % in the second quarter of 2010 to EUR 19.2 mn from EUR 19.3 mn in the corresponding period in 2009 .",0,negative,negative,0.9756988286972046,0.008148171938955784,0.9756988286972046,0.016152964904904366
The Court 's decision will also promote genuine competition in services,1,neutral,positive,0.6634554266929626,0.6634554266929626,0.008968900889158249,0.3275756239891052
The repurchase of the bonds was executed in the open market in accordance with section 7 f of the terms and conditions of the Convertible Bonds .,1,neutral,neutral,0.9510487914085388,0.030755378305912018,0.018195798620581627,0.9510487914085388
"`` I 'm trying to deal with slavery from a different perspective to balance the story , '' says DeRamus , formerly a writer at the Detroit Free Press and the Detroit News .",1,neutral,neutral,0.8692775368690491,0.09072698652744293,0.039995547384023666,0.8692775368690491
"The money will be spent `` on strengthening the company 's competitiveness in the sphere of sawmill products and increasing the volume of wood delivered for processing in Russia , '' the release says .",2,positive,positive,0.9271868467330933,0.9271868467330933,0.0089543042704463,0.06385885179042816
The acquisition of AVC Systemhaus and the majority stake in Cableway will increase the number of Teleste personnel by 250 .,1,neutral,positive,0.904694139957428,0.904694139957428,0.008472626097500324,0.08683320134878159
"Finnish Talentum reports its operating profit increased to EUR 20.5 mn in 2005 from EUR 9.3 mn in 2004 , and net sales totaled EUR 103.3 mn , up from EUR 96.4 mn .",2,positive,positive,0.9526545405387878,0.9526545405387878,0.02466548979282379,0.022679993882775307
The Oxyview Pulse Oximeter is a common device to check patient blood-oxygen saturation level and pulse rate .,1,neutral,neutral,0.9292889833450317,0.04367829114198685,0.02703273668885231,0.9292889833450317
In his turn Fradkov said Russia is interested in adopting Finnish experience in forming technology parks in the framework of implementing the law on special economic zone .,1,neutral,neutral,0.7211471199989319,0.2709006667137146,0.007952292449772358,0.7211471199989319
"The floor area of the Yliopistonrinne project will be 7,900 sq m 85,030 sq ft and the building 's gross area will total 12,800 sq m. A total 25.1 % of the facilities have been let .",1,neutral,neutral,0.9453752636909485,0.03678703308105469,0.01783771626651287,0.9453752636909485
"The contract value amounts to about EUR11m , the company added .",1,neutral,neutral,0.9222539663314819,0.06277749687433243,0.014968551695346832,0.9222539663314819
"In the first quarter of 2010 , the mark-to-market result was a pretax profit of EUR 133 million versus a loss of EUR 32 million in the same period last year .",2,positive,positive,0.9403045177459717,0.9403045177459717,0.035428810864686966,0.02426663041114807
"The original name Componenta +àm+Ñl , as a subsidiary of the Finnish Componenta Group , has been changed to +àm+Ñl Components and the company has seen a 63 % growth in Q1 2010 , in comparison to Q1 2009 .",2,positive,positive,0.941333532333374,0.941333532333374,0.01292876061052084,0.04573781415820122
The Group 's business is balanced by its broad portfolio of sports and presence in all major markets .,2,positive,neutral,0.6446135640144348,0.34840837121009827,0.0069780852645635605,0.6446135640144348
"According to the Finnish-Russian Chamber of Commerce , all the major construction companies of Finland are operating in Russia .",1,neutral,neutral,0.9479060173034668,0.028607429936528206,0.023486528545618057,0.9479060173034668
"Operating profit of operations in Finland in the period under review totaled EUR 11.3 mn , remaining at the 2005 level .",1,neutral,negative,0.47738853096961975,0.25442492961883545,0.47738853096961975,0.2681865990161896
"As a result , it has started negotiations with the banks on provisional amendments concerning the covenants and other credit terms .",1,neutral,positive,0.573442280292511,0.573442280292511,0.03038025088608265,0.3961775004863739
The company 's board of directors has proposed a dividend of EUR0 .12 per share for 2006 .,1,neutral,neutral,0.9237897992134094,0.05924354866147041,0.016966691240668297,0.9237897992134094
"In Finland , OP-Pohjola 's staff union is boycotting the group 's insurance sales tasks because the company has refused to take the sale of insurance into account in determining wages .",0,negative,negative,0.956684410572052,0.008873834274709225,0.956684410572052,0.0344417467713356
"Tekla will organize an information meeting for analysts and media at WTC Helsinki Marski meeting room , Aleksanterinkatu 17 , the same day at 12:30 - 1:30 p.m. Light lunch will be served .",1,neutral,neutral,0.9504286646842957,0.027024121955037117,0.022547177970409393,0.9504286646842957
`` It wo n't happen overnight .,1,neutral,neutral,0.8415244221687317,0.04993916302919388,0.10853646695613861,0.8415244221687317
This corresponds to 6.81 percent of Okmetic 's share capital and voting rights .,1,neutral,neutral,0.939568042755127,0.04736519232392311,0.013066797517240047,0.939568042755127
"In the third quarter of fiscal 2008 Efore swung to a net loss of EUR 400,000 versus a net profit of EUR 200,000 for the corresponding period of fiscal 2007 .",0,negative,negative,0.9303722977638245,0.058206330984830856,0.9303722977638245,0.011421248316764832
"Elisa Corporation , headquartered in Helsinki , is a Finnish telecomms company offering private and corporate customers a comprehensive range of telecomms services .",1,neutral,neutral,0.8973192572593689,0.09431742131710052,0.008363364264369011,0.8973192572593689
As a result of these negotiations the company has decided to make 45 people redundant on financial and production grounds .,0,negative,negative,0.9672189950942993,0.0066527859307825565,0.9672189950942993,0.02612823247909546
They will cover all Forest Industry 's units and employees in Finland and concern temporary and permanent lay-offs .,0,negative,negative,0.9610348343849182,0.006850700359791517,0.9610348343849182,0.032114457339048386
Mr K.R. Vasantha has been appointed Managing Director of Incap Contract Manufacturing Services Pvt. Ltd. .,1,neutral,neutral,0.9383370280265808,0.04426320269703865,0.017399776726961136,0.9383370280265808
The total investment in 2006 and 2007 is expected to amount to about EUR75m .,1,neutral,neutral,0.8999091982841492,0.08975815027952194,0.01033262349665165,0.8999091982841492
"Thanks to its extensive industry and operations experience , Cybercom offers strategic and technological expertise to these markets : telecom , industry , media , public sector , retail , and banking and financial services .",1,neutral,neutral,0.7153178453445435,0.2781747281551361,0.006507414858788252,0.7153178453445435
"The mall is part of the Baltic Pearl development project in the city of St Petersburg , where Baltic Pearl CJSC , a subsidiary of Shanghai Foreign Joint Investment Company , is developing homes for 35,000 people .",1,neutral,neutral,0.8445181250572205,0.1472594439983368,0.008222418837249279,0.8445181250572205
It is the first application in the market for invoice and purchase requisition approval with a mobile device .,1,neutral,neutral,0.8431235551834106,0.149278461933136,0.007598025258630514,0.8431235551834106
The newly created position has been established to strengthen Amer Sports ' management in strategic planning and execution .,2,positive,positive,0.8834865689277649,0.8834865689277649,0.0069464524276554585,0.10956691950559616
"Ahlstrom Corporation STOCK EXCHANGE ANNOUNCEMENT 23.4.2007 Ahlstrom Corporation will publish its first quarter financial results 2007 on Friday , April 27 , 2007 approximately at 8.30 a.m. Finnish time .",1,neutral,neutral,0.9431325197219849,0.017000321298837662,0.03986721858382225,0.9431325197219849
Press release 3 September 2009 Ruukki continues to be listed in two Dow Jones Sustainability Indexes : DJSI World and DJSI STOXX .,1,neutral,neutral,0.9023985862731934,0.08826109766960144,0.009340283460915089,0.9023985862731934
Chief Financial Officer Jim Heindlmeyer said Beyond Oblivion is in advanced talks with the four major recording companies about its service .,1,neutral,neutral,0.7137690186500549,0.27316638827323914,0.01306463498622179,0.7137690186500549
Return on capital employed rose by 4.8 percentage points to 19.6 % .,2,positive,positive,0.9538676738739014,0.9538676738739014,0.020723827183246613,0.025408515706658363
Stock Exchange Release 10/3/2011 12:00 Sanoma has published its Annual Report and Financial Statements for 2010 and its first Corporate Responsibility Report .,1,neutral,neutral,0.9415083527565002,0.023374946787953377,0.03511665016412735,0.9415083527565002
"`` These tests are part of a larger campaign which includes various customer trials and demonstrations to make LTE on 800 MHz commercially viable by this summer , '' Nokia Siemens head of LTE business line , Reino Tammela , said .",1,neutral,positive,0.6742877960205078,0.6742877960205078,0.00876268744468689,0.3169495463371277
ASSA ABLOY Kaupthing Bank gave a ` neutral ' recommendation and a share price target of 174 crowns $ 24.7 - 19 euro on Swedish lock maker Assa Abloy AB .,1,neutral,neutral,0.7785106301307678,0.13800768554210663,0.08348161727190018,0.7785106301307678
"Finnish financial software developer Basware Oyj said today it will provide its invoice automation ( IA ) solution to an unnamed major retail company in the USA in a deal , worth more than EUR300 ,000 .",2,positive,positive,0.8553725481033325,0.8553725481033325,0.006669721100479364,0.1379576325416565
Nokia s U.S. shares were 3.3 percent lower at $ 12.73 by 1750 GMT .,0,negative,negative,0.9633234143257141,0.0073869056068360806,0.9633234143257141,0.02928962931036949
"Following the transaction , Lundbeck has worldwide rights for nalmefene , excluding North America , Mexico , Turkey and South-Korea .",2,positive,neutral,0.871498167514801,0.12111437320709229,0.007387510035187006,0.871498167514801
"The pine oil project is related to the upgrade of the chemical recovery plant of UPM at its pulp mill in Kymi , southern Finland .",1,neutral,neutral,0.8543675541877747,0.13543009757995605,0.01020237896591425,0.8543675541877747
"The company said production volumes so far indicate the circuit is capable of the targeted output rate of 60,000 tonnes per day , or 22 million tonnes a year .",1,neutral,positive,0.9014970660209656,0.9014970660209656,0.011614772491157055,0.08688811212778091
The company said it observed a current stabilisation in prices and there is potential for higher prices for deliveries in the first quarter of 2011 .,2,positive,positive,0.9451717138290405,0.9451717138290405,0.029163245111703873,0.02566501311957836
The contract is worth some EUR 1 million .,1,neutral,neutral,0.8848915100097656,0.10517843812704086,0.00993002112954855,0.8848915100097656
"According to Seikku , the retail sector in Finland is controlled by 3-4 large actors , while food manufacturers are still relatively small .",1,neutral,neutral,0.911710262298584,0.024605942890048027,0.06368376314640045,0.911710262298584
The new units should become one of the largest ones within the company .,1,neutral,positive,0.5065409541130066,0.5065409541130066,0.007622361648827791,0.4858366847038269
Delivery is expected to take place later this month .,1,neutral,neutral,0.9469226598739624,0.036884669214487076,0.016192708164453506,0.9469226598739624
Expense ratio was 102.6 % compared to 92.9 % in the corresponding period in 2005 .,0,negative,negative,0.8790231943130493,0.09945455193519592,0.8790231943130493,0.021522281691432
"Net sales will , however , increase from 2005 .",2,positive,positive,0.9568148255348206,0.9568148255348206,0.02048446424305439,0.022700728848576546
The event can be followed on-line via Orion 's Finnish homepage at www.orion.fi as well as via the Kauppalehti Live web service at www.kauppalehti.fi/live .,1,neutral,neutral,0.9516781568527222,0.021976802498102188,0.02634500525891781,0.9516781568527222
"According to Sepp+ñnen , the new technology UMTS900 solution network building costs are by one-third lower than that of the building of 3.5 G networks , operating at 2,100 MHz frequency .",2,positive,positive,0.5384657382965088,0.5384657382965088,0.025122225284576416,0.4364120066165924
"Cargotec Corporation , Press Release , August 26 , 2008 at 10 a.m. Finnish time Cargotec 's MacGREGOR business area providing marine cargo handling and offshore load handling solutions has received significant offshore crane retrofit order .",2,positive,positive,0.9438158869743347,0.9438158869743347,0.02200830914080143,0.034175802022218704
"Order intake grew by 40 % year-on-year and 30 % year-on-year , respectively , to EUR 576 million and EUR 1.7 billion for the respective January-September and July-September 2010 periods .",2,positive,positive,0.9570191502571106,0.9570191502571106,0.02124832756817341,0.021732540801167488
The completion of the recycling plant is an important link in the chain of creating a waste management system in the Dubna region that meets the EU standards .,2,positive,positive,0.8043494820594788,0.8043494820594788,0.006481201853603125,0.18916933238506317
at 9:00 EET Alma Media 's Annual Report for 2009 is scheduled to be published in calendar week 9 .,1,neutral,neutral,0.9436063170433044,0.016999181360006332,0.039394527673721313,0.9436063170433044
"However , the growth margin slowed down due to the financial crisis .",0,negative,negative,0.9610521197319031,0.01509028673171997,0.9610521197319031,0.023857545107603073
"The decision of Tekes was based on , among other , the following grounds : the project has a significant impact on the business development of the company .",1,neutral,neutral,0.9108631610870361,0.035074736922979355,0.05406211316585541,0.9108631610870361
"The financial impact is estimated to be some 1.5 MEUR annual improvement in the division 's result , starting from fiscal year 2007 .",2,positive,positive,0.9434812664985657,0.9434812664985657,0.0301685594022274,0.02635021135210991
Revenues at the same time grew 14 percent to 43 million euros .,2,positive,positive,0.9477670192718506,0.9477670192718506,0.012186205014586449,0.0400468148291111
"These include software development for internet and mobile telephone content , communications , value-added software , financial services , security applications , systems integration and electronics .",1,neutral,neutral,0.9452791810035706,0.030998174101114273,0.023722650483250618,0.9452791810035706
"A purchase agreement for 7,200 tons of gasoline with delivery at the Hamina terminal , Finland , was signed with Neste Oil OYj at the average Platts index for this September plus eight US dollars per month .",2,positive,positive,0.8764341473579407,0.8764341473579407,0.011526938527822495,0.11203889548778534
No pricing details were disclosed .,1,neutral,neutral,0.9492514133453369,0.025510795414447784,0.025237813591957092,0.9492514133453369
Stora Enso will receive a 19.9 pct equity interest in the combined company .,1,neutral,neutral,0.9110598564147949,0.07966744154691696,0.009272701106965542,0.9110598564147949
"The company had earlier said that it was considering different strategic options for the struggling low-cost mobile operator , including a divestment of its holding .",1,neutral,neutral,0.9234445095062256,0.051699910312891006,0.024855514988303185,0.9234445095062256
"The store is located in Poznan in a shopping center named Pestka , the company added .",1,neutral,neutral,0.9194008708000183,0.06870301812887192,0.011896149255335331,0.9194008708000183
Raute is listed on the Nordic exchange in Helsinki .,1,neutral,neutral,0.9514566659927368,0.027597257867455482,0.0209460761398077,0.9514566659927368
Kaupthing forecasts a significant price increase for printing paper in 2007 .,2,positive,positive,0.9472364783287048,0.9472364783287048,0.015090461820363998,0.03767307475209236
The availability of the Internet services is highlighted in the service offer of Kesko 's K-Group stores .,1,neutral,neutral,0.5222825407981873,0.4700857102870941,0.007631771266460419,0.5222825407981873
"According to Viking Line 's Managing Director , Nils-Erik Eklund , the company 's Board of Directors is very satisfied with Viking Line 's performance .",2,positive,positive,0.947274923324585,0.947274923324585,0.016169244423508644,0.03655590862035751
"The iTunes-based material will be accessible on Windows-based or Macintosh computers and transferable to portable devices , including Apple 's iPods .",2,positive,neutral,0.9157593846321106,0.07397128641605377,0.010269309394061565,0.9157593846321106
"Finnish lifting equipment maker Konecranes Oyj said on July 30 , 2008 that its net profit rose to 71.2 mln euro ( $ 111.1 mln ) for the first half of 2008 from 57.1 mln euro ( $ 89.1 mln ) for the same period of 2007 .",2,positive,positive,0.9513660073280334,0.9513660073280334,0.026597358286380768,0.022036708891391754
"3 February 2011 - Finnish broadband data communication systems provider Teleste Oyj HEL : TLT1V said yesterday its net profit rocketed to EUR4 .8 m in 2010 from EUR416 ,000 in 2009 and it lifted its dividend proposal .",2,positive,positive,0.9397504329681396,0.9397504329681396,0.03449718654155731,0.02575245127081871
The full-function PC weighs 1.25 kilograms and measures slightly more than two centimeters thin .,1,neutral,neutral,0.9296917915344238,0.04478718340396881,0.025521043688058853,0.9296917915344238
Nordea Pankki Suomi Oyj 's ownership in Stonesoft Corporation has decreased below 1-20 .,1,neutral,neutral,0.7929542064666748,0.054286472499370575,0.15275928378105164,0.7929542064666748
"Finnish printed circuit boards ( PCBs ) maker Aspocomp Group Oyj said on December 4 , 2006 it named Henry Gilchrist senior vice president of the group 's Asian operations , as of January 8 , 2007 .",1,neutral,neutral,0.9419863820075989,0.03973770514130592,0.0182759091258049,0.9419863820075989
`` Our Vaalipalvelu-service was especially developed for use by communities and organizations .,1,neutral,neutral,0.7978460192680359,0.19393736124038696,0.008216628804802895,0.7978460192680359
"The dividend is payable on February 1 , 2010 to shareholders of record on January 19 , 2010 .",1,neutral,neutral,0.9544669985771179,0.027805102989077568,0.017727917060256004,0.9544669985771179
"It is profitable to make pulp , paper , and sawn goods in areas where the combination of these factors is good .",1,neutral,neutral,0.7815766930580139,0.20928935706615448,0.009133906103670597,0.7815766930580139
10 February 2011 - Finnish media company Sanoma Oyj HEL : SAA1V said yesterday its 2010 net profit almost tripled to EUR297 .3 m from EUR107 .1 m for 2009 and announced a proposal for a raised payout .,2,positive,positive,0.9418976306915283,0.9418976306915283,0.029439030215144157,0.028663381934165955
"The buildings , with about 40 condominiums each , will be built in 4 or 5 stages .",1,neutral,neutral,0.9290466904640198,0.05931295081973076,0.011640393175184727,0.9290466904640198
It is estimated that the consolidated turnover of Kausta Guder will reach Lt 53mn US$ 22.53 mn EUR 15.35 mn in 2007 .,1,neutral,neutral,0.6380655169487,0.3468427360057831,0.015091721899807453,0.6380655169487
"`` We are proud to welcome another distribution facility to north Mississippi and the region known as the logistics center of the United States , '' said Gray Swoope , executive director of MDA .",2,positive,positive,0.936281681060791,0.936281681060791,0.017533395439386368,0.04618494212627411
Scanfil issued a profit warning on 10 April 2006 .,0,negative,negative,0.954764187335968,0.009564697742462158,0.954764187335968,0.035671085119247437
Finnish forest machinery manufacturer Ponsse has agreed with Volvo on the start of cooperation in Latin America .,2,positive,positive,0.9240406155586243,0.9240406155586243,0.01015310175716877,0.06580626219511032
"Biohit said that it will reduce the number of leased personnel by 10 , and lay off 10 of its own personnel .",0,negative,negative,0.9438126683235168,0.011731987819075584,0.9438126683235168,0.04445528984069824
"The total value of the project is about EUR53m , including the plots that will be transferred to Atria .",1,neutral,neutral,0.9545367360115051,0.027351025491952896,0.018112218007445335,0.9545367360115051
"Companies evaluated in the report include Aladdin , CA , F-Secure , Kaspersky , Marshal , McAfee , Microsoft , Panda , Proofpoint , Sophos , Symantec , Trend Micro , Tumbleweed , and Websense .",1,neutral,neutral,0.9374679923057556,0.028709478676319122,0.03382253646850586,0.9374679923057556
"In the building and home improvement trade , sales decreased by 6.3 % , totalling EUR 154.1 mn .",0,negative,negative,0.9750916361808777,0.007516822777688503,0.9750916361808777,0.017391584813594818
"26 October 2010 - Finnish environmental management company Lassila & Tikanoja Oyj ( HEL : LAT1V ) , or L&T , said today its net profit declined to EUR20 .9 m for the first nine months of 2010 from EUR27 .6 m for the same period a year earlier .",0,negative,negative,0.9759973883628845,0.008231679908931255,0.9759973883628845,0.015770798549056053
"Panostaja owns a 68.77 pct of share capital and the voting rights of Suomen Helasto shares following an exchange of shares which was carried out on May 30 , 2007 .",1,neutral,neutral,0.9214493036270142,0.06859485805034637,0.009955824352800846,0.9214493036270142
"Particular attention is being paid to energy efficiency in the construction of the building , as it is designed to meet the requirements of energy class B , and LEED certification will be applied for .",1,neutral,positive,0.5315860509872437,0.5315860509872437,0.007660122122615576,0.46075382828712463
The effect of the savings will be noticeable from the beginning of 2010 .,1,neutral,positive,0.9079309105873108,0.9079309105873108,0.009893503971397877,0.08217553794384003
Upon completion of the sale Proha would get some USD12 .7 m for its stake in Artemis .,1,neutral,neutral,0.8511413931846619,0.14069385826587677,0.008164744824171066,0.8511413931846619
"`` The summer collection 2008 will be joyfully fresh like a vitamin injection , '' said H&M 's head of design Margareta van den Bosch .",1,neutral,positive,0.777773380279541,0.777773380279541,0.01474695187062025,0.20747965574264526
The total emissions reduction from 1999 to 2017 will be thus 41 % .,1,neutral,neutral,0.876690685749054,0.10641762614250183,0.016891639679670334,0.876690685749054
Ahlstrom 's share is quoted on the NASDAQ OMX Helsinki .,1,neutral,neutral,0.947688639163971,0.019922031089663506,0.03238930180668831,0.947688639163971
"Operating profit totalled EUR 7.0 mn , up from a loss of EUR 4.0 mn in the second quarter of 2009 .",2,positive,positive,0.955413818359375,0.955413818359375,0.02469174936413765,0.019894415512681007
"National Conciliator Juhani Salonius , who met both parties on Wednesday , said they were too far apart in their views for him to propose mediation .",0,negative,negative,0.8089653849601746,0.031094487756490707,0.8089653849601746,0.15994007885456085
"Furthermore , Novator Finland Oy has entered into a securities lending agreement , whereby Novator Finland Oy will hold directly the same amount of shares that are underlying of the OMX market forwards from May 23 through May 26 , 2008 .",2,positive,positive,0.5892550349235535,0.5892550349235535,0.009671976789832115,0.40107300877571106
"Risto Jalo , chief executive of Dormus Print and also owner of the remainder of the company , will keep his position after the acquisition .",1,neutral,neutral,0.9472145438194275,0.027198754251003265,0.025586722418665886,0.9472145438194275
`` Rapala is excited to be partnering with RBFF and other industry leaders on this holiday promotion . '',1,neutral,positive,0.8825480937957764,0.8825480937957764,0.010428214445710182,0.1070237085223198
"Nokia Multimedia 's net sales totaled EUR 5.7 bn , up 45 % from the corresponding period in 2005 .",2,positive,positive,0.9581008553504944,0.9581008553504944,0.019919773563742638,0.02197929285466671
The closing of such transaction took place today .,1,neutral,neutral,0.950934648513794,0.01814727857708931,0.03091808594763279,0.950934648513794
"ADPnews - Aug 3 , 2009 - Finnish media group Ilkka-Yhtyma Oyj HEL : ILK2S said today its net profit fell 45 % on the year to EUR 5.9 million USD 8.4 m in the first half of 2009 .",0,negative,negative,0.9748712182044983,0.006234609987586737,0.9748712182044983,0.01889408938586712
Alfa group will have 43.9 % of voting stock in the new company and Telenor 35.4 % with a free float of 20.7 % .,1,neutral,neutral,0.9469674825668335,0.04075302183628082,0.012279470451176167,0.9469674825668335
The new shares will provide the shareholders with full shareholder rights .,1,neutral,neutral,0.8140778541564941,0.17851650714874268,0.007405691780149937,0.8140778541564941
Shareholders have a right to put on the agenda of the AGM items that are within the competence of the general meeting .,1,neutral,neutral,0.9541096091270447,0.022009624168276787,0.023880742490291595,0.9541096091270447
"The subject of the project is provide to the company like : Software programming and consultancy services , Computer-related services , Data services , Computer support and consultancy services , Internet services etc. .",1,neutral,neutral,0.9523033499717712,0.03390808030962944,0.013788558542728424,0.9523033499717712
"Aspo Plc STOCK EXCHANGE RELEASE February 11 , 2011 at8 .45 a.m. ESL Shipping Ltd , part of Aspo Group , has signed a new , long-term contract with Rautaruukki Corporation for the marine transport of raw materials on the Baltic Sea .",2,positive,positive,0.9444364309310913,0.9444364309310913,0.01693122833967209,0.0386323519051075
Liora 's got a brand-new bag .,1,neutral,neutral,0.6505224704742432,0.33377769589424133,0.015699883922934532,0.6505224704742432
"Member of the HK Ruokatalo Group in Finland , Scan , is launching a joint venture slaughterhouse with Team Ugglarp in Sk+Ñne , southern Sweden .",1,neutral,neutral,0.7755210995674133,0.2169766128063202,0.007502231281250715,0.7755210995674133
11 August 2010 - Finnish measuring equipment maker Vaisala Oyj HEL : VAIAS said today that its net loss widened to EUR4 .8 m in the first half of 2010 from EUR2 .3 m in the corresponding period a year earlier .,0,negative,positive,0.9377530217170715,0.9377530217170715,0.03680608049035072,0.02544090710580349
Group net sales in the third quarter of 2007 totaled EUR 142.3 mn and operating profit EUR 4.3 mn .,1,neutral,neutral,0.9031785726547241,0.0460457019507885,0.05077572539448738,0.9031785726547241
"Since inception in 1999 , Access ' stable management team has remained disciplined and focused on the proactive screening , selection and management of European small to mid-market buy-out funds of funds and mandates .",1,neutral,neutral,0.6390538811683655,0.3518384099006653,0.009107667952775955,0.6390538811683655
It helps our stakeholders get a better understanding of our operations and the challenges in stainless steel business .,1,neutral,neutral,0.5452589392662048,0.4477389454841614,0.007002077531069517,0.5452589392662048
"As the world leaders in developing UV technology for municipal wastewater , drinking water , and industrial water treatment systems , Trojan Technologies was a logical partner in providing W+ñrtsil+ñ with UV technology for ballast water treatment .",1,neutral,positive,0.7015387415885925,0.7015387415885925,0.008126486092805862,0.2903347909450531
F-Secure Online Backup automatically protects all the content stored on a computer or smartphone by making a copy of the content to an online location .,1,neutral,neutral,0.9512133598327637,0.02951410599052906,0.019272562116384506,0.9512133598327637
"ADPnews - Jun 30 , 2009 - Finnish stainless steel maker Outokumpu Oyj HEL : OUT1V said yesterday it signed a three-year EUR 900 million USD 1.3 bn revolving credit facility .",2,positive,positive,0.9412429928779602,0.9412429928779602,0.02067216858267784,0.03808480501174927
"Kesko 's car import and retailing business , VV-Auto , saw sales grow by 17.1 pct .",2,positive,positive,0.9539071321487427,0.9539071321487427,0.013320219703018665,0.03277267515659332
"Sampo Group that has become a major shareholder in Nordea owns TrygVesta 's main competitor , If P & C Insurance .",1,neutral,neutral,0.934274435043335,0.05364997312426567,0.012075589969754219,0.934274435043335
"The contract covers the supply of temporary heating equipment for LKAB 's new pellet plant in Kiruna , in northern Sweden .",1,neutral,neutral,0.8176295757293701,0.17220228910446167,0.01016809418797493,0.8176295757293701
Why not subscribe to the magazine ?,1,neutral,neutral,0.928243100643158,0.03134582191705704,0.04041104391217232,0.928243100643158
"It 's even a little bit higher than Yara 's multiples on itself , ' an analyst in Helsinki said .",1,neutral,positive,0.90177321434021,0.90177321434021,0.02483765222132206,0.07338918745517731
"( ADPnews ) - Dec 1 , 2009 - Finnish cutlery and hand tools maker Fiskars Oyj Abp ( HEL : FISAS ) said today that it will make redundant a total of 18 office and management staff members of its subsidiary Iittala Group Ltd. .",0,negative,negative,0.9495365023612976,0.007464352995157242,0.9495365023612976,0.04299914464354515
"`` As defences mature , attackers develop Trojans that are equipped with content filters to detect online banking activity for capturing account details using methods such as form grabbing , screen shots , video captures , keylogging and injection of form fields .",1,neutral,neutral,0.9161243438720703,0.03394608572125435,0.04992951825261116,0.9161243438720703
BasWare Order Matching automatically matches purchase invoices with approved purchase orders .,1,neutral,neutral,0.9279831051826477,0.02897646464407444,0.04304042458534241,0.9279831051826477
"The inaugural speech will be given by Hannu Kyrolainen , Finland 's Ambassador to the Czech Republic .",1,neutral,neutral,0.9352803230285645,0.05159424617886543,0.013125451281666756,0.9352803230285645
"Name of Applicant : Jot Automation OYName of Inventor : Mammila Tuomo , Piirainen Mika and Kellokoski MikaApplication No. : 2424-KOLNP-2008 ADate of filing of Application : 16-06-2008Publication Date : 30/01/2009",1,neutral,neutral,0.9481089115142822,0.020366504788398743,0.03152456507086754,0.9481089115142822
"Our solutions are industry-independent supporting multilingual and currency needs , modular and applicable to companies of all sizes , '' CEO Ilkka Sihvo said .",1,neutral,neutral,0.5479794144630432,0.4445316791534424,0.007488882634788752,0.5479794144630432
The category was marked by maturity and the recession .,1,neutral,neutral,0.5410482287406921,0.043639399111270905,0.41531234979629517,0.5410482287406921
"Operating loss totalled EUR 0.3 mn , down from a profit of EUR 5.1 mn in the first half of 2009 .",0,negative,negative,0.9767550826072693,0.00847836397588253,0.9767550826072693,0.01476663164794445
Finnish consumers prefer to buy the cheapest beer brand .,1,neutral,neutral,0.9155214428901672,0.05182592570781708,0.032652609050273895,0.9155214428901672
The terms and conditions of Stock Option Scheme 2004 are available on the Group 's website .,1,neutral,neutral,0.9529238939285278,0.024542618542909622,0.02253352850675583,0.9529238939285278
All are welcome .,1,neutral,neutral,0.7893408536911011,0.19030620157718658,0.020352989435195923,0.7893408536911011
Uponor has initiated actions to attempt to recover the cost of the replacement program from the supplier of the clamps as well as its insurance company .,1,neutral,positive,0.8222398161888123,0.8222398161888123,0.03304233402013779,0.14471779763698578
"Proha Plc ( Euronext :7327 ) announced today ( 19 May ) that its fully-owned subsidiary , Safran Software Solutions AS , has agreed to sell its 49 % share of Safran North America LLC to a SNA Holding AS , an investment group based in Norway .",1,neutral,neutral,0.9175606369972229,0.07044544070959091,0.011993936263024807,0.9175606369972229
Amanda said that it had already made a USD5 .0 m investment commitment in Russia Partners II fund in July 2005 .,1,neutral,neutral,0.5372052788734436,0.45292115211486816,0.009873510338366032,0.5372052788734436
"Finnish construction company YIT Corporation is planning to build about 200 high-quality holiday homes near the Tahko ski and spa resort , in Finland .",2,positive,neutral,0.6853532195091248,0.30486443638801575,0.0097823990508914,0.6853532195091248
The firm builds components for mobile phones and other communications products .,1,neutral,neutral,0.9076486825942993,0.08111239224672318,0.01123889721930027,0.9076486825942993
The service also enables users to watch e-mails in HTML format en is enhanced with 23 addition languages to choose from .,1,neutral,neutral,0.8195558190345764,0.1728411465883255,0.007603046949952841,0.8195558190345764
TeliaSonera said about $ 100 million will be invested in the next year in the region to bring mobile coverage to about 90 % of Nepal s population .,2,positive,positive,0.8191676139831543,0.8191676139831543,0.005942335352301598,0.17489004135131836
"The port facilities ' throughput is 250,000 TEUs and 7.5 mln tons of general cargo .",1,neutral,neutral,0.9384596347808838,0.047699205577373505,0.013841137290000916,0.9384596347808838
Sunrise Resources operates in Russian near-shore development markets through its wholly-owned Russian subsidiary and has 80 % of its personnel in Russia .,1,neutral,neutral,0.9323840737342834,0.056442223489284515,0.011173726990818977,0.9323840737342834
The potential acquirer is Cencorp Corporation which is a related entity to SAV owing to each of SAV and Cencorp being a subsidiary of the Finnish Savcor Group Oy .,1,neutral,neutral,0.9528211355209351,0.033187638968229294,0.013991237618029118,0.9528211355209351
"Beef imports fell slightly from 2006 , to 14mn kilos .",1,neutral,negative,0.971656084060669,0.0143183134496212,0.971656084060669,0.014025727286934853
"Thanks to his wide contact network and good knowledge of market and business environment , he will give a great contribution to the further development of our Indian operations '' , tells Incap 's President & CEO Juhani Hanninen .",2,positive,positive,0.8646624088287354,0.8646624088287354,0.007968233898282051,0.12736931443214417
"In addition a reduction of nine persons will be made through pension or other arrangements , the company added .",1,neutral,negative,0.5332092642784119,0.05999525263905525,0.5332092642784119,0.4067955017089844
"Of course , you 'll have direct access to Nokia 's Ovi store , so you 'll have lots of fun downloading your favorite media .",1,neutral,neutral,0.8534281253814697,0.13312865793704987,0.013443149626255035,0.8534281253814697
Lemcon has also signed a pre-contract for the purchase of the park 's entire 130-hectare site .,2,positive,positive,0.8682397603988647,0.8682397603988647,0.009815114550292492,0.12194505333900452
- Tikkurila inspires you to color your life .,1,neutral,neutral,0.8428398370742798,0.14400479197502136,0.013155338354408741,0.8428398370742798
"( ADP News ) - Dec 11 , 2008 - Finnish construction and engineering company Outotec Oyj ( OMX : OTE1V ) said today it won a EUR 28 million ( USD 36.8 m ) order to expand the phosphate concentrator in Siilinjarvi of Norwegian minera",2,positive,positive,0.944252610206604,0.944252610206604,0.015336777083575726,0.040410540997982025
The aim is to increase sales by at least one fifth in 2006 .,2,positive,positive,0.930995762348175,0.930995762348175,0.00925438292324543,0.059749893844127655
The project also implies an underground parking lot for 56 vehicles .,1,neutral,neutral,0.8663412928581238,0.1254776269197464,0.008181053213775158,0.8663412928581238
- I am pleased that Bjorn Wahlroos has accepted the nomination .,2,positive,positive,0.8966372609138489,0.8966372609138489,0.01517137698829174,0.08819136768579483
"Ruukki 's delivery includes steel structures , including installation , for Krakeroy bascule bridge and steel piles for the bridge foundations .",1,neutral,neutral,0.8991952538490295,0.0905597135424614,0.010244970209896564,0.8991952538490295
"FinancialWire ( tm ) , in cooperation with the Investrend Broadcast Syndicate , also provides complete , daily conference call and webcast schedules as a service to shareholders and investors via the FirstAlert ( tm ) Networks oeFirstAlert ( tm ) Daily .",1,neutral,neutral,0.9510501027107239,0.034258805215358734,0.014691157266497612,0.9510501027107239
Radiation and today is a full service house expert in radiation and nuclear safety issues .,1,neutral,neutral,0.9160271883010864,0.07074625045061111,0.01322655938565731,0.9160271883010864
This assignment strengthens Poyry 's position as an international provider of engineering and project services to the chemical process industry .,2,positive,positive,0.9377174973487854,0.9377174973487854,0.009023437276482582,0.0532589815557003
We are very proud to be able to use this kind of innovative mobile service for voting in elections .,2,positive,positive,0.776166558265686,0.776166558265686,0.007681839633733034,0.21615159511566162
Finnish metal products company Componenta Oyj net profit went slightly down to 25.1 mln euro ( $ 40.2 mln ) for the first half of 2008 from 25.4 mln euro ( $ 40.7 mln ) for the same period of 2007 .,0,negative,negative,0.9746140241622925,0.010692276991903782,0.9746140241622925,0.014693668112158775
The Elcoteq group recently announced that the last three months of the previous year brought to it a major loss of more than half a billion kroons ( EUR 32 mln ) for the fifth quarter running .,0,negative,negative,0.9691150188446045,0.012817369773983955,0.9691150188446045,0.018067728728055954
The new name of the Sanoma Division will be Sanoma News .,1,neutral,neutral,0.9505539536476135,0.03573903068900108,0.013706996105611324,0.9505539536476135
Pretax profit rose to EUR 0.6 mn from EUR 0.4 mn in the corresponding period in 2005 .,2,positive,positive,0.9519790410995483,0.9519790410995483,0.026909980922937393,0.02111104503273964
Altimo and TeliaSonera said yesterday that Usmanov would be welcome to join the new company .,2,positive,neutral,0.8920247554779053,0.0968451276421547,0.011130149476230145,0.8920247554779053
"3 January 2011 - Scandinavian lenders Sampo Bank ( HEL : SAMAS ) , Pohjola Bank ( HEL : POH1S ) and Svenska Handelsbanken ( STO : SHB A ) have provided a EUR160m ( USD213m ) line of credit to Lemminkainen Oyj ( HEL : LEM1S ) , the Finnish construction firm said on Friday .",1,neutral,positive,0.919623613357544,0.919623613357544,0.013609293848276138,0.06676704436540604
Aspo serves demanding business-to-business customers .,1,neutral,neutral,0.9022238254547119,0.08611908555030823,0.011657146736979485,0.9022238254547119
In February the Elcoteq group sold its St Petersburg facility ; according to unconfirmed information the reason could have been supply problems because of the Russian customs service .,0,negative,negative,0.950919508934021,0.011156917549669743,0.950919508934021,0.03792347013950348
stores 16 March 2010 - Finnish stationery and gift retailer Tiimari HEL : TII1V said yesterday that it will cut a total of 28 jobs in its units Tiimari Retail Ltd and Gallerix Finland Ltd as a result of the closure of shops .,0,negative,negative,0.9717369675636292,0.006381296087056398,0.9717369675636292,0.021881738677620888
It also turned to earnings per share ( EPS ) of EUR 0.08 versus loss per share of EUR 0.04 .,2,positive,positive,0.786149799823761,0.786149799823761,0.050160713493824005,0.1636895090341568
The new technology improves the glass quality and consistency while increasing throughput .,2,positive,positive,0.9422551393508911,0.9422551393508911,0.00935994740575552,0.04838486388325691
Operating profit decreased to EUR 11.2 mn from EUR 16.6 mn .,0,negative,negative,0.9749720692634583,0.009450632147490978,0.9749720692634583,0.015577267855405807
Satama and Trainers ' House will remain as names and independent brands of the business areas .,1,neutral,neutral,0.9380265474319458,0.05171094834804535,0.01026253029704094,0.9380265474319458
The deal was worth about EUR 1.2 mn .,1,neutral,neutral,0.9241992235183716,0.06112377345561981,0.014677003026008606,0.9241992235183716
"Our objective is to yield a significant part of our turnover in Russia in a couple of years , '' says Solteq 's Managing Director Hannu Ahola .",1,neutral,positive,0.8298571109771729,0.8298571109771729,0.007195217069238424,0.1629476696252823
"Incap Corporation Stock Exchange Announcement 29 April 2010 at 1 p.m. INVITATION TO A NEWS CONFERENCE ON INCAP 'S INTERIM REPORT Q1-2010 Incap will publish its interim report for January-March 2010 on Wednesday , 5 May 2010 .",1,neutral,neutral,0.9434888958930969,0.01753152720630169,0.03897961229085922,0.9434888958930969
The transaction is in line with Aspo 's strategy to expand in the Baltic Sea region and in the eastern markets .,2,positive,positive,0.8209168910980225,0.8209168910980225,0.005726216826587915,0.17335684597492218
"In Finland , snow storms brought trees down on power lines , cutting off electricity for some 2,000 households .",0,negative,negative,0.9671982526779175,0.007220377679914236,0.9671982526779175,0.025581426918506622
The recruits who have completed the K-retailer trainee program are qualified to start a career as independent retailers in K-stores .,1,neutral,neutral,0.8777647614479065,0.1095600426197052,0.012675180099904537,0.8777647614479065
"The Americas represents 25 % of Gemalto 's billing , and Latin America is one of the fastest growing regions for the company .",1,neutral,neutral,0.6791315078735352,0.31212717294692993,0.008741302415728569,0.6791315078735352
Certain shareholders have irrevocably agreed to vote in favor of the bond issue .,2,positive,positive,0.9232931137084961,0.9232931137084961,0.01657520793378353,0.06013164669275284
"Upon completion , Keskuskatu will form the backbone of Helsinki 's pedestrianised downtown area , linking up with the city 's other main pedestrian precincts .",2,positive,positive,0.7918052673339844,0.7918052673339844,0.007225571665912867,0.20096921920776367
The company anticipates its turnover for the whole 2010 to surpass that of the previous year when it was EUR 67.1 million .,2,positive,positive,0.9520881772041321,0.9520881772041321,0.01999148726463318,0.027920322492718697
"Besides , Pit-Produkt will enter the new segments .",1,neutral,neutral,0.8537735939025879,0.13935719430446625,0.006869264412671328,0.8537735939025879
A 2001 agreement expired earlier this month .,1,neutral,negative,0.6340892910957336,0.023307688534259796,0.6340892910957336,0.34260308742523193
( A spokesperson told WWD to expect a 50-50 mix of clothing and home decor . ),1,neutral,neutral,0.9110315442085266,0.07730316370725632,0.011665256693959236,0.9110315442085266
Olli-Pekka Laine has been appointed as the Chairman and Erkki Pehu-Lehtonen as the Vice Chairman of the Board .,1,neutral,neutral,0.9495676755905151,0.02661823108792305,0.023814113810658455,0.9495676755905151
"As with other stakeholders , COMPTEL has been involved in the workshops , meetings and filed comments on the issues of greatest importance to the competitive sector of our industry .",1,neutral,neutral,0.8266351819038391,0.16522856056690216,0.00813628826290369,0.8266351819038391
The agreement is valid for four years .,1,neutral,neutral,0.8701879382133484,0.11978329718112946,0.010028781369328499,0.8701879382133484
"A local waste management company , Turun Seudun J+ñtehuolto , has planned to set up a 150,000 tonne waste-burning facility .",1,neutral,neutral,0.6589279770851135,0.33220458030700684,0.008867377415299416,0.6589279770851135
"Finnish software company QPR Software Plc ( OMX Helsinki : QPR1V ) reported on Thursday ( 23 October ) an operating profit of EUR63 ,000 on net sales of EUR1 .5 m for the third quarter 2008 .",1,neutral,neutral,0.9233090281486511,0.05471089854836464,0.02198009379208088,0.9233090281486511
"In 2009 , Lee & Man had a combined annual production capacity of close to 4.5 million tonnes of paper and 300,000 tonnes of pulp .",1,neutral,neutral,0.9207523465156555,0.06669775396585464,0.01254996657371521,0.9207523465156555
Investments in product development stood at 6.0 mln euro ( $ 8.8 mln ) .,1,neutral,neutral,0.9047054648399353,0.08027014881372452,0.015024365857243538,0.9047054648399353
Finland-based international machinery rental company Ramirent Plc ( OMX Helsinki : RMR1V ) reported on Friday ( 15 August ) an operating profit of EUR65 .0 m on net sales of EUR342 .9 m for the period January-June 2008 .,1,neutral,neutral,0.913793683052063,0.06580780446529388,0.02039843052625656,0.913793683052063
"In addition , the contract includes modification of the effluent treatment plant at Follum .",1,neutral,neutral,0.7251965999603271,0.26151371002197266,0.013289679773151875,0.7251965999603271
"After the transaction , Danske Bank becomes an equal player with Nordic bank group Nordea in the Nordic countries .",1,neutral,neutral,0.8576425909996033,0.13473071157932281,0.00762674305588007,0.8576425909996033
"Olvi 's target is to strengthen its market share in soft drinks , mineral waters , ciders , long drinks , and energy drinks .",1,neutral,positive,0.9335911870002747,0.9335911870002747,0.007589731365442276,0.058819133788347244
"The parties have agreed not to disclose the price of the deal , the group said in a press release .",1,neutral,neutral,0.935654878616333,0.0410110279917717,0.023334115743637085,0.935654878616333
Brazilian mobile player Telemig Celular yesterday announced that it has selected Finnish software developer Tecnomen Oyj to expand its prepaid billing system .,2,positive,positive,0.9178739786148071,0.9178739786148071,0.0082109235227108,0.07391510903835297
"Finnish broadband data communication systems provider Teleste Oyj HEL : TLT1V said yesterday it returned to a net profit of EUR 2.7 million USD 3.8 m for the first nine months of 2010 versus a net loss of EUR 579,000 for the same period of 2009 .",2,positive,positive,0.9319615364074707,0.9319615364074707,0.050491005182266235,0.017547480762004852
"Sami Sepp+ñnen , CEO for Elisa Eesti , says the novel network allows fast mobile broadband for sparsely populated areas .",1,neutral,neutral,0.686934769153595,0.30583593249320984,0.007229296490550041,0.686934769153595
Almost the entire office building will be occupied by Metso .,1,neutral,neutral,0.9579565525054932,0.026766495779156685,0.015276992693543434,0.9579565525054932
"`` We can say that the number of deals has become normalized by the moment , and therefore we have decided to devalue our apartments now on sale , '' he added .",0,negative,negative,0.7221018671989441,0.06566477566957474,0.7221018671989441,0.21223339438438416
"Finnish plumbing and heating systems supplier Uponor 's net sales from continuing operations decreased by 9.4 % in 2008 to EUR 949.2 mn from EUR 1,047.4 mn in 2007 .",0,negative,negative,0.9755344390869141,0.008066889829933643,0.9755344390869141,0.01639869064092636
"The six breweries recorded a 5.2 percent growth in domestic beer sales last year to 270.21 million liters , from 256.88 million liters sold in 2005 .",2,positive,positive,0.9492983818054199,0.9492983818054199,0.023720556870102882,0.026981083676218987
Filmiteollisuus Fine Ab will be transferred to Talentum Oyj in the form of a subsidiary .,1,neutral,neutral,0.9553560614585876,0.027331624180078506,0.01731235720217228,0.9553560614585876
"One of the installed elevators will be a double-deck elevator , which enables more efficient use of the building 's core space .",2,positive,positive,0.7605562210083008,0.7605562210083008,0.008026175200939178,0.23141764104366302
The compnay also said that it would lower the price of development projects by about one third compared with last November .,1,neutral,neutral,0.5199390053749084,0.37667569518089294,0.10338525474071503,0.5199390053749084
"The offer of some 30 million shares aimed to raise more than  x20ac 500 million US$ 640 million , was expected to be completed by Oct. 9 , Outokumpu said .",1,neutral,neutral,0.8011474013328552,0.19038867950439453,0.008463908918201923,0.8011474013328552
"We serve a broad range of customers , including construction and process industries , shipyards , the public sector and households .",1,neutral,neutral,0.9362857341766357,0.05288523808121681,0.010829041711986065,0.9362857341766357
The fair value of investment properties was EUR 2 251.0 ( 1 281.4 ) million .,1,neutral,neutral,0.9463958740234375,0.022097131237387657,0.03150692954659462,0.9463958740234375
"In the Baltic countries , sales fell by 40.2 % , and in Russia , by 23.2 % in terms of euros , and by 10.7 % in terms of local currency .",0,negative,negative,0.9755879044532776,0.006862265523523092,0.9755879044532776,0.017549842596054077
"The company is headquartered in Sievi , Finland , and is listed on the Nordic Exchange in Helsinki .",1,neutral,neutral,0.9524390697479248,0.027856959030032158,0.019703974947333336,0.9524390697479248
"With this subscription , Fortum 's ownership in TGK-10 has increased to slightly over 76 % of shares and voting rights .",1,neutral,positive,0.7663662433624268,0.7663662433624268,0.007388703525066376,0.22624514997005463
"`` Subscribers can browse free numbers with their handset , and select the numbers , packages and services they prefer when activating the phone .",1,neutral,neutral,0.9516841173171997,0.033463310450315475,0.014852616935968399,0.9516841173171997
Tekla Structures 16 is ` all about you and your team ' and compatible with the Windows 7 operating system .,1,neutral,neutral,0.8739219307899475,0.117677241563797,0.008400809951126575,0.8739219307899475
The firm generated sales of 187 mln eur in 2005 .,1,neutral,neutral,0.8744381070137024,0.11549313366413116,0.010068738833069801,0.8744381070137024
"In 2006 the company 's net sales amounted to approximately EUR259m and it has some 8,000 employees .",1,neutral,neutral,0.943412721157074,0.038381800055503845,0.018205508589744568,0.943412721157074
The company also equipped the sculptural complex Rabochy i Kolkhoznitsa A Worker and a Collective Farmer in Moscow with snow melting system .,1,neutral,neutral,0.6231191158294678,0.36741024255752563,0.009470677003264427,0.6231191158294678
"Currently the Terminator lures are produced in a subcontract facility in Mexico but the manufacturing will be transferred to Rapala 's factory in Shenzhen , China .",1,neutral,neutral,0.9338214993476868,0.05392913147807121,0.012249370105564594,0.9338214993476868
"The effect may remain short-lived , however .",1,neutral,negative,0.7574669718742371,0.07579348236322403,0.7574669718742371,0.1667395383119583
"Metso Foundries Jyvaskyla , Inc. will begin personnel negotiations on temporary lay-offs and personnel reductions in Jyvaskyla , Finland .",0,negative,negative,0.9688002467155457,0.009106192737817764,0.9688002467155457,0.022093553096055984
"The fair value of investment properties totalled EUR 2,299.9 mn , compared to EUR 2,229.5 mn in the corresponding period in 2009 .",2,positive,positive,0.5430294871330261,0.5430294871330261,0.43352097272872925,0.02344951592385769
"According to ACNielsen 's ScanTrack study for the period week 10 of 2005 to week 9 of 2006 , Coca-Cola is the market leader in soft drinks in Finland .",2,positive,positive,0.9090040922164917,0.9090040922164917,0.01028482150286436,0.08071102201938629
Global Banking News - 28 September 2010 Tieto Corporation and Pohjola Bank ( PINK : POJLF ) are to cooperate on SWIFT services .,2,positive,positive,0.8210113644599915,0.8210113644599915,0.007565479725599289,0.17142313718795776
"The report examines the medical equipment business structure and operations , history and products , and provides an analysis of its key medical equipment revenue lines .",1,neutral,neutral,0.9376198053359985,0.046164046972990036,0.016216080635786057,0.9376198053359985
Outokumpu 's chief executive Juha Rantanen expressed his confidence in China market .,2,positive,positive,0.8989009261131287,0.8989009261131287,0.010341841727495193,0.09075718373060226
The order was valued at over EUR15m .,1,neutral,neutral,0.8901770114898682,0.0984448716044426,0.011378117837011814,0.8901770114898682
The duration of the contract is 37 months .,1,neutral,neutral,0.9426300525665283,0.032967038452625275,0.024402929469943047,0.9426300525665283
Performance is based on values and sustainability .,1,neutral,neutral,0.9342904686927795,0.050479307770729065,0.015230250544846058,0.9342904686927795
Kone shares dropped 4.1 percent to  x20ac 43 US$ 55.77 in Helsinki .,0,negative,negative,0.9713740944862366,0.006037227809429169,0.9713740944862366,0.02258872054517269
This lays a foundation for sustainable business development for the long term .,1,neutral,positive,0.5176272988319397,0.5176272988319397,0.009412911720573902,0.4729597270488739
"Under the agreement , TietoEnator will provide Blyk with extended application and business process management services and an IT infrastructure .",2,positive,positive,0.7577559351921082,0.7577559351921082,0.006436798255890608,0.23580731451511383
"Re-use back into PET bottles has also steadily increased and the rate of use in strapping tape has picked up again after a dip in 2005 , Petcore said previously .",2,positive,positive,0.9504228830337524,0.9504228830337524,0.028826534748077393,0.020750612020492554
"In connection with the deal , Digia will employ 19 persons from Nokia in Oslo and in Silicon Valley in the USA .",1,neutral,neutral,0.9164063930511475,0.07105430960655212,0.012539306655526161,0.9164063930511475
Together they generate Aspo 's goodwill .,1,neutral,neutral,0.8616711497306824,0.1301211714744568,0.008207684382796288,0.8616711497306824
"Simultaneously , Alma Media has purchased a 35 % share of Arena Interactive , a subsidiary of Arena Partners with a focus on mobile solutions development .",1,neutral,neutral,0.9152635335922241,0.07515505701303482,0.009581437334418297,0.9152635335922241
Finnish office supplies and computer accessories dealer Beltton-Group Plc said its net profit rose to 1.3 mln euro ( $ 1.7 mln ) in 2006 from 1.13 mln euro ( $ 1.5 mln ) in 2005 .,2,positive,positive,0.9485191106796265,0.9485191106796265,0.031728412955999374,0.019752467051148415
"As a result , a total of 82 employees would be given notice .",1,neutral,neutral,0.6175578832626343,0.032839760184288025,0.3496023416519165,0.6175578832626343
YIT Kausta will build commercial and residential highrises in Virsuliskes area .,1,neutral,neutral,0.8839691281318665,0.10743723809719086,0.008593638427555561,0.8839691281318665
"When the negotiations were started , Neste Oil anticipated that 450 people would be affected .",1,neutral,negative,0.8893530368804932,0.012227537110447884,0.8893530368804932,0.09841952472925186
"Operating profit totaled EUR 5.5 mn , up from EUR -0.7 mn .",2,positive,positive,0.955996036529541,0.955996036529541,0.02365359291434288,0.02035040780901909
Operating profit fell to EUR 20.3 mn from EUR 74.2 mn in the second quarter of 2008 .,0,negative,negative,0.9765557646751404,0.0073248944245278835,0.9765557646751404,0.016119318082928658
"Founded in 1923 , Finnair is one of the world 's oldest airlines and flies to 60 destinations with a fleet of 63 aircraft , employing 9,500 people .",1,neutral,neutral,0.8850627541542053,0.10441557317972183,0.010521672666072845,0.8850627541542053
"Cargotec Corporation , Press Release , April 28 , 2008 at 2.00 p.m. Finnish time Cargotec 's MacGREGOR business area providing marine cargo handling and offshore load handling solutions has received significant hatch cover orders for bulk carriers .",2,positive,positive,0.9539294838905334,0.9539294838905334,0.020988259464502335,0.025082241743803024
"Eero Katajavuori , currently Group Vice President , Human Resources , will take a year-long sabbatical starting from October 1 , 2010 .",1,neutral,neutral,0.7778993844985962,0.02034871280193329,0.2017519176006317,0.7778993844985962
"Jukka Hienonen , the current Finnair CEO , will step down at the end of January 2010 .",1,neutral,neutral,0.5468924045562744,0.016359711065888405,0.43674778938293457,0.5468924045562744
The company reports a loss for the period of EUR 0.4 mn compared to a loss of EUR 1.9 mn in the corresponding period in 2005 .,2,positive,negative,0.9565978050231934,0.03416939452290535,0.9565978050231934,0.009232728742063046
"Commission income increased by 22 % to EUR 4.4 mn , and lending volume rose by 13.5 % .",2,positive,positive,0.9561483860015869,0.9561483860015869,0.016967695206403732,0.026883916929364204
Net loss in the same period in 2009 was euro18 .6 million .,1,neutral,neutral,0.7244510054588318,0.026002587750554085,0.2495463639497757,0.7244510054588318
The company plans to expand into the international market through its subsidiaries and distributors from 2011 onwards .,2,positive,positive,0.7142807841300964,0.7142807841300964,0.006317503750324249,0.27940163016319275
Negotiations with representatives of the personnel regarding the restructuring process have now been ended .,1,neutral,negative,0.7760006785392761,0.014199035242199898,0.7760006785392761,0.20980025827884674
"Operating result for the 12-month period decreased from the profit of EUR0 .4 m while turnover decreased from EUR5 .6 m , as compared to 2004 .",0,negative,negative,0.9745477437973022,0.00785298552364111,0.9745477437973022,0.017599282786250114
The value of the multi-year agreement is over EUR 2mn a year .,1,neutral,neutral,0.7842375636100769,0.20818109810352325,0.007581290323287249,0.7842375636100769
"Currently , the company uses eight similar reach stackers and four empty container handlers by Konecranes .",1,neutral,neutral,0.9313046336174011,0.05574294924736023,0.012952481396496296,0.9313046336174011
The name of the newspaper publishing and printing division Sanoma will be changed to Sanoma News .,1,neutral,neutral,0.9459608793258667,0.032286129891872406,0.02175300009548664,0.9459608793258667
Nokia Corp of Finland Tuesday said it has received a unified device managment contract with Finnish operator Elisa Oyj .,1,neutral,positive,0.943665623664856,0.943665623664856,0.014933891594409943,0.04140051081776619
"The orders consist in total of over 1,600 panels of lift-away weatherdeck hatch covers and they will be delivered for container vessels with capacities ranging from 2,000 to 13,300 TEUs .",1,neutral,neutral,0.8961852192878723,0.09424623847007751,0.009568529203534126,0.8961852192878723
Teleste BK Optiflex amplifier products will be used in ongoing capacity upgrade of KDG 's network to bi-directionality .,1,neutral,positive,0.5461187958717346,0.5461187958717346,0.007083192002028227,0.4467979967594147
"Jun. 25 , 2008 ( Boy Genius Report delivered by Newstex ) -- The Nokia ( NYSE : NOK ) N78 , huh ?",1,neutral,neutral,0.9365873336791992,0.03484487906098366,0.028567757457494736,0.9365873336791992
The financial statements release will be available after publishing on the Company 's internet pages at www.cargotec.com .,1,neutral,neutral,0.9568720459938049,0.02302432246506214,0.020103614777326584,0.9568720459938049
"Sampo Housing Loan Bank , a unit of Finland 's Sampo Bank , has priced its EUR1bn ( USD1 .3 bn ) bond at 99.889 % , Reuters reported .",1,neutral,positive,0.5239575505256653,0.5239575505256653,0.015712708234786987,0.46032974123954773
"`` While concerns remain longer term , size and scale may enable Nokia to hold on to its newfound margin improvements in the near term , '' the analyst wrote .",2,positive,positive,0.9541494250297546,0.9541494250297546,0.017321355640888214,0.02852928638458252
"Conference Call To participate via a conference call , please dial in 5-10 minutes before the beginning of the event : +44 0 20 7162 0025 Europe or +1 334-á323-á6201 USA .",1,neutral,neutral,0.9491434097290039,0.02638133056461811,0.024475255981087685,0.9491434097290039
Relations with the City have been further damaged by comments from Mr Ashley criticising City investors and analysts as `` cry babies '' .,0,negative,negative,0.9654967188835144,0.008623229339718819,0.9654967188835144,0.02588004060089588
Aspokem posted an operating profit of 2.7 mln euro ( $ 3.5 mln ) and net sales of 89.1 mln euro ( $ 116.8 mln ) in 2006 .,1,neutral,neutral,0.9260662198066711,0.052289631217718124,0.02164415456354618,0.9260662198066711
"The subscriptions increase Cargotec 's share capital by 36,780 euros .",2,positive,positive,0.9491884708404541,0.9491884708404541,0.012471599504351616,0.03833992779254913
"Because the application can be considered as a hacking application , it is classified by F-Secure as riskware .",1,neutral,neutral,0.7876564860343933,0.02106267400085926,0.19128082692623138,0.7876564860343933
Metso Foundries Jyvaskyla Oy will discontinue production on this line by 30 September 2008 .,1,neutral,negative,0.6758236885070801,0.014041082002222538,0.6758236885070801,0.31013524532318115
"According to PKC , the acquisition would bring a significant addition to PKC 's customer base .",2,positive,positive,0.9177647233009338,0.9177647233009338,0.008037027902901173,0.07419822365045547
"The deal includes all rental equipment and related merchandise , the rental contract of the depot and two employees , the company said .",1,neutral,neutral,0.9510924816131592,0.031414229422807693,0.01749330759048462,0.9510924816131592
"Seppala transferred the sale to a greater extent than last year to February , and this is reflected on the January sales figures .",1,neutral,neutral,0.898611843585968,0.08294841647148132,0.01843971386551857,0.898611843585968
"Metso Foundries Jyvaskyla Oy will discontinue production on this line by 30 September 2008 , the company said .",1,neutral,negative,0.7316928505897522,0.013046533800661564,0.7316928505897522,0.2552606165409088
Kirsi Rantanen was previously development director for HK Ruokatalo 's poultry business .,1,neutral,neutral,0.9236713647842407,0.02757822349667549,0.04875040799379349,0.9236713647842407
"Protalix closed at $ 10.71 on Friday on the American Stock Exchange , giving a market cap of $ 827 million .",1,neutral,neutral,0.8360199928283691,0.14774267375469208,0.0162372849881649,0.8360199928283691
"The hosting mobile terminal guides information flow between itself , the participating terminals , and optionally , with network servers that may assist the hosting mobile terminal .",1,neutral,neutral,0.9535282850265503,0.026401905342936516,0.020069848746061325,0.9535282850265503
"In its financial report , published on Friday , SEB said its net profit soared to SEK6 .745 bn in 2010 from a year-earlier SEK1 .114 bn and proposed a 50 % dividend increase to SEK1 .50 per share .",2,positive,positive,0.9499439001083374,0.9499439001083374,0.020665885880589485,0.029390236362814903
"GeoSentric Oyj s GeoSolutions Business Unit GyPSii , the mobile digital lifestyle application and geo-mobility social networking platform , has signed an agreement with Nanjing MyNet to make the GyPSii mobile social networking platform available to customers of China Mobile .",2,positive,positive,0.9357637166976929,0.9357637166976929,0.013496731407940388,0.05073954910039902
"Both operating profit and net sales for the three-month period increased , respectively from EUR15 .1 m and EUR131 .5 m , as compared to the corresponding period in 2005 .",2,positive,positive,0.9585912227630615,0.9585912227630615,0.02187950350344181,0.019529232755303383
"Mr. Mika Korpinen , APAC Vice President for Comptel concludes : `` Comptel is once again demonstrating the importance of providing reliable delivery and enabling time-to-market .",1,neutral,positive,0.9175082445144653,0.9175082445144653,0.008812540210783482,0.07367929071187973
This will bring cost savings of about EUR 3mn a year .,2,positive,positive,0.9331372380256653,0.9331372380256653,0.010401075705885887,0.056461725383996964
Stora Enso will record a capital gain of EUR 33 million as a non-recurring financial item in its fourth quarter 2006 results .,1,neutral,positive,0.8761431574821472,0.8761431574821472,0.010969260707497597,0.11288759857416153
It estimates the operating profit to further improve from the third quarter .,2,positive,positive,0.9565441608428955,0.9565441608428955,0.020466087386012077,0.022989680990576744
He said he has been losing five families a month to the economy as many make alternative arrangements to save money .,0,negative,negative,0.9564653038978577,0.009720820002257824,0.9564653038978577,0.033813923597335815
The incident happened at 2:30 p.m. on Avenue 192 at Road 196 .,1,neutral,negative,0.541023313999176,0.021674608811736107,0.541023313999176,0.4373021125793457
"Sales in Latin America increased by 42 % to EUR 432mn , and a total of 8.7 mn mobile devices were sold in the area , representing an increase of 32 % from the corresponding period in 2009 .",2,positive,positive,0.9538991451263428,0.9538991451263428,0.01958162523806095,0.02651931717991829
The Kyroskoski investment is to be completed in late 2011 and the +ä+ñnekoski investment in the spring of 2012 .,1,neutral,neutral,0.9321526885032654,0.05742163211107254,0.010425635613501072,0.9321526885032654
About Dopplr Dopplr is a service for smart travellers .,1,neutral,neutral,0.9444085359573364,0.039360255002975464,0.0162312313914299,0.9444085359573364
"Basware Corporation stock exchange release August 31 , 2010 at 16:25 Basware signed a large deal with an international industrial group Basware will deliver Invoice Automation solution and Connectivity Services to an international industrial group .",2,positive,positive,0.9291064143180847,0.9291064143180847,0.012752115726470947,0.05814146250486374
The number of customers is one of the most important parameters in determining the price of electricity networks .,1,neutral,neutral,0.9382357001304626,0.04005647823214531,0.02170778438448906,0.9382357001304626
"Luna took fifth place on six-under 207 , a shot behind Spain 's Beatriz Recari and Germany 's Martina Eberl , while Welsh player Becky Brewerton was the highest-placed British finisher , sharing seventh place on three-under 210 after shooting 71 .",1,neutral,neutral,0.8209592700004578,0.08726968616247177,0.09177099913358688,0.8209592700004578
"s NASDAQ OMX : GEO1V , GyPSii business unit , developers of the award-winning GyPSii mobile social networking application , today announced its availability as a free download via the Samsung Mobile Applications Store .",1,neutral,neutral,0.8424090147018433,0.14951100945472717,0.008079956285655499,0.8424090147018433
"With the U.S. Federal Government putting a stake in the ground , vendors - and their customers - are focused on meeting the deadline .",1,neutral,neutral,0.865197479724884,0.11362221837043762,0.02118024416267872,0.865197479724884
The Finnish paints company acquired the remaining 49 pct that it did not own from Ukraine 's LGU for an undisclosed sum .,1,neutral,neutral,0.9494353532791138,0.03249490633606911,0.01806974597275257,0.9494353532791138
The announcement comes two weeks before a key licensing agreement expires between between the two companies which are embroiled in a disagreement over royalty payments for Texas Instrument chips which use Qualcomm-patented technology .,0,negative,negative,0.9323035478591919,0.016948943957686424,0.9323035478591919,0.05074746161699295
The board further said the company omitted to tender for a substantial part of the works and as such they had rightfully been found non-responsive by the evaluation team .,1,neutral,negative,0.9420366883277893,0.01097436435520649,0.9420366883277893,0.04698896035552025
"The Tekla Structures product box , if needed , is now made from recycled material .",1,neutral,neutral,0.9058381915092468,0.08491037040948868,0.009251429699361324,0.9058381915092468
"Steek , which was set up in 2002 , is based in Bordeaux , southwestern France .",1,neutral,neutral,0.9442017078399658,0.04094249755144119,0.014855772256851196,0.9442017078399658
The use case dramatically narrows if you go only with the hot s Ltd.,1,neutral,neutral,0.7867403030395508,0.071407750248909,0.1418519914150238,0.7867403030395508
"When the product is manufactured in Finland , it is also packed in the country .",1,neutral,neutral,0.943648636341095,0.031018119305372238,0.025333283469080925,0.943648636341095
Finnish mobile operator DNA will function as a subcontractor to Maingate and will be responsible for telecommunications connections .,2,positive,neutral,0.9300859570503235,0.05951246991753578,0.010401577688753605,0.9300859570503235
"With the government exempting certain stainless steel products from anti-dumping duties , Finland-based Outokumpu today said it will look to enter into supply pacts with the Indian Railways soon .",1,neutral,positive,0.9129745960235596,0.9129745960235596,0.013566862791776657,0.07345849275588989
"Galeria Podlaska , a shopping mall on Wysockiego Street in Bia ` ystok , is approximately 60-percent leased or reserved .",1,neutral,neutral,0.9476698637008667,0.020039673894643784,0.03229039907455444,0.9476698637008667
`` Printed fabrics and related design expertise have always been the core of Marimekko 's business and brand .,1,neutral,neutral,0.9131448864936829,0.07512646913528442,0.01172865740954876,0.9131448864936829
"In July-September 2008 , YIT 's net sales increased to EUR 970.8 mn , compared to EUR 906.8 mn in the corresponding period in 2007 .",2,positive,positive,0.9492195248603821,0.9492195248603821,0.03370748460292816,0.017072970047593117
The aim is an annual improvement in Ruukki Construction 's operating profit of more than EUR 3 million USD 4.1 m starting in 2009 .,2,positive,positive,0.955659031867981,0.955659031867981,0.01488417387008667,0.029456714168190956
"As a result of the cancellation , the maximum increase of Citycon 's share capital on the basis of the convertible bonds decreased from EUR 23,383,927.80 to EUR 22,901,784.75 .",1,neutral,negative,0.5422589182853699,0.18549741804599762,0.5422589182853699,0.2722436785697937
Diluted earnings per share ( EPS ) rose to EUR 0.52 versus EUR 0.09 .,2,positive,positive,0.9586364030838013,0.9586364030838013,0.022407066076993942,0.018956555053591728
"in Q1 '10 19 April 2010 - Finnish forest machinery and equipment maker Ponsse Oyj HEL : PON1V said today that it expects to swing to a net profit of some EUR6 .3 m in the first quarter of 2010 , from an EUR9 .6 m loss a year earlier .",2,positive,positive,0.9497298002243042,0.9497298002243042,0.02752036787569523,0.022749900817871094
The indexes include the top companies that are committed to sustainable development .,1,neutral,neutral,0.7670937776565552,0.22423633933067322,0.008669796399772167,0.7670937776565552
"4 February 2011 - Finnish broadband data communication systems provider Teleste Oyj HEL : TLT1V said Wednesday its net profit rocketed to EUR4 .8 m in 2010 from EUR416 ,000 in 2009 and it lifted its dividend proposal .",2,positive,positive,0.9393892884254456,0.9393892884254456,0.03543838486075401,0.025172345340251923
"Via the move , the company aims annual savings of some EUR3m , the main part of which are expected to be realized this year .",2,positive,positive,0.94120192527771,0.94120192527771,0.013299422338604927,0.04549866542220116
"In Finland , insurance company Pohjola and the Finnish motorcyclist association have signed an agreement with the aim of improving motorcyclists ' traffic safety .",2,positive,positive,0.9350144267082214,0.9350144267082214,0.014300528913736343,0.050685081630945206
"According to the report , Elisa 's and DNA 's joint market share of Finland 's telecom market is 59 % .",1,neutral,neutral,0.9124482870101929,0.07678841054439545,0.010763249360024929,0.9124482870101929
"EQT has completed its exit from Salcomp , a Finnish company that makes mobile phone chargers , by selling its remaining stake to Swedish investment group Nordstjernan for about ( EURO ) 35 million ( $ 47 million ) .",1,neutral,neutral,0.9421190023422241,0.03874967247247696,0.019131265580654144,0.9421190023422241
The bank sees a potential for Getinge share to rise .,2,positive,positive,0.9504223465919495,0.9504223465919495,0.018208488821983337,0.031369101256132126
"Dirk Jones , head of Financial Institutions Client Sales Management , GTS , Citigroup , Inc , said , ` Citi is extremely pleased to be providing global custody services to Pohjola Group Bank .",2,positive,positive,0.9051792025566101,0.9051792025566101,0.01109086163341999,0.08372987806797028
"The contract consists of a new building with an area of 18,000 sq m and renovation of the existing buildings .",1,neutral,neutral,0.8054489493370056,0.18530037999153137,0.00925072655081749,0.8054489493370056
"After Chuck Smith was laid off on May 30 from his $ 90,000 housing consultant job , he and his wife had to cut spending in half for their family of six , having to rely on his wife 's income -- about the same as his -- alone .",0,negative,negative,0.9405854940414429,0.01077161356806755,0.9405854940414429,0.04864289611577988
Stora Enso 's target has been cut to EUR 4.85 from EUR 5.55 and Holmen 's target -- to SEK 135 from SEK 150 .,0,negative,negative,0.8743266463279724,0.07844696938991547,0.8743266463279724,0.04722638055682182
"A total of 16.5 mn passenger ship journeys took place in the northern Baltic Sea in 2007 , slightly down from 16.5 mn in 2006 .",0,negative,negative,0.9730548858642578,0.016178034245967865,0.9730548858642578,0.010767043568193913
Finnish Cargotec has been awarded a significant order for a total of 292 Hiab loader cranes by BAE Systems in the US .,2,positive,positive,0.9488463997840881,0.9488463997840881,0.015538796782493591,0.035614799708127975
"The broad-based WIG index ended Thursday 's session 0.1 pct up at 65,003.34 pts , while the blue-chip WIG20 was 1.13 down at 3,687.15 pts .",1,neutral,negative,0.9408617615699768,0.02501768060028553,0.9408617615699768,0.03412046283483505
"After the transaction , Tikkurila has no powder coatings related operations .",1,neutral,neutral,0.9505150318145752,0.020619992166757584,0.028864942491054535,0.9505150318145752
Applying for summer work is seen as laborious and stressful .,0,negative,negative,0.9508758783340454,0.008448896929621696,0.9508758783340454,0.04067518562078476
The business to be divested generates consolidated net sales of EUR 60 million annually and currently has some 640 employees .,1,neutral,neutral,0.9334280490875244,0.02407686784863472,0.04249506816267967,0.9334280490875244
"Finnish electronics manufacturing services EMS company Elcoteq SE posted a net loss of 66.4 mln euro $ 91.2 mln for the first half of 2007 , compared to a net profit of 7.1 mln euro $ 9.8 mln for the same period of 2006 .",0,negative,negative,0.9517541527748108,0.03787132725119591,0.9517541527748108,0.01037448737770319
The new shares entitle their holders to dividends for fiscal 2006 .,1,neutral,neutral,0.9095151424407959,0.07919357717037201,0.011291292496025562,0.9095151424407959
"New Delhi , July 17 -- Sahlberg Teppo , Kallio Timo and Mustonen Tuomas of M Real OYJ , Espoo , Finland have developed novel markings and methods of producing the same .",1,neutral,neutral,0.8962360620498657,0.09177998453378677,0.01198393665254116,0.8962360620498657
The output of the contracts totals 72 MWe .,1,neutral,neutral,0.940584659576416,0.045099541544914246,0.014315863139927387,0.940584659576416
"Reporting in accordance with the merged business operations will start as of January 1 , 2011 .",1,neutral,neutral,0.9566051959991455,0.024927571415901184,0.018467195332050323,0.9566051959991455
Cargotec Germany GmbH has been awarded a contract by Stadtverwaltung Mainz for chassis bodies under Open procedure .,2,positive,positive,0.9395394921302795,0.9395394921302795,0.01212602760642767,0.04833448305726051
"MILAN ( AFX ) - The Italian shipping group Grimaldi has increased its stake in the Finnish company Finnlines to 35.4 pct from the 30.5 pct held in June , according to news agency ANSA .",1,neutral,positive,0.9495620727539062,0.9495620727539062,0.021605871617794037,0.028832029551267624
"Finnish lifting equipment maker Kone Oyj said on October 4 , 2007 it won an order worth 15 mln euro $ 21.2 mln to deliver a total of 53 custom designed elevators to Norwegian shipbuilder Aker Yards ASA .",2,positive,positive,0.9300391674041748,0.9300391674041748,0.012670449912548065,0.05729041248559952
Finnish metal components supplier Componenta Oyj said its net profit went up to 3.5 mln euro $ 4.5 mln in 2006 from 2.2 mln euro $ 2.8 mln in 2005 .,2,positive,positive,0.9487338662147522,0.9487338662147522,0.027962317690253258,0.02330377697944641
The value of the three-year contract is estimated at EUR40m .,1,neutral,neutral,0.9056188464164734,0.08189265429973602,0.012488525360822678,0.9056188464164734
"He announced a `` solutions unit '' to speed co-operation in August , and shifted Simonson from finance chief to low-end phones in October .",1,neutral,neutral,0.9022952318191528,0.07107548415660858,0.026629235595464706,0.9022952318191528
He believes that the soy-oats have a good chance of entering the UK market .,2,positive,positive,0.9188171625137329,0.9188171625137329,0.009100758470594883,0.07208206504583359
"DnB Nord of Norway is the `` most likely Nordic buyer '' for Citadele , while Nordea would be a `` good strategic fit '' , according to the document published by Pietiek .",1,neutral,neutral,0.7719160914421082,0.2203589826822281,0.007724971044808626,0.7719160914421082
"FinancialWire tm is a fully independent , proprietary news wire service .",1,neutral,neutral,0.9531500935554504,0.02811099775135517,0.01873897574841976,0.9531500935554504
"However , sales volumes in the food industry are expected to remain at relatively good levels in Finland and in Scandinavia , Atria said .",2,positive,positive,0.9568198323249817,0.9568198323249817,0.018649982288479805,0.02453015372157097
"Lee & Man Paper and Metso have a long and prosperous co-operation , a good example of which are the Changshu and Hongmei kraftliner machines delivered earlier .",2,positive,positive,0.9093608260154724,0.9093608260154724,0.012571362778544426,0.07806789875030518
"In the autumn , it plans to expand service to St. Petersburg and Moscow and launch service to Yekaterinburg , Russia , flying there three times a week .",2,positive,positive,0.8514122366905212,0.8514122366905212,0.0072209094651043415,0.14136677980422974
"Remote Phone Management demonstrates SysOpen Digia 's unique end-to-end offering for operators , handset manufacturers and enterprise customers .",1,neutral,positive,0.5877612233161926,0.5877612233161926,0.0073148165829479694,0.4049239456653595
`` Consumers have very well received our packed fresh meat .,2,positive,positive,0.9242874383926392,0.9242874383926392,0.014491105452179909,0.06122148036956787
Alma Media expects its net sales to increase as forecast previously .,2,positive,positive,0.9564671516418457,0.9564671516418457,0.015755407512187958,0.027777528390288353
The facility consists of a seven year bullet term loan of 200 mln euro $ 292.4 mln and a 150 mln euro $ 219.3 mln five year revolving credit facility .,1,neutral,neutral,0.9277483820915222,0.05908907577395439,0.013162587769329548,0.9277483820915222
The ECB can mainly target inflation .,1,neutral,neutral,0.9267476201057434,0.027247829362750053,0.04600457474589348,0.9267476201057434
"The new Kroksberg railway tunnel will be built on a new section of track between Harnosand and Veda , forming part of the line that follows the coast of the Gulf of Bothnia .",1,neutral,neutral,0.7879050374031067,0.20397773385047913,0.008117258548736572,0.7879050374031067
Rosa is one of the best-known Duckburg illustrators .,1,neutral,neutral,0.909708559513092,0.05614288151264191,0.034148599952459335,0.909708559513092
Gearing was 43 % compared to 67 % in 2004 .,1,neutral,negative,0.8080831170082092,0.15566369891166687,0.8080831170082092,0.036253176629543304
Production is scheduled to start by the end of April 2007 .,1,neutral,neutral,0.9206541776657104,0.06722535192966461,0.012120481580495834,0.9206541776657104
Ruukki 's order book at the end of 2010 was 30 % up year-on-year and 10 % up quarter-on-quarter .,2,positive,positive,0.9548313617706299,0.9548313617706299,0.023889468982815742,0.021279226988554
The measures result from decreased demand in technical design and product information .,0,negative,negative,0.9666500091552734,0.008999085985124111,0.9666500091552734,0.024350978434085846
Rapala VMC Corporation ( Rapala ) is a Finland-based company engaged in the manufacture and distribution of fishing equipment and accessories .,1,neutral,neutral,0.9458092451095581,0.039022296667099,0.015168512240052223,0.9458092451095581
Finnish fibers and plastic products maker Suominen Corporation said its net loss from continuing operations narrowed to 1.8 mln euro ( $ 2.3 mln ) in 2006 from 3.7 mln euro ( $ 4.8 mln ) in 2005 .,2,positive,positive,0.9253900647163391,0.9253900647163391,0.05639178678393364,0.018218152225017548
"ALEXANDRIA , Va. , Jan. 9 -- United States Patent no. 7,862,685 , issued on Jan. 4 , was assigned to Kemira Chemicals Inc. ( Marietta , Ga. ) .",1,neutral,neutral,0.9386300444602966,0.04392954707145691,0.017440451309084892,0.9386300444602966
"In 2007 , the Group 's net sales stood at EUR 42 million and it had about 1,445 employees .",1,neutral,neutral,0.9457598328590393,0.02387259714305401,0.030367599800229073,0.9457598328590393
"Shareholder 's full name and ID code : - Petri Ailus , born 15.9.1966 For further information , please contact Isto Hantila , CEO , tel. +358 9 591 8342 .",1,neutral,neutral,0.9541414976119995,0.026208404451608658,0.01965002529323101,0.9541414976119995
"It projected revenue of $ 2.2 billion to $ 2.3 billion , slightly higher than analyst estimates of $ 2.19 billion .",2,positive,positive,0.9554204940795898,0.9554204940795898,0.02273712493479252,0.021842433139681816
"Nokia will continue to invest in future development of Qt , and Digia will be responsible for commercial licensing and services business .",1,neutral,neutral,0.9023571610450745,0.08948402851819992,0.008158814162015915,0.9023571610450745
"Solvay S.A. has engaged Poyry to provide project management , engineering , procurement , and site services for a hydrogen peroxide production plant to be built by a Solvay-BASF joint venture at BASF 's Zandvliet site , Belgium .",1,neutral,positive,0.6193985939025879,0.6193985939025879,0.008636509999632835,0.37196484208106995
Net sales in 2008 are expected to be on the same level as in 2007 .,1,neutral,neutral,0.5671917796134949,0.4179142415523529,0.0148939723148942,0.5671917796134949
Swedbank 's shares have been hardest hit of the Swedish banks by the ongoing international financial crisis .,0,negative,negative,0.9696568250656128,0.009599643759429455,0.9696568250656128,0.020743489265441895
"When cruising , the revs fall as less engine output is required .",1,neutral,negative,0.9620723724365234,0.008167185820639133,0.9620723724365234,0.029760489240288734
The total project duration is three years and it is valued at some EUR11 .5 m.,1,neutral,neutral,0.9367528557777405,0.0506192184984684,0.012627874501049519,0.9367528557777405
Results are expected late in 2006 .,1,neutral,neutral,0.9222978353500366,0.06301175057888031,0.014690425246953964,0.9222978353500366
"19 May 2010 - Finnish company Lemminkainen Oyj ( HEL : LEM1S ) said today that it will construct an office building at Toolonlahti in downtown Helsinki , without disclosing financial details .",1,neutral,neutral,0.9348105192184448,0.051502447575330734,0.013687018305063248,0.9348105192184448
Deliveries will start in the second half of 2007 and the start-up of the mill is scheduled for 2008 .,1,neutral,neutral,0.9281189441680908,0.0590023547410965,0.012878676876425743,0.9281189441680908
"According to the Latvian business register , Uponor Latvia closed in red with LVL 99,000 EUR 139,538.17 USD 194,556.48 on turnover of LVL 2.346 mn for 2009 .",0,negative,negative,0.8408438563346863,0.0988227128982544,0.8408438563346863,0.060333460569381714
"As a result , the company will temporarily lay-off 25 % of the whole personnel , approximately 270 persons at Kirkkonummi and Nivala factories .",0,negative,negative,0.9675137996673584,0.006916250102221966,0.9675137996673584,0.02556985430419445
"Among the Scandinavian companies present in St. Petersburg , is also named the Swedish concern NCC , which implements projects in the field of asphalt production , road and housing construction ( project Swedish Krona ) .",1,neutral,neutral,0.9428129196166992,0.04503263160586357,0.012154421769082546,0.9428129196166992
"According to the company , the lay-offs will be temporary .",1,neutral,negative,0.954059362411499,0.010091463103890419,0.954059362411499,0.035849086940288544
"At some point in 2010 , all separate company names , such as Palmberg , Tekmanni , Lemcon , Forssan Betoni , Suonenjoen Betonituote , among others , will disappear .",1,neutral,neutral,0.852613091468811,0.019601209089159966,0.12778566777706146,0.852613091468811
Part of the reductions will be made through retirement arrangements .,1,neutral,neutral,0.8143537044525146,0.03577117994427681,0.14987508952617645,0.8143537044525146
"In the Baltics , the merger of the businesses of the two is expected to be completed in early 2008 .",1,neutral,neutral,0.8526487946510315,0.13840381801128387,0.00894736498594284,0.8526487946510315
"The inventors are Bylander Johan , Ponten Fredrik and Lundberg Jorgen .",1,neutral,neutral,0.9453517198562622,0.03659876435995102,0.018049482256174088,0.9453517198562622
Ramirent is a leading company in machinery and equipment rentals for construction and industry .,2,positive,positive,0.5377489924430847,0.5377489924430847,0.007716139312833548,0.4545347988605499
"According shipping company Viking Line , the EU decision will have a significant financial impact .",1,neutral,negative,0.5432605147361755,0.21229131519794464,0.5432605147361755,0.2444481998682022
"( ADP News ) - Feb 11 , 2009 - Finnish wood products technology supplier Raute Oyj ( HEL : RUTAV ) said today its net profit decreased to EUR 4.7 million ( USD 6.1 m ) for 2008 from EUR 6.6 million for 2007 .",0,negative,negative,0.974524199962616,0.00719492370262742,0.974524199962616,0.01828082464635372
Kone 's net sales rose by some 14 % year-on-year in the first nine months of 2008 .,2,positive,positive,0.9578080177307129,0.9578080177307129,0.016265809535980225,0.025926241651177406
"In the first quarter of 2008 , Sacanfil 's net sales totalled EUR 50.0 mn and its operating profit EUR 4.7 mn .",1,neutral,neutral,0.8964452147483826,0.08193515986204147,0.021619591861963272,0.8964452147483826
"Operating loss totalled EUR 4.0 mn , compared to a profit of EUR 8.6 mn in the second quarter of 2008 .",0,negative,negative,0.9772700071334839,0.013391956686973572,0.9772700071334839,0.00933798123151064
"The customer is then forwarded to the site , and unknown to him logged in with the first number .",1,neutral,neutral,0.9378840923309326,0.020555756986141205,0.04156015068292618,0.9378840923309326
TomTom has given assurances that it will continue to sell maps to competitors if it wins EU approval .,2,positive,positive,0.9042540788650513,0.9042540788650513,0.0078091975301504135,0.08793669193983078
Why not give your bedroom a cool makeover for summer .,1,neutral,neutral,0.9083541631698608,0.07269863784313202,0.018947236239910126,0.9083541631698608
"Combining the two producers will create a strong EU-based fertilizer industry capable of meeting global competition , they added .",2,positive,positive,0.9291833639144897,0.9291833639144897,0.010155587457120419,0.060661088675260544
The growth of net sales in the first half of 2008 has been 28 % compared with the first half of 2007 .,2,positive,positive,0.9285362362861633,0.9285362362861633,0.03159243240952492,0.039871323853731155
Finnish elevators and escalators maker KONE Corporation said on Tuesday ( 18 March ) that it has received a major order from Sir Robert McAlpine to supply all elevators and escalators for the Watermark Place project in the City of London .,2,positive,positive,0.9417270421981812,0.9417270421981812,0.01959485001862049,0.03867807239294052
"`` We reached agreement with the union that flights will continue as normal , '' Finnair spokesman Usko Maatta said .",2,positive,positive,0.9312098026275635,0.9312098026275635,0.020193221047520638,0.04859698563814163
The company also said that the deployment of the Danish 4G network continues and it expects to cover 75 % of the Danish population in 2011 .,1,neutral,positive,0.8644638657569885,0.8644638657569885,0.006059278268367052,0.129476860165596
"On the route between Helsinki in Finland and Tallinn in Estonia , cargo volumes increased by 36 % , while cargo volumes between Finland and Sweden fell by 9 % .",1,neutral,positive,0.9256114959716797,0.9256114959716797,0.058651577681303024,0.01573694683611393
"EXEL COMPOSITES IN BRIEF Exel Composites is a technology company which designs , manufactures and markets composite profiles and tubes for industrial applications .",1,neutral,neutral,0.9392538666725159,0.04867121949791908,0.01207486167550087,0.9392538666725159
"Finnish Vaahto Group that provides paper-making technology and process machinery is starting negotiations concerning the temporary lay-offs of all 140 employees at the company 's plants in Hollola and Tampere , in Finland .",0,negative,negative,0.9678727388381958,0.00703195808455348,0.9678727388381958,0.025095369666814804
"HELSINKI ( Thomson Financial ) - Kone said it has won four orders in Saudi Arabia , United Arab Emirates and Qatar worth 40 mln eur .",2,positive,positive,0.9476553201675415,0.9476553201675415,0.017874566838145256,0.034470148384571075
Reported operating margin was a negative 5.9 % .,0,negative,negative,0.9695491194725037,0.007346686441451311,0.9695491194725037,0.023104151710867882
The Extraordinary General Meeting is expected to take place no later than 18 February 2011 .,1,neutral,neutral,0.9494690299034119,0.018641965463757515,0.03188901022076607,0.9494690299034119
All Amer Sports companies develop and manufacture technically advanced products that improve the performance of active sports participants .,1,neutral,neutral,0.7552582621574402,0.23708482086658478,0.007656965404748917,0.7552582621574402
Latvia 's Stockmann shopping mall is a subsidiary of Finland 's Stockmann Plc. .,1,neutral,neutral,0.9550114870071411,0.022282978519797325,0.02270548976957798,0.9550114870071411
"In complying with the European Water Framework Directive requirements , the pre-treatment unit will be fully renovated , including hydraulics of waste water inception , degridding , sand and grease removal and treatment and deodorization of the unit .",2,positive,positive,0.5322743654251099,0.5322743654251099,0.009021366015076637,0.45870426297187805
Kemira shares closed at (  x20ac ) 16.66 ( $ 22US .71 ) .,1,neutral,neutral,0.8715597987174988,0.022677959874272346,0.10576217621564865,0.8715597987174988
Changes to the as-built models from the design were communicated to the subcontractors to accommodate them into the steel and GRC glass reinforced concrete fabrication process .,1,neutral,neutral,0.8194622993469238,0.17159444093704224,0.008943225257098675,0.8194622993469238
Exports grew 16.5 percent to 19.1 million liters .,2,positive,positive,0.9526435732841492,0.9526435732841492,0.0181956235319376,0.0291607603430748
"Payment for acquired shares will be made in cash , and the price per share will be EUR 1 plus an administration fee .",1,neutral,neutral,0.9558965563774109,0.02910594269633293,0.014997465535998344,0.9558965563774109
The company feels these leases are prime locations due to several producing formations in the immediate area .,2,positive,positive,0.9080133438110352,0.9080133438110352,0.011956366710364819,0.08003026247024536
The value of this kind of order amounts usually between Euro 2 and 3 million .,1,neutral,neutral,0.9437970519065857,0.02612391486763954,0.030079061165452003,0.9437970519065857
The expansion will be delivered in the fourth quarter of 2006 .,1,neutral,neutral,0.8703932166099548,0.1207999661564827,0.00880679115653038,0.8703932166099548
The economic occupancy rate of Sponda 's property portfolio rose to 91.2 % from 88.8 % in 2006 .,2,positive,positive,0.9557426571846008,0.9557426571846008,0.022039491683244705,0.02221783623099327
"In the automobile space , Maruti is the most searched brand in cars .",1,neutral,neutral,0.8775291442871094,0.10886705666780472,0.013603807426989079,0.8775291442871094
"Vaisala Oyj Press Release September 30 , 2010 Vaisala has signed a contract to sell its oxygen measurement technology and business to SICK Maihak GmbH .",2,positive,positive,0.9068564176559448,0.9068564176559448,0.010818297043442726,0.0823252871632576
"In a note to clients published , the Dutch broker described the company 's third quarter results as ` soft ' , although it also noted that Elcoteq retained its guidance , dealers said .",1,neutral,positive,0.5367878079414368,0.5367878079414368,0.393709272146225,0.06950291246175766
The value of the contract is about EUR 27mn .,1,neutral,neutral,0.9464237689971924,0.034999918192625046,0.018576372414827347,0.9464237689971924
"Stockholm , 3 March 2011 About Cybercom The Cybercom Group is a high-tech consultancy that offers global sourcing for end-to-end solutions .",1,neutral,neutral,0.8946468830108643,0.0970383808016777,0.008314785547554493,0.8946468830108643
"The company has a continuous need for alloys such as nickel , ferro-chrome , molybdenum and manganese in its production , said Talvivaara .",1,neutral,neutral,0.8266996145248413,0.09108561277389526,0.08221473544836044,0.8266996145248413
The parties have also agreed on options that allow UH to extensively implement later on also functionalities of human resources management .,2,positive,positive,0.8567283153533936,0.8567283153533936,0.008178151212632656,0.13509352505207062
"AHMS will also offer Hotel and Hotel Project Consultancy , Management Services , Brand Franchise , Training and Sales and Marketing services on a pan-India basis .",1,neutral,neutral,0.9086622595787048,0.08254045248031616,0.008797293528914452,0.9086622595787048
"The equipment will be made at Vaahto 's plant in Hollola in Finland , and delivery is scheduled for the first quarter of 2009 .",1,neutral,neutral,0.9285005927085876,0.05879583582282066,0.012703636661171913,0.9285005927085876
The fair value of the company 's investment properties grew to EUR 2.803 billion at the end of March 2009 from EUR 2.691 million a year ago .,2,positive,positive,0.9456790089607239,0.9456790089607239,0.02548883482813835,0.028832105919718742
"Finnish electronics contract manufacturer Scanfil reports net sales of EUR 58.9 mn in the second quarter of 2007 , down from EUR 62.4 mn a year earlier .",0,negative,negative,0.9758137464523315,0.010370166040956974,0.9758137464523315,0.0138161052018404
"Simultaneously , his responsibility area is extended from legal affairs to cover also mergers and acquisitions .",1,neutral,neutral,0.8977898359298706,0.09089101105928421,0.011319141834974289,0.8977898359298706
"This could be any of us at any time , '' she said .",1,neutral,neutral,0.9253401160240173,0.027084844186902046,0.04757498577237129,0.9253401160240173
Patrizia adds the acquisition to a portfolio already worth EUR3bn .,1,neutral,neutral,0.746341347694397,0.2458973079919815,0.007761354558169842,0.746341347694397
"Marathon now has a 4.6 percent stake in PLX , it said , according to Bloomberg .",1,neutral,neutral,0.936684250831604,0.05131520703434944,0.012000487186014652,0.936684250831604
"At the moment , there are approximately 20 Vianor sales offices in Russia .",1,neutral,neutral,0.9315478801727295,0.05686384439468384,0.011588270775973797,0.9315478801727295
Revenue grew 12 percent to (  x20ac ) 3.6 billion ( US$ 4.5 billion ) .,2,positive,positive,0.9569000601768494,0.9569000601768494,0.015495874918997288,0.02760406583547592
Basware finances the acquisition with a bank loan .,1,neutral,neutral,0.9181212186813354,0.07216300815343857,0.009715810418128967,0.9181212186813354
Le Lay succeeds Walter G++nter and will be based in Finland .,1,neutral,neutral,0.9514269828796387,0.030387455597519875,0.018185600638389587,0.9514269828796387
"Rapala VMC Corporation STOCK EXCHANGE RELEASE October 10 , 2008 at 11.45 am Kaupthing Bank Oyj ( `` Kapthing '' ) has informed Rapala VMC Corporation ( `` Rapala '' ) that it has interrupted the liquidity providing for Rapala 's share for the time being .",0,negative,negative,0.9580196738243103,0.008064813911914825,0.9580196738243103,0.03391558304429054
"YIT lodged counter claims against Neste Oil totaling some EUR25m , primarily based on work carried out under the contract and additional costs incurred due to prolongation of the project .",0,negative,negative,0.9682819247245789,0.011753309518098831,0.9682819247245789,0.019964735954999924
The serial bond is part of the plan to refinance the short-term credit facility .,1,neutral,neutral,0.9072411060333252,0.08219129592180252,0.01056764367967844,0.9072411060333252
"Biohit Oyj develops , manufactures and markets liquid handling products and diagnostic test systems for use in research , healthcare and industrial laboratories .",1,neutral,neutral,0.9221022725105286,0.06611312925815582,0.011784523725509644,0.9221022725105286
"Russia 's top container shipping group , Fesco , and Finnish logistics company Nurminen Logistics have started a pilot project offering clients direct intermodal transportation service from Finland to Asia Pacific countries , Fesco said in a statement .",2,positive,positive,0.8923057913780212,0.8923057913780212,0.007931776344776154,0.09976239502429962
Finnish fibre-based materials maker Ahlstrom Corp ( HEL : AHL1V ) said today it decided to close down its spunlace composite production line number 23 at Chirnside plant in the UK by the end of March 2011 .,1,neutral,negative,0.8961935043334961,0.008411414921283722,0.8961935043334961,0.09539508819580078
"So Mr. Galvan made savings adjustments of his own , buying less liquor and watching portion sizes .",1,neutral,neutral,0.8779594898223877,0.08415801078081131,0.0378824807703495,0.8779594898223877
The plant would use palm oil certified by the Roundtable on Sustainable Palm Oil ( RSPO ) .,1,neutral,neutral,0.8776963353157043,0.11431412398815155,0.007989590987563133,0.8776963353157043
Sony Ericsson and Nokia dominated the list of best-selling handsets with five models each .,2,positive,neutral,0.7992967367172241,0.18413753807544708,0.016565725207328796,0.7992967367172241
M-real plans to discontinue production of standard coated fine paper in the Hallein and Gohrsm++hle mills .,1,neutral,negative,0.49935877323150635,0.01862911321222782,0.49935877323150635,0.4820120632648468
"The company 's US subsidiary Vaisala Inc. acquires Aviation Systems Maintenance , Inc ASMI , a Kansas , U.S. based airport service company with over 2.6 million USD net sales in 2008 .",1,neutral,neutral,0.6190796494483948,0.3723202645778656,0.008600058034062386,0.6190796494483948
"Of Bavelloni 's and NST 's joint ventures , Bavelloni Tools , completes semiproducts that are produced in Italy into high-quality tools that will be sold under the DiaPol brand .",1,neutral,neutral,0.8614639639854431,0.1310136765241623,0.007522346917539835,0.8614639639854431
Operating profit rose to EUR 3.2 mn from EUR 1.0 mn in the corresponding period in 2008 .,2,positive,positive,0.951726496219635,0.951726496219635,0.026719549670815468,0.02155384235084057
"Jens Schulte-Bockum , Vodafone 's global director of terminals , said the company expects to sell one to two million of the Vodafone 125 and 225 models in the first year of launch , and potentially tens of millions over the lifetime of the device .",2,positive,neutral,0.5367786884307861,0.4539280831813812,0.009293207898736,0.5367786884307861
"mr Bakman sees also expansion options on the Tallinn-Helisnki link , claiming however , that operating the link with only a single ship is not enough .",1,neutral,positive,0.786892831325531,0.786892831325531,0.02045428939163685,0.1926528811454773
"In the fourth quarter of 2008 , net sales increased by 2 % to EUR 1,050.7 mn from EUR 1,027.0 mn in the fourth quarter of 2007 .",2,positive,positive,0.9517654180526733,0.9517654180526733,0.02469010464847088,0.02354450337588787
"Approximately SEK 166 million in repayments has been demanded for overcharging in the Stockholm area , with the remaining SEK 87 million taken from the Western coast , the inspectorate said .",1,neutral,neutral,0.7730267643928528,0.13503685593605042,0.0919363796710968,0.7730267643928528
The Financial Statements and Interim Reports will be released around at 9.00 a.m. ( Finnish time ) on the given dates .,1,neutral,neutral,0.9479425549507141,0.016481751576066017,0.035575687885284424,0.9479425549507141
Capital base and capital adequacy measurement is based on approaches under Basel II .,1,neutral,neutral,0.9441676139831543,0.039396174252033234,0.01643620803952217,0.9441676139831543
"Kesko Agro Eesti , the retailer and wholesaler of grain , agricultural and warehousing machinery and accessories , had net sales of 81 million euros in 2007 , an increase by one-tenth over the preceding year .",2,positive,positive,0.9562361240386963,0.9562361240386963,0.018685197457671165,0.02507874369621277
"LLC , a voice and data management solution provider to wireless companies with operations worldwide , will be transferring its U.S. deployment operations to the Finnish mobile giant , which includes civil works and site acquisition services .",1,neutral,neutral,0.8011665344238281,0.1906740367412567,0.008159426040947437,0.8011665344238281
"In food trade , sales amounted to EUR320 .1 m , a decline of 1.1 % .",0,negative,negative,0.9719225168228149,0.018022259697318077,0.9719225168228149,0.010055167600512505
ND = Not disclosed .,1,neutral,neutral,0.9238330125808716,0.023509446531534195,0.05265750735998154,0.9238330125808716
"In Finland , export industry forms a large clientele for the packaging industry .",1,neutral,neutral,0.9163834452629089,0.07117065042257309,0.012445857748389244,0.9163834452629089
"POYRY PLC Additional information by : Heikki Malinen , President and CEO , Poyry PLC tel. +358 10 33 21307 Poyry is a global expert in consulting and engineering .",1,neutral,neutral,0.9256157875061035,0.060935575515031815,0.013448582962155342,0.9256157875061035
Consolidated pretax profit decreased by 69.2 % to EUR 41.0 mn from EUR 133.1 mn in 2007 .,0,negative,negative,0.9760973453521729,0.009065297432243824,0.9760973453521729,0.014837391674518585
"It holds 38 percent of Outokumpu 's shares and voting rights , but in 2001 lawmakers gave it permission to reduce the stake to 10 percent .",1,neutral,neutral,0.6283164024353027,0.043201617896556854,0.3284820318222046,0.6283164024353027
"Overall , 50 percent of respondents were confident about their security when banking online .",2,positive,positive,0.7128040790557861,0.7128040790557861,0.015213542617857456,0.2719824016094208
Marimekko Group 's full-year net sales are estimated to increase by about 10 % .,2,positive,positive,0.952095627784729,0.952095627784729,0.016701791435480118,0.031202606856822968
"According to CEO Hannu Syrj+ñnen , a new common name and visual identity is required as the group has grown and internationalised .",1,neutral,neutral,0.8499660491943359,0.13984382152557373,0.010190136730670929,0.8499660491943359
"According to the Act , universities can now acquire private funding .",1,neutral,neutral,0.8394356369972229,0.15174639225006104,0.008817947469651699,0.8394356369972229
"Mr. Atul Chopra , Chief Operating Officer & President , Tecnotree elaborated '' I am eager to see the continued success of the former Tecnomen , bringing Lifetree product to MENA , under the Tecnotree umbrella .",1,neutral,positive,0.8492407202720642,0.8492407202720642,0.0072260149754583836,0.14353321492671967
"In September 2010 , the Finnish group agreed to buy Danish company Rose Poultry A-S for up to EUR23 .9 m in a combination of cash and stock .",2,positive,positive,0.7033098936080933,0.7033098936080933,0.00892176479101181,0.28776833415031433
Finnish Bank of +àland reports its operating profit fell to EUR 4.9 mn in the third quarter of 2007 from EUR 5.6 mn in the third quarter of 2006 .,0,negative,negative,0.976409912109375,0.007479189895093441,0.976409912109375,0.01611093245446682
"Intellisync Wireless Email from Nokia is a full-featured wireless e-mail solution that connects users to their e-mail , calendar , contacts , notes and task lists while away from the office , according to the company .",1,neutral,neutral,0.9267337918281555,0.06084220111370087,0.01242403220385313,0.9267337918281555
"The tightened competition situation in the production automation market has affected net sales during 2006 , Cencorp said .",0,negative,negative,0.9665034413337708,0.008691299706697464,0.9665034413337708,0.02480526641011238
The per-share subscription price of the shares subscribed with the option rights was EUR 1.35 .,1,neutral,neutral,0.9520108103752136,0.0197606161236763,0.028228629380464554,0.9520108103752136
Growth is expected to continue in 2008 .,2,positive,positive,0.9330953359603882,0.9330953359603882,0.012488641776144505,0.05441604182124138
"As part of the transaction , the +ä+ñnekoski paper mill remained in M-real 's ownership and continued Galerie Art production for Sappi under a long-term contract .",1,neutral,neutral,0.8687289357185364,0.12204478681087494,0.009226253256201744,0.8687289357185364
The Finnish company Stockmann has signed the contract with the company Technopolis .,1,neutral,positive,0.8707152009010315,0.8707152009010315,0.0085532795637846,0.12073145061731339
"Motorola , the world 's second-largest maker of cell phones , unveiled the new phone Tuesday in a bid to resurrect its ailing handset business .",1,neutral,neutral,0.7462608814239502,0.23228931427001953,0.021449770778417587,0.7462608814239502
"The Finnish real estate investment company Interavanti Oyj said on Monday ( 22 September ) that it has agreed to sell its 65 % ownership in the Finnish ticket service company Lippupiste Oy to CTS Eventim AG ( 56,1 % ) and to the managing director of Lippupiste Oy .",1,neutral,neutral,0.8884192109107971,0.10136546194553375,0.010215343907475471,0.8884192109107971
"production facilities 6 July 2010 - Finnish investment group Neomarkka Oyj ( HEL : NEMBV ) said today that it will buy the former production facilities of Kuitu Finland Ltd , as part of negotiations on the option to invest in specialty cellulose fiber business .",1,neutral,neutral,0.8660644888877869,0.12377588450908661,0.010159584693610668,0.8660644888877869
"The competition was received with great enthusiasm by the employees , he goes on .",2,positive,positive,0.8886321187019348,0.8886321187019348,0.012734737247228622,0.09863308817148209
"Last year , the firm also acquired Realprojekti Oy , a real estate development company , to advise CapMan on its property activities .",1,neutral,neutral,0.8924005627632141,0.09799756854772568,0.009601917117834091,0.8924005627632141
- Moody 's said it gave P A1 long-term senior unsecured and P P-1 short-term debt ratings to Finnish lender Aktia Bank 's EUR1bn USD1 .4 bn euro medium-term note EMTN program of 25 March 2011 .,1,neutral,positive,0.7582604289054871,0.7582604289054871,0.010761093348264694,0.23097839951515198
The shares subscribed will be eligible for trade on the following day from the registration .,1,neutral,neutral,0.9459060430526733,0.039785560220479965,0.014308378100395203,0.9459060430526733
"The copying , republication or redistribution of AFX News Content , inculding by framing or similar means , is expressly prohibited without the prior written consent of AFX News .",1,neutral,neutral,0.884486198425293,0.020016495138406754,0.0954972505569458,0.884486198425293
"The Polish business employs about 1,000 people , and it had net sales of about EUR 70mn in 2007 .",1,neutral,neutral,0.9383247494697571,0.04426110163331032,0.017414232715964317,0.9383247494697571
Finnish forest industry group Stora Enso Oyj issued on Thursday ( 20 March ) a profit warning for the first quarter 2008 .,0,negative,negative,0.9696083068847656,0.012218722142279148,0.9696083068847656,0.018172983080148697
"The stock price rose 70.0 ores or 0.9 % to close at SEK77 .65 , ending a two-day streak of losses .",2,positive,positive,0.9451589584350586,0.9451589584350586,0.02886582724750042,0.025975193828344345
`` Those uncertainties cloud the long-term outlook . '',0,negative,negative,0.9132154583930969,0.02404109761118889,0.9132154583930969,0.06274337321519852
Around 50 percent of the world 's ro-ro fleet is over 25 years old and needs to be scrapped for environmental reasons .,1,neutral,negative,0.5021839737892151,0.02148517780005932,0.5021839737892151,0.4763307571411133
"Under the plan , which CSES worked out together with Public Policy Management Institute ( PPMI ) and other partners , buildings with a total area of 10,000 square meters should be built on the territory in the first phase .",1,neutral,neutral,0.8348839282989502,0.1567632555961609,0.008352852426469326,0.8348839282989502
TN means that the handset supports TeliaSonera 's Telia Navigator global positioning system service .,1,neutral,neutral,0.8496249318122864,0.14289450645446777,0.007480550557374954,0.8496249318122864
The company expects net sales to significantly increase from 2009 .,2,positive,positive,0.9534193873405457,0.9534193873405457,0.019034601747989655,0.02754598669707775
"comparable operating profit totaled EUR 854mn , up from EUR 730mn in 2004 .",2,positive,positive,0.9540627002716064,0.9540627002716064,0.026512257754802704,0.01942506618797779
"The inventors are Mukkavilli Krishna Kiran , Sabharwal Ashutosh and Aazhang Behnaam .",1,neutral,neutral,0.9423767328262329,0.041315190494060516,0.016308091580867767,0.9423767328262329
Below are unaudited consolidated results for Aspocomp Group under IFRS reporting standards .,1,neutral,neutral,0.9404146671295166,0.019017236307263374,0.0405680388212204,0.9404146671295166
"Helsinki 19 May 2010 - Finnish company Lemminkainen Oyj ( HEL : LEM1S ) said today that it will construct an office building at Toolonlahti in downtown Helsinki , without disclosing financial details .",1,neutral,neutral,0.9335439205169678,0.05241198092699051,0.014044135808944702,0.9335439205169678
"Taking a cue from the playbook of the East Dillon Lions , we 've created a special team of heavy-hitting style players , such as boot-cut jeans , tummy tops and , of course , cowboy boots .",1,neutral,neutral,0.8839724659919739,0.10217192769050598,0.013855592347681522,0.8839724659919739
The companies ' aim is to finalize the negotiations and sign the contracts at the start of October 2008 .,1,neutral,neutral,0.591543972492218,0.397429496049881,0.011026503518223763,0.591543972492218
"The changes will take effect on 1 January 2010 , and they are not estimated to have an impact on the number of employees .",1,neutral,neutral,0.9223613142967224,0.03122701123356819,0.04641169309616089,0.9223613142967224
"Net sales went up by 1 % year-on-year to EUR 29 million , affected by the business acquisitions , realized during the previous financial period , the effect of which was EUR 5.1 million on the review period .",2,positive,positive,0.9592373967170715,0.9592373967170715,0.02240760624408722,0.018355004489421844
"Berling Capital , Umo Capital and Veikko Laine are the biggest shareholders in Amanda Capital .",1,neutral,neutral,0.9450881481170654,0.0413043238222599,0.013607555069029331,0.9450881481170654
"efficiency improvement measures 20 January 2010 - Finnish stationery and gift retailer Tiimari HEL : TII1V said today that it will continue to improve its operational efficiency , by focusing on its profitable core operations .",2,positive,positive,0.9547244310379028,0.9547244310379028,0.01639472506940365,0.028880788013339043
The court found TelecomInvest 's arguments convincing .,2,positive,positive,0.9009432792663574,0.9009432792663574,0.028583204373717308,0.07047349959611893
QPR product family is fully compatible with Microsoft 's Windows 7 operating system .,1,neutral,neutral,0.7288529872894287,0.26354819536209106,0.0075988792814314365,0.7288529872894287
Turnover rose to EUR21m from EUR17m .,2,positive,positive,0.9509617686271667,0.9509617686271667,0.02510378509759903,0.02393442392349243
"Operating loss before non-recurring items was EUR 0.9 mn , compared to a profit of EUR 11.5 mn in 2008 .",0,negative,negative,0.9623593091964722,0.029071301221847534,0.9623593091964722,0.00856941007077694
"Currently Glaston employs approximately 1,500 persons .",1,neutral,neutral,0.9496225714683533,0.03026452101767063,0.02011287771165371,0.9496225714683533
"The company was supposed to deliver machinery to a veneer mill in the Tomsk region , in Russia .",1,neutral,neutral,0.9311131834983826,0.0509905107319355,0.017896365374326706,0.9311131834983826
He is resting comfortably and is looking forward to getting back to work . '',1,neutral,positive,0.5031938552856445,0.5031938552856445,0.032614488154649734,0.46419161558151245
"Martela said plans to expand its recycled furniture business elsewhere in Finland , too .",2,positive,positive,0.7438861727714539,0.7438861727714539,0.007223102264106274,0.24889077246189117
ABB Deutsche Bank upgraded its recommendation on Swiss-Swedish engineering group ABB Ltd. to ` Buy ' from ` Hold ' .,2,positive,positive,0.9459793567657471,0.9459793567657471,0.023890700191259384,0.030129948630928993
Finnish metal industry solutions supplier Outotec Oyj net profit rose to 50.4 mln euro ( $ 72.5 mln ) for the first nine months of 2007 from 20.1 mln euro ( $ 28.9 mln ) for the same period of 2006 .,2,positive,positive,0.9534717202186584,0.9534717202186584,0.02677973173558712,0.019748536869883537
"The study was not designed to enable formal statistical evaluation of therapeutic activity , the company said .",1,neutral,neutral,0.9257923364639282,0.03775419667363167,0.03645343333482742,0.9257923364639282
"Previously , the company had guided for EBIT and sales growth of 20 pct and 10 pct respectively for this year .",2,positive,positive,0.9176574945449829,0.9176574945449829,0.011456106789410114,0.07088638097047806
Teleste has some 30 offices worldwide and is listed on the Nordic Exchange in Helsinki .,1,neutral,neutral,0.9481322765350342,0.036732956767082214,0.015134776942431927,0.9481322765350342
"Financial Statements include the consolidated financial statements of the Group , the Board of Directors ' Report , the Auditors ' Report and the Corporate Governance Statement .",1,neutral,neutral,0.9458364248275757,0.01932903192937374,0.034834571182727814,0.9458364248275757
Pharmaceuticals - Belgium This brand-new market analysis gives a clear overview of the actual situation and future outlook of the pharmaceutical market in Belgium .,1,neutral,neutral,0.9270041584968567,0.058894865214824677,0.014100986532866955,0.9270041584968567
Hearst will be able to consolidate about 20 % of all Russian market for advertising in press after the purchase .,2,positive,positive,0.7113659381866455,0.7113659381866455,0.006916118785738945,0.2817179262638092
"The acquisition was financed with $ 2.56 billion of debt arranged by Goldman , Sachs & Co. .",1,neutral,neutral,0.91468745470047,0.07290729880332947,0.01240518968552351,0.91468745470047
The acquisition is part of Ramirent 's strategy to strengthen its position in selected locations .,2,positive,positive,0.9266025424003601,0.9266025424003601,0.007822892628610134,0.06557459384202957
The combined value of the orders is EUR 45mn .,1,neutral,neutral,0.9453880786895752,0.039348602294921875,0.01526334136724472,0.9453880786895752
"As part of its new strategy , Finnish Biohit is planning to incorporate its diagnostics business into a separate limited company .",1,neutral,neutral,0.9352390766143799,0.05377897620201111,0.010981920175254345,0.9352390766143799
"He answers questions on how many visitors Conversations gets , how big the team is and what the problems are when setting up social media channels .",1,neutral,neutral,0.9043688774108887,0.02619120106101036,0.06943992525339127,0.9043688774108887
The Swedish subsidiary holds 1.0 % net smelter return `` NSR '' royalties over two advanced copper projects in northern Sweden - the Viscaria and Adak Projects - being developed by Avalon Minerals Ltd. ASX : AVI .,1,neutral,neutral,0.9230673313140869,0.06679584830999374,0.010136818513274193,0.9230673313140869
Aspocomp intends to set up a plant to manufacture printed circuit boards with an investment of Rs310 crore .,1,neutral,neutral,0.6838163733482361,0.3085789084434509,0.0076047335751354694,0.6838163733482361
"The Group 's revenue amounts to over EUR 80 million , about half of which is accounted for by exports .",1,neutral,neutral,0.9263259768486023,0.061040863394737244,0.012633205391466618,0.9263259768486023
The company 's net sales in 2009 totalled MEUR 307.8 with an operating margin of 13.5 per cent .,1,neutral,neutral,0.9034875631332397,0.0806649699807167,0.015847545117139816,0.9034875631332397
"The company operates worldwide and employs in total approximately 47,000 persons .",1,neutral,neutral,0.9417226314544678,0.04157138615846634,0.016706015914678574,0.9417226314544678
Earnings per share ( EPS ) dropped to EUR 0.21 from EUR 0.31 .,0,negative,negative,0.9759893417358398,0.007688421290367842,0.9759893417358398,0.016322236508131027
Finnair said that the cancellation of flights would cause daily losses of  x20ac 2.5 million US$ 3 million .,0,negative,negative,0.9705362915992737,0.009003594517707825,0.9705362915992737,0.020460056141018867
EuroChem CFO Andrey Ilyin said : `` This facility marks another important step for EuroChem in securing the long-term financing necessary for our potash and other strategic projects '' .,2,positive,positive,0.9241471886634827,0.9241471886634827,0.009903674945235252,0.06594912707805634
All reproduction for further distribution is prohibited .,1,neutral,neutral,0.8588793873786926,0.017343074083328247,0.12377756834030151,0.8588793873786926
Sales have risen in other export markets .,2,positive,positive,0.9557326436042786,0.9557326436042786,0.018121926113963127,0.02614535018801689
"`` This contract demonstrates our ability to apply our minerals and metals technologies in adjacent industries , such as oil shale processing .",2,positive,positive,0.918536365032196,0.918536365032196,0.008812223561108112,0.07265139371156693
"The total scope of the project is about 38,000 square metres and it is valued at a total of around EUR75m .",1,neutral,neutral,0.9441259503364563,0.04405932500958443,0.011814720928668976,0.9441259503364563
"HELSINKI Thomson Financial - Shares in Cargotec fell sharply in early afternoon trade after the cargo handling group posted a surprise drop in April-June profits , which overshadowed the large number of new orders received during the three months .",0,negative,negative,0.9755401015281677,0.007315594237297773,0.9755401015281677,0.01714431494474411
The employment contracts of 14 of the employees will end in March 2009 as a result of the company 's previous employer-employee talks .,0,negative,negative,0.9394591450691223,0.009951133280992508,0.9394591450691223,0.050589680671691895
"As a result , the company has decided it will implement fixed-term temporary lay-offs .",0,negative,negative,0.9700096845626831,0.008393544703722,0.9700096845626831,0.021596722304821014
`` Low energy consumption and flexible loading are just a few of the advantages of the CHF Pro . '',1,neutral,neutral,0.6895825862884521,0.3009246289730072,0.009492767043411732,0.6895825862884521
Passenger-related revenue rose by 5.1 % to EUR 460.8 mn from EUR 438.5 mn in 2009 .,2,positive,positive,0.9541937112808228,0.9541937112808228,0.024068618193268776,0.021737664937973022
Any investment or investment activity to which this communication relates is only available to relevant persons and will be engaged in only with relevant persons .,1,neutral,neutral,0.9478476643562317,0.019136670976877213,0.03301571309566498,0.9478476643562317
Electronic versions require 24-48 hours as each copy is customized to the client with digital controls and custom watermarks .,1,neutral,neutral,0.9454630613327026,0.040479887276887894,0.014056974090635777,0.9454630613327026
"Technopolis has set aside a plot of land measuring 4.6 hectares to build the park , Mikkonen said .",1,neutral,neutral,0.8948859572410583,0.09527578204870224,0.009838259778916836,0.8948859572410583
Delivery is due in the second half of 2011 .,1,neutral,neutral,0.943122923374176,0.03863563388586044,0.01824137568473816,0.943122923374176
"Cencorp 's net sales in the first quarter is estimated to be EUR0.9-1 .2 m , as compared to EUR4 .5 m in the first quarter 2008 .",0,negative,negative,0.5230326652526855,0.4481539726257324,0.5230326652526855,0.028813308104872704
"`` Method and System for Controlling a Hard Disk Drive Using a Multimediacard Physical Interface '' was invented by Marko Ahvenainen Ruutana , Finland .",1,neutral,neutral,0.9358685612678528,0.03566703572869301,0.02846440300345421,0.9358685612678528
Suomen Paikallissanomat Oy is part of Alma Media Group and it currently publishes 15 local newspapers across Finland .,1,neutral,neutral,0.9439312815666199,0.03618285432457924,0.01988578401505947,0.9439312815666199
Last year 's net sales rose to EUR 68.3 million from EUR 62.2 million .,2,positive,positive,0.9495242238044739,0.9495242238044739,0.02689669281244278,0.023579038679599762
"The new agreement , which expands a long-established cooperation between the companies , involves the transfer of certain engineering and documentation functions from Larox to Etteplan .",2,positive,neutral,0.6302461624145508,0.3617503046989441,0.008003569208085537,0.6302461624145508
"A total of 131000 Talvivaara Mining Company Plc 's new shares were subscribed for during the period between May 1 , 2010 and June 30 , 2010 under the company 's stock option rights 2007A .",1,neutral,neutral,0.9531992673873901,0.02896149270236492,0.0178392194211483,0.9531992673873901
It is the most awkward thing to use if you 're holding the phone with one hand .,0,negative,neutral,0.5839991569519043,0.024027111008763313,0.39197373390197754,0.5839991569519043
"According to M-real 's CEO , Mikko Helander , this transaction will enable the company to proceed swiftly with its restructuring program .",2,positive,positive,0.8884767889976501,0.8884767889976501,0.008742342703044415,0.10278084874153137
"To showcase our end-to-end capabilities at the Mobile World Congress , we arranged an internal MeeGo application development competition to entice developers to create new applications .",1,neutral,positive,0.7983807325363159,0.7983807325363159,0.007322053425014019,0.19429722428321838
Finnish Honkarakenne that specialises in the building of log houses is planning to use pine from Russian Karelia .,1,neutral,neutral,0.9132629632949829,0.07591836899518967,0.010818717069923878,0.9132629632949829
"Finnish Konecranes is again trying to acquire Italian Fantuzzi , a manufacturer of gantry cranes and reach stackers .",1,neutral,neutral,0.6398789882659912,0.34783247113227844,0.012288558296859264,0.6398789882659912
The winners included the Honda Odyssey for minivan and the Nissan Armada for large SUV .,1,neutral,neutral,0.8047806620597839,0.18266883492469788,0.01255046110600233,0.8047806620597839
"Operating profit for the 12-month period decreased from EUR157 .5 m , while net sales increased from EUR634 .3 m , as compared to 2007 .",0,negative,negative,0.9747535586357117,0.009000993333756924,0.9747535586357117,0.01624547317624092
The Diameter Protocol is developed according to the standards IETF RFC 3588 and IETF RFC 3539 .,1,neutral,neutral,0.9455514550209045,0.03821544349193573,0.016233094036579132,0.9455514550209045
"Under the contract , Ericsson will more than double the number of radio base stations in the Elisa network over the coming year .",1,neutral,positive,0.8981655240058899,0.8981655240058899,0.008074674755334854,0.09375987946987152
"POYRY PLCCompany Announcement 10 December 2010 at 4.10 p.m. Pursuant to Poyry PLC 's stock option program 2004 , 63 792 new shares of the company have been subscribed since 27 October 2010 with stock options 2004B .",1,neutral,neutral,0.9447007179260254,0.04071085527539253,0.014588436111807823,0.9447007179260254
Neste Oil Corporation Refining Operation Asset Summary Report Summary Neste Oil Corporation Refining Operation Assets Summary Report is an essential source for company data and information .,1,neutral,neutral,0.9416841268539429,0.021377941593527794,0.036937955766916275,0.9416841268539429
"In the third quarter , net sales increased by 12 % year-on-year to EUR159 .5 m , or by 6 % at comparable currency rates growth .",2,positive,positive,0.9567611217498779,0.9567611217498779,0.017470726743340492,0.02576814591884613
"` Our strategic cooperation with Rentakran brings us new customers and already-working relationships with the authorities of the new territories , ' said Jarmo Laasanen , a senior manager at Cramo .",2,positive,positive,0.9491704702377319,0.9491704702377319,0.014999228529632092,0.0358302928507328
"Our customers come from the following countries : UK , USA , Spain , France , Italy , Germany , China , Sweden , Norway , Netherlands , Austria , Belgium , Switzerland , Czech Republic , Serbia , Finland , Canada , Russia , Ukraine , Portugal , Denmark , Ireland , South Korea , Estonia and Liechtenstein .",1,neutral,neutral,0.9453632235527039,0.03987707570195198,0.014759675599634647,0.9453632235527039
"`` The Intel Atom processor has had tremendous success in the marketplace since its launch over 2 years ago , '' said Pankaj Kedia , director of global ecosystem programs for Intel Corp. 's Ultra Mobility Group .",2,positive,positive,0.9373078346252441,0.9373078346252441,0.013292691670358181,0.049399539828300476
"`` Lidskoe Pivo 's investment program foresees the integrated modernization of production , updating transport and logistics infrastructure and developing new marketing instruments , '' Mikshis said .",2,positive,positive,0.8335303664207458,0.8335303664207458,0.007000054232776165,0.15946955978870392
In addition the deal includes a call option which will enable Maritim Food AS to increase its holding in Sandanger AS to 51 % in the future .,2,positive,positive,0.9204687476158142,0.9204687476158142,0.008662073872983456,0.07086917012929916
"Alpina Sports is a Lebanon , New Hampshire USA based distributor of e.g. Alpina ski shoes and skis , Exel ski poles , Start ski waxes and now also Peltonen cross-country skis .",1,neutral,neutral,0.940575897693634,0.043778304010629654,0.015645742416381836,0.940575897693634
Last year SysOpen Digia invested in IBM product know-how in the building of portal and trading place systems and successfully implemented customer solutions supported by it .,2,positive,positive,0.8505070209503174,0.8505070209503174,0.006291402503848076,0.1432015299797058
The bridge will be built to the south of the existing bridge spanning the strait .,1,neutral,neutral,0.8095203042030334,0.1814386397600174,0.009041070938110352,0.8095203042030334
Finnish power company Fortum reports 89 % of its electricity was generated without carbon dioxide emissions in 2007 .,1,neutral,neutral,0.9020170569419861,0.08739877492189407,0.010584196075797081,0.9020170569419861
The fuel purchase contracts have been signed with three months ' delivery from this September to November .,1,neutral,positive,0.7253136038780212,0.7253136038780212,0.013919467106461525,0.2607669532299042
"As reported June 26 , `` both circuits continued to alternately report the track as vacant and then occupied almost constantly from June 17 , when part of the track signaling device was replaced , to the time of the crash , according to the Metro source . ''",1,neutral,negative,0.6769477725028992,0.02395479939877987,0.6769477725028992,0.29909747838974
"The sellers include 40 shareholders , including Intellibis management , employees and other investors .",1,neutral,neutral,0.9460794925689697,0.041946884244680405,0.011973567306995392,0.9460794925689697
"`` If you need malware removal tools , type the URL of your vendor of choice directly into the browser bar and use links on their website , '' wrote Trend Micro 's Rik Ferguson on Monday .",1,neutral,neutral,0.9015541672706604,0.026250598952174187,0.07219526171684265,0.9015541672706604
Pohjola and cooperative banks have continued to combine their branch office network .,1,neutral,neutral,0.8222708106040955,0.1700834482908249,0.007645753212273121,0.8222708106040955
Ramirent Finland is the domestic unit of machinery rental company Ramirent Oyj HEL : RMR1V .,1,neutral,neutral,0.9474011659622192,0.030290933325886726,0.02230793423950672,0.9474011659622192
TELE2 Affarsvarlden gave a `` buy '' recommendation on mobile operator Tele2 AB and a share price target of 142 crowns ( $ 23.54 - 15.19 euro ) .,2,positive,positive,0.7381599545478821,0.7381599545478821,0.014609985053539276,0.24723005294799805
Poyry is a global expert in consulting and engineering .,1,neutral,neutral,0.9028300046920776,0.08407658338546753,0.013093373738229275,0.9028300046920776
No financial detail were available .,1,neutral,neutral,0.925950288772583,0.018759606406092644,0.05529013276100159,0.925950288772583
The idea of saving electricity in data transfer is still a new one .,1,neutral,neutral,0.8900139927864075,0.09525538235902786,0.014730585739016533,0.8900139927864075
The aim is to develop open-source application solutions .,1,neutral,neutral,0.8046587109565735,0.1885741800069809,0.006767109502106905,0.8046587109565735
"CapMan said the deal 's effect on its cash flow for 2009 totals EUR3 .4 m , but the transaction would not affect its financial results for 2009 as it was executed at fair value .",1,neutral,neutral,0.83845055103302,0.03066864423453808,0.13088081777095795,0.83845055103302
"The share issue , derogating from the pre-emptive right of the shareholders and comprising some six million new shares at market price , will be offered for subscription by shareholders , holders of capital notes and by professional clients .",1,neutral,neutral,0.9487747550010681,0.038165654987096786,0.013059618882834911,0.9487747550010681
"Operating profit was EUR 11.4 mn , up from EUR 7.5 mn .",2,positive,positive,0.9562947750091553,0.9562947750091553,0.02322009764611721,0.02048521488904953
The proposal of the shareholders to elect Mr. Hannu Krogerus to the Board is based on his long and unrivalled experience and knowledge of all matters related to Elcoteq .,1,neutral,neutral,0.8531802296638489,0.13854007422924042,0.008279713802039623,0.8531802296638489
"Thus the group 's balance sheet will have about EUR25 .8 m in goodwill for 2010 , the company added .",1,neutral,neutral,0.8078255653381348,0.18001513183116913,0.012159224599599838,0.8078255653381348
Stora Chief Executive Jouko Karvinen has described the Russian tariff hikes as a threat to the future of the forest products industry in Finland .,0,negative,negative,0.9503694772720337,0.013697991147637367,0.9503694772720337,0.03593248128890991
"Yesterday , Legrand issued its E300 million fixed rate deal maturing 2017 .",1,neutral,neutral,0.7481688857078552,0.23942255973815918,0.012408542446792126,0.7481688857078552
The aforementioned shareholders have informed that they will propose to the Annual General Meeting that the number of members of the Board of Directors shall be five and that besides the present members of the Board of Directors also Mr Lassi Noponen shall be elected to the Board of Directors .,1,neutral,neutral,0.9512786269187927,0.028620464727282524,0.020100902765989304,0.9512786269187927
The company 's board of directors would propose a dividend of EUR0 .15 per share for 2005 .,1,neutral,neutral,0.9367852210998535,0.04692899435758591,0.016285834833979607,0.9367852210998535
Net sales have been eaten by the weak US dollar .,0,negative,negative,0.9738976359367371,0.00766547117382288,0.9738976359367371,0.018436891958117485
"Deliveries of Nokia 1112 , Nokia 2310 and Nokia 2610 are expected to start in the second quarter of 2006 .",1,neutral,neutral,0.8871704339981079,0.10198042541742325,0.010849135927855968,0.8871704339981079
"`` Over the years , the color orange has become synonymous with quality .",1,neutral,neutral,0.8281252384185791,0.15711548924446106,0.014759261161088943,0.8281252384185791
"Mr. Jorma Valkama , Managing Director of Suomen Paikallissanomat Oy , states that Rannikkoseutu complements in an outstanding way the current product range of the company .",1,neutral,positive,0.7145133018493652,0.7145133018493652,0.009619650430977345,0.2758670151233673
"The joint venture will invest about EUR 500,000 in production technology straight away .",1,neutral,neutral,0.8093424439430237,0.18290089070796967,0.007756693754345179,0.8093424439430237
"The total restructuring costs are expected to be about EUR 30mn , of which EUR 13.5 mn was booked in December 2008 .",1,neutral,neutral,0.8196889162063599,0.03342638909816742,0.1468847244977951,0.8196889162063599
The event can also be viewed as a live audio webcast at www.ahlstrom.com .,1,neutral,neutral,0.9532330632209778,0.02926569990813732,0.017501255497336388,0.9532330632209778
Rapala estimates its net sales for 2008 will increase by between 8.0 pct and 12 pct assuming 2007 exchange rates .,2,positive,positive,0.9498084187507629,0.9498084187507629,0.015017026104032993,0.03517460823059082
"In Asia earlier , Japan 's Nikkei index fell 0.62 percent and Hong Kong 's Hang Seng Index rose 0.56 percent .",1,neutral,negative,0.949266791343689,0.012312890961766243,0.949266791343689,0.03842032328248024
The Group 's revenue in 2008 amounted to EUR 94 million and the company currently employs approximately 730 people .,1,neutral,neutral,0.9383066892623901,0.037214696407318115,0.024478638544678688,0.9383066892623901
Finnish Bank of +àland 's consolidated net operating profit increased from EUR 4.8 mn in the first quarter of 2005 to EUR 6.4 mn in the first quarter of 2006 .,2,positive,positive,0.9561138153076172,0.9561138153076172,0.020181840285658836,0.02370442822575569
"The redesigned crushing circuit has been in operation since the start of September and its overall production rate on a weekly basis is in excess of an average of 40,000 tonnes a day .",1,neutral,neutral,0.8174437880516052,0.15627187490463257,0.02628430724143982,0.8174437880516052
Incap estimates it will generate a revenue of 10 mln euro ( $ 13.2 mln ) from its Indian operations for 2007 .,1,neutral,positive,0.7711488604545593,0.7711488604545593,0.008031765930354595,0.220819354057312
"According to statistics by the Finnish Maritime Administration , shipping did not increase much in January-August 2009 , however .",1,neutral,positive,0.8720160722732544,0.8720160722732544,0.06884481757879257,0.0591391995549202
"Antti Orkola , president of Kemira GrowHow 's Industrial Solutions unit , told Thomson Financial News the company has put off opening the mine as prices of phosphate have been ` quite depressed for a long time ' . '",0,negative,negative,0.9487107992172241,0.01100724283605814,0.9487107992172241,0.04028204083442688
Around 250 of these reductions will be implemented through pension arrangements .,1,neutral,neutral,0.8536844253540039,0.07664037495851517,0.06967516988515854,0.8536844253540039
Poyry 's net sales in 2007 amounted to about EUR 720 million and it employs 7400 experts .,1,neutral,neutral,0.9389153718948364,0.03610257804393768,0.024982059374451637,0.9389153718948364
"`` Installation of the automatic varnishing line is an important part of the company 's strategy in the region of central and eastern Europe , '' said Jozef Misurec , the director of Ruukki Slovakia .",2,positive,positive,0.7673717737197876,0.7673717737197876,0.007053776644170284,0.22557446360588074
"The total investment in the company will be EUR58m , of which Wartsila 's share will be EUR29m .",1,neutral,neutral,0.94038325548172,0.04867346212267876,0.010943276807665825,0.94038325548172
"The five-storey , eco-efficient building will have a gross floor area of about 15,000 sq m. It will also include apartments .",1,neutral,neutral,0.8677780032157898,0.12416628003120422,0.00805570837110281,0.8677780032157898
"The Hayward , Calif.-based target designs active , casual and dress footwear , as well as boots and sandals .",1,neutral,neutral,0.9385142922401428,0.03385888412594795,0.02762681432068348,0.9385142922401428
GET MIDNIGHTTRADER IN REALTIME : This report is delayed .,1,neutral,neutral,0.5272789001464844,0.01629628799855709,0.456424742937088,0.5272789001464844
We do hope that this will in the future turn out to be a novel method for the prevention of alcohol and tobacco smoking associated oral cancers .,1,neutral,positive,0.5865770578384399,0.5865770578384399,0.008672883734107018,0.40475013852119446
"However , the broker gave an `` outperform '' recommendation on the stock .",2,positive,negative,0.8420303463935852,0.10126624256372452,0.8420303463935852,0.056703321635723114
"Glaston , headquartered in Tampere , Finland , is a growing , international glass technology company .",2,positive,positive,0.7064675092697144,0.7064675092697144,0.006826137658208609,0.28670626878738403
"The result will also be burdened by increased fixed costs associated with operations in China , and restructuring costs in Japan .",0,negative,negative,0.9669837355613708,0.011358668096363544,0.9669837355613708,0.0216575488448143
"Tim Cockroft brings with him an excellent track record having more than 18 years experience ; moreover , Tim has successfully developed the Capital Markets operations at Kaupthing Singer & Friedlander involving corporate finance and broking with a focus on mid-market companies .",2,positive,positive,0.7486487627029419,0.7486487627029419,0.006661061197519302,0.2446901798248291
The new SEPA cads will replace Finnish bank cards .,1,neutral,neutral,0.9130801558494568,0.07400324940681458,0.01291655097156763,0.9130801558494568
"ENP Newswire - 22 March 2011 Release date - 21032011 - A total of 13,000 Talvivaara Mining Company Plc 's new shares were subscribed for during the period between 1 January 2011 and 28 February 2011 under the company 's stock option rights 2007A .",1,neutral,neutral,0.9519014954566956,0.030188320204615593,0.017910227179527283,0.9519014954566956
The estimated value of the deal is USD 9.2 million .,1,neutral,neutral,0.9446684718132019,0.042459625750780106,0.012871925719082355,0.9446684718132019
"The report profiles 158 companies including many key and niche players including major Nonwovens manufacturers such as Ahlstrom Corporation , Asahi Kasei Corporation , Buckeye Technologies , Inc. , EI .",1,neutral,neutral,0.886001467704773,0.10399776697158813,0.010000789538025856,0.886001467704773
"At the same time , the market for automated liquid handling devices is already larger than that for pipettes , according to Biohit .",1,neutral,neutral,0.5976343750953674,0.3883134722709656,0.014052138663828373,0.5976343750953674
All other charges were dismissed .,1,neutral,neutral,0.6610468626022339,0.052136871963739395,0.2868162989616394,0.6610468626022339
cents Recognize potential partnerships and suppliers .,1,neutral,neutral,0.8171034455299377,0.17428886890411377,0.008607703261077404,0.8171034455299377
"The business goals for 2009 will realize with the temporary lay-offs carried out in the summer of 2009 , and with other savings measures .",1,neutral,positive,0.7999763488769531,0.7999763488769531,0.0325317420065403,0.1674918830394745
"In Q1 of 2009 , Bank of +àland 's net interest income weakened by 10 % to EUR 9.1 mn .",0,negative,negative,0.97417813539505,0.009057397022843361,0.97417813539505,0.01676448993384838
"To see more of New Haven Register , or to subscribe to the newspaper .",1,neutral,neutral,0.9397648572921753,0.03819594159722328,0.02203916385769844,0.9397648572921753
"When new types of network elements are added to the network , the conversion file is updated by adding the information required for converting the message format of the new network element type to the format understood by the management system .",1,neutral,neutral,0.9506664872169495,0.024486469104886055,0.024847015738487244,0.9506664872169495
"The Tekla Structures 16 installation has been built according to Microsoft 's requirements for the Windows 7 certification , the Company added .",1,neutral,neutral,0.8834518790245056,0.10488894581794739,0.011659156531095505,0.8834518790245056
Finnish forestry company UPM-Kymmene and waste management company Lassila & Tikanoja said on Jan. 30 they were planning to produce ethanol and energy from commercial and industrial waste .,1,neutral,neutral,0.9154098629951477,0.0740688294172287,0.010521311312913895,0.9154098629951477
"Alma Media 's operating profit amounted to EUR 11.9 mn , down from EUR 15.0 mn a year earlier .",0,negative,negative,0.9760698676109314,0.009360851719975471,0.9760698676109314,0.014569218270480633
"Community gardening has become a popular activity , especially to raise vegetables .",1,neutral,neutral,0.875681459903717,0.10941634327173233,0.01490219309926033,0.875681459903717
"In June it sold a 30 percent stake to Nordstjernan , and the investment group has now taken up the option to acquire EQT 's remaining shares .",1,neutral,neutral,0.90879887342453,0.08185922354459763,0.009341929107904434,0.90879887342453
"ALEXANDRIA , Va. , March 20 -- Patrik Flykt and Timo Alakoski , both of Helsinki , Finland , and Tapio Suihko and Nadarajah Asokan , both of Espoo , Finland , have developed a method of mobility support of Internet-type protocol traffic in a communication system .",1,neutral,neutral,0.8770241737365723,0.11298470944166183,0.009991154074668884,0.8770241737365723
A tinyurl link takes users to a scamming site promising that users can earn thousands of dollars by becoming a Google ( NASDAQ : GOOG ) Cash advertiser .,0,negative,neutral,0.8934165835380554,0.08378622680902481,0.022797193378210068,0.8934165835380554
The value of the order is nearly EUR400m .,1,neutral,neutral,0.8921299576759338,0.0976691022515297,0.010200955905020237,0.8921299576759338
The order is related to renewing the network of the telecommunications operator .,1,neutral,neutral,0.9193499684333801,0.06734005361795425,0.013309973292052746,0.9193499684333801
Talentum acquired a 47.5 pct stake in Varesvuo Partners in 1997 and the remaining in 2002 and 2005 .,1,neutral,neutral,0.9415122866630554,0.0438389778137207,0.014648731797933578,0.9415122866630554
"Stora Enso , a global paper , packaging and wood products company , and Neste Oil , a Finnish company engaged in the refining and marketing of oil , have inaugurated the demonstration plant at Varkaus , Finland for biomass to liquids production utilizing forestry residues .",1,neutral,neutral,0.560596227645874,0.43111804127693176,0.008285706862807274,0.560596227645874
"Finnish industrial investor Panostaja Oyj OMX Helsinki : PNAAS OMX Helsinki : PNABS said on Friday 11 July that it has signed a deal to acquire the entire share capital of Kospa Oy , the manufacturer of waste disposal equipment .",2,positive,positive,0.8316159248352051,0.8316159248352051,0.011425038799643517,0.15695904195308685
All depends on financing .,1,neutral,neutral,0.9202244877815247,0.06218937411904335,0.017586104571819305,0.9202244877815247
More staff has been recruited in Japan to further complement its network of close to 50 service locations in more than 20 countries worldwide .,2,positive,positive,0.9128243327140808,0.9128243327140808,0.00764224398881197,0.07953345030546188
"( ADP News ) - Jan 27 , 2009 - Finnish industrial machinery company Vaahto Group Ltd Oyj ( HEL : WAT1S ) said today that its subsidiary Vaahto Ltd would cut 15 jobs in Finland .",0,negative,negative,0.9717663526535034,0.008254189975559711,0.9717663526535034,0.019979413598775864
"ASPOCOMP GROUP OYJ STOCK EXCHANGE RELEASE December 15 , 2006 at 4:50 PM According to the disclosure received today by Aspocomp Group Oyj , the share of Henrik Nyberg in Aspocomp Group Oyj 's share capital and votes has decreased below 5 percent .",1,neutral,negative,0.9228023290634155,0.014238114468753338,0.9228023290634155,0.06295949965715408
"The contract also includes installation work in a new multistorey carpark for close on 1,000 vehicles .",1,neutral,positive,0.553024411201477,0.553024411201477,0.009235247038304806,0.43774035573005676
"Finnish security and privacy software solutions developer Stonesoft Oyj said on January 7 , 2008 that the preliminary sales of its StoneGate products grew by 59 pct year-on-year to 3.6 mln euro ( $ 5.3 mln ) for the fourth quarter of 2007 .",2,positive,positive,0.952360987663269,0.952360987663269,0.018682677298784256,0.028956394642591476
Officials did not disclose the contract value .,1,neutral,neutral,0.8852719664573669,0.02144191600382328,0.09328613430261612,0.8852719664573669
"Fortum needs a clear signal of commitment from the Government that the permit is available before the company will start the next round , Kuula says .",1,neutral,positive,0.8227224946022034,0.8227224946022034,0.010243868455290794,0.1670335829257965
"Sales in Finland decreased by 2.0 % , and international sales decreased by 9.3 % in terms of euros , and by 15.1 % in terms of local currencies .",0,negative,negative,0.9731277227401733,0.008455063216388226,0.9731277227401733,0.018417155370116234
Short-term licenses for the games cost as little as $ 3 while purchasing a game outright can cost as much as $ 10 or $ 15 .,1,neutral,neutral,0.897667646408081,0.029990345239639282,0.07234203815460205,0.897667646408081
"no compensation for its news , opinions or distributions .",1,neutral,neutral,0.9372041821479797,0.022684602066874504,0.04011128470301628,0.9372041821479797
It will also strengthen Ruukki 's offshore business .,2,positive,positive,0.9318979382514954,0.9318979382514954,0.007927915081381798,0.060174208134412766
"Tekla Structures BIM Building Information Modeling software is being developed according to a long-term plan of improved user experience , process , and functionality .",2,positive,positive,0.8528258800506592,0.8528258800506592,0.006849727127701044,0.14032433927059174
"Based on the 2005 calendar year the combined company had EUR15 .8 bn in pro forma annual revenues and is expected to start operations with 60,000 employees .",1,neutral,neutral,0.8330875635147095,0.15775029361248016,0.009162136353552341,0.8330875635147095
Altimo previously agreed a similar deal with Telenor to merge their stakes in VimpelCom and Kyivstar-GSM .,1,neutral,positive,0.5588119626045227,0.5588119626045227,0.010354415513575077,0.4308336079120636
"Finnish steel maker Rautaruukki Oyj ( Ruukki ) said on July 7 , 2008 that it won a 9.0 mln euro ( $ 14.1 mln ) contract to supply and install steel superstructures for Partihallsforbindelsen bridge project in Gothenburg , western Sweden .",2,positive,positive,0.9457278847694397,0.9457278847694397,0.016433337703347206,0.037838783115148544
"The Finnish company sold its UK operation - consisting of 50 staff in offices in London , Birmingham and Manchester - as part of a deal with Hampden in July 2001 for its European-wide property and casualty arm Sampo Industrial .",1,neutral,neutral,0.9264529347419739,0.05890747904777527,0.014639572240412235,0.9264529347419739
Mr. Kari Stadigh will carry on as Chairman of the Board and Mr. Matti Arteva as Vice-Chairman .,1,neutral,neutral,0.9549646377563477,0.02659914270043373,0.018436236307024956,0.9549646377563477
The reductions will be implemented mainly in the course of the first half of 2009 .,1,neutral,neutral,0.8226528167724609,0.09591895341873169,0.08142825961112976,0.8226528167724609
"Revenue from July to September grew 21 percent to EURO 2.3 billion , the Finnish company said Thursday .",2,positive,positive,0.9518146514892578,0.9518146514892578,0.014964652247726917,0.03322065994143486
The order also includes extensive maintenance work of a shoe press delivered by Vaahto in 2001 .,1,neutral,neutral,0.6642814874649048,0.32399269938468933,0.011725783348083496,0.6642814874649048
"The huge bridge girders will be delivered to the site from our plant in Ylivieska , Finland .",1,neutral,neutral,0.8418103456497192,0.14910109341144562,0.009088590741157532,0.8418103456497192
The company has an annual turnover of EUR32 .8 m.,1,neutral,neutral,0.9411208033561707,0.03733968734741211,0.02153944782912731,0.9411208033561707
The new plant is planned to have an electricity generation capacity of up to 350 megawatts ( MW ) and the same heat generation capacity .,1,neutral,neutral,0.8199658393859863,0.17253169417381287,0.007502424065023661,0.8199658393859863
"According to him , construction work will start in spring 2007 , and the facility is to be commissioned in spring 2008 .",1,neutral,neutral,0.9080321192741394,0.08102179318666458,0.010946081019937992,0.9080321192741394
"Tieto in Latvia is represented by IT services companies TietoEnator Alise and TietoEnator , which has operations in the industries of Financial Services Cards , Retail and Logistics and IT Outsourcing and Managed Services .",1,neutral,neutral,0.9494273066520691,0.029014581814408302,0.021558145061135292,0.9494273066520691
Production will expand to other of Elcoteq 's locations including Mexico and Hungary during 2010 .,2,positive,positive,0.901857316493988,0.901857316493988,0.006686338689178228,0.09145630896091461
Etteplan targets to employ at least 20 people in Borl+ñnge .,2,positive,neutral,0.8228590488433838,0.1676410585641861,0.00949983298778534,0.8228590488433838
"If Honkarakenne starts production there , it will need a partner for sawmill operations .",1,neutral,neutral,0.8518496155738831,0.1376556009054184,0.010494735091924667,0.8518496155738831
Finnish OKO bank has signed a cooperation agreement with Raiffeisen concerning Finnish companies ' investments in Russia .,2,positive,positive,0.9320018887519836,0.9320018887519836,0.01318841427564621,0.05480967089533806
"Featuring the S60 user interface , this 135-gram model also comes with a 2.4-inch quarter VGA display and 100 megabytes of internal memory , expandable through the Micro Secure Digital slot .",1,neutral,neutral,0.8883222341537476,0.10035554319620132,0.011322252452373505,0.8883222341537476
Singapore in May 2011 1 July 2010 - Finnish air carrier Finnair Oyj ( HEL : FIA1S ) said today it will open a daily route to Singapore on 30 May 2011 as part of its growth strategy in Asia .,2,positive,positive,0.8062270879745483,0.8062270879745483,0.008054194040596485,0.18571874499320984
"ADP News - Nov 18 , 2008 - Finnish AC drives manufacturer Vacon Oyj OMX : VAC1V said today that it had set up new representative offices in Romania and Ukraine to serve the growing markets in eastern and southeastern Europe .",2,positive,positive,0.8124300241470337,0.8124300241470337,0.006807276513427496,0.18076279759407043
No blind-spots coming from 1 vantage point allows investigators to see the whole story in high resolution with no unbroken video .,1,neutral,neutral,0.9423117637634277,0.04055924713611603,0.017128977924585342,0.9423117637634277
"Cargotec 's share capital after the increase totals 64,046,460 euros .",1,neutral,neutral,0.8358678221702576,0.15555474162101746,0.008577462285757065,0.8358678221702576
"ALEXANDRIA , Va. , March 28 -- Pertti Salmi and Hanna Vuolteenaho , both of Oulu , Finland , and Sami Viitasaari of Ii , Finland , have developed an ornamental design for a handset , the U.S. Patent & Trademark Office announced .",1,neutral,neutral,0.8952961564064026,0.08963850140571594,0.015065397135913372,0.8952961564064026
"And when it has lifted the veil on the various types of customer for which it designs its phones , the result is social stereotyping taken to a fine art .",1,neutral,neutral,0.7052557468414307,0.04286077618598938,0.25188353657722473,0.7052557468414307
"In volume , the focus is already outside Finland , as 60 % of the group 's products are made in Poland and the Baltic countries .",1,neutral,neutral,0.9085939526557922,0.07978971302509308,0.01161640603095293,0.9085939526557922
"That address also happens to house Italian megamart Eataly , meaning that `` Come on , kids , we 're going to the Toy Building ! ''",1,neutral,neutral,0.933830738067627,0.043329089879989624,0.022840168327093124,0.933830738067627
Stora Enso 's third-quarter pre-tax profit doubled to EUR 197mn .,2,positive,positive,0.9564406275749207,0.9564406275749207,0.02036682516336441,0.023192595690488815
"( ADP News ) - Nov 28 , 2008 - Finnish power-supply solutions provider Efore Oyj ( OMX : EFO1V ) announced today the launch of OPUS DC , the latest power system in its OPUS product line .",2,positive,positive,0.5913680791854858,0.5913680791854858,0.008902954868972301,0.39972901344299316
"An acquisition of TeliaSonera would be France Telecom 's biggest since its 2000 purchase of Orange plc for  27.8 billion ( $ 55.1 billion ) and would create the world 's fourth-largest telecom company behind AT&T Inc. , Verizon Communications Inc. and NTT Corp. of Japan .",1,neutral,neutral,0.5335739850997925,0.45673301815986633,0.009693044237792492,0.5335739850997925
"The contracts of the employees , 96 of whom are blue-collar workers , will be ended between March and August 2011 .",0,negative,negative,0.8818625211715698,0.009756209328770638,0.8818625211715698,0.1083812415599823
R&D Loan ) .,1,neutral,neutral,0.9406881332397461,0.044083669781684875,0.01522818487137556,0.9406881332397461
"Biohit and VWR have been in close cooperation for a number of years in the US , where Biohit is one of VWR 's focus suppliers .",2,positive,positive,0.8787737488746643,0.8787737488746643,0.009599823504686356,0.11162649095058441
"`` The change will optimize the operational efficiencies of our growing business , '' said Julia Prohaska , director of marketing communications for Fiskars .",2,positive,positive,0.8797692060470581,0.8797692060470581,0.008445252664387226,0.11178550124168396
The company reiterates its outlook for 2009 .,1,neutral,neutral,0.9278146624565125,0.042651161551475525,0.02953418157994747,0.9278146624565125
Yakima created the position for him after emerging from economic downturns of its own .,1,neutral,neutral,0.8560246825218201,0.13050635159015656,0.013468930497765541,0.8560246825218201
Rosen was cautious about being too optimistic inregard to the second half of the year .,1,neutral,neutral,0.5555111169815063,0.07280128449201584,0.37168756127357483,0.5555111169815063
"The liquidity providing was interrupted on May 11 , 2007 when Aspocomp Group Oyj 's shares traded below 0.50 cent ( Aspocomp 's stock exchange release 11.5.2007 ) .",0,negative,negative,0.9362541437149048,0.008782243356108665,0.9362541437149048,0.05496353283524513
"Kone 's factory located at Ayanambakkam , a suburb to the west of Chennai , is a fully integrated facility which gives it the capability to address costs .",2,positive,positive,0.8512523174285889,0.8512523174285889,0.006542363204061985,0.1422053724527359
Both loans will be used to finance strategic investments such as shopping center redevelopment projects and refinancing of maturing debt .,2,positive,positive,0.5833186507225037,0.5833186507225037,0.009237876161932945,0.4074435234069824
"Finland-based Elcoteq SE , a privately held provider of electronics manufacturing services to communications companies , said Thursday it signed a long-term manufacturing supply deal with communications equipment company Andrew Corp. .",2,positive,positive,0.9422018527984619,0.9422018527984619,0.01920909434556961,0.03858904913067818
`` Capital expenditure on energy efficiency has unfortunately fallen along with the decline in the economy .,0,negative,negative,0.9656737446784973,0.016542494297027588,0.9656737446784973,0.01778375543653965
The effect of the savings will be noticeable as of the beginning of 2010 .,2,positive,positive,0.9377286434173584,0.9377286434173584,0.015149089507758617,0.0471222884953022
"In the fourth quarter of 2009 , Orion 's net profit went up by 33.8 % year-on-year to EUR33m .",2,positive,positive,0.9568542242050171,0.9568542242050171,0.01785140112042427,0.025294290855526924
Net sales dropped by 6 % year-on-year to EUR 11.9 million .,0,negative,negative,0.9764161705970764,0.00715123675763607,0.9764161705970764,0.016432542353868484
"`` That 's a very high figure on the European scale , '' Noop said , recalling however that this also includes beer bought by Finnish tourists .",1,neutral,neutral,0.5339117050170898,0.45134836435317993,0.014739897102117538,0.5339117050170898
"London 's leading shares today jumped almost 100 points , or 1.7 % , as the market opened .",2,positive,positive,0.9296152591705322,0.9296152591705322,0.017653634771704674,0.05273117125034332
"Elcoteq Dongguan was established in 1999 in the Nancheng District of Dongguan , China and is one of Elcoteq s four volume manufacturing plants in the Asia-Pacific region .",1,neutral,neutral,0.9017794132232666,0.08881847560405731,0.009402166120707989,0.9017794132232666
"W+ñrtsil+ñ 's solution has been selected for its low fuel consumption , environmentally sound technology , and global service support .",2,positive,positive,0.9192818999290466,0.9192818999290466,0.007926405407488346,0.07279165834188461
"With the launch of new 3G handsets , Nokia aims to become the winner in China 's 3G market as it did in the 2G market .",2,positive,positive,0.9327023029327393,0.9327023029327393,0.01100876834243536,0.05628898739814758
fi is developing cooperation in keyword advertising with Microsoft .,2,positive,positive,0.6173349618911743,0.6173349618911743,0.007443360053002834,0.3752216100692749
"ALEXANDRIA , Va. , Oct. 3 -- Markka A. Oksanen and Harald Kaaja , both of Helsinki , Finland , Juha Salokannel of Kangasala , Finland , and Arto Palin of Viiala , Finland , have developed a system for providing communications security .",1,neutral,neutral,0.9112376570701599,0.07524926215410233,0.013513082638382912,0.9112376570701599
"( ADP News ) - Nov 3 , 2008 - Finnish cargo handling systems and services company Cargotec Oyj ( OMX : CGCBV ) said today that it acquired 80 % stakes in Italian service companies CVS Technoports Srl and CVS Service Srl from Italian handli",2,positive,neutral,0.8713164925575256,0.11837800592184067,0.01030548196285963,0.8713164925575256
Finnish forest machinery manufacturer Ponsse has issued a profit warning .,0,negative,negative,0.9663544297218323,0.008339784108102322,0.9663544297218323,0.025305738672614098
"Profit before taxes decreased by 9 % to EUR 187.8 mn in the first nine months of 2008 , compared to EUR 207.1 mn a year earlier .",0,negative,negative,0.9763047695159912,0.008847039192914963,0.9763047695159912,0.014848118647933006
"Oriola-KD , headquartered in Espoo , Finland , is a leading distributor of pharmaceutical and healthcare products with 1,300 employees in the Nordic and Baltic countries .",1,neutral,neutral,0.7900503873825073,0.20208662748336792,0.007862980477511883,0.7900503873825073
Our superior customer centricity and expertise in digital services set us apart from our competitors .,2,positive,neutral,0.5756209492683411,0.405889093875885,0.018489986658096313,0.5756209492683411
"Operating profit for the 12-month period decreased from EUR9 .6 m while net sales increased from EUR69 .0 m , as compared to 2005 .",1,neutral,negative,0.9746508002281189,0.008438708260655403,0.9746508002281189,0.016910478472709656
"On January 29 , 2009 The largest Nordic bank Nordea and Finnish retail chain Stockmann launched a regionally unique cooperation project : they are the first to introduce a common MasterCard credit card enabling payments in different states and stores .",1,neutral,positive,0.807705819606781,0.807705819606781,0.006890683900564909,0.18540343642234802
The lay-offs will start gradually and will last from one to six weeks .,1,neutral,negative,0.5589213371276855,0.0162480678409338,0.5589213371276855,0.4248306155204773
"During the past decade it has gradually divested noncore assets and bought several sports equipment makers , including California-based Fitness Products International and Sparks , Nevada-based ATEC , a leading maker of baseball and softball pitching machines .",2,positive,neutral,0.8153260946273804,0.1742798388004303,0.010394078679382801,0.8153260946273804
"Stora Enso said DeLight was suitable for a wide range of applications including food , cosmetics , home decoration and leisure products .",1,neutral,neutral,0.8445142507553101,0.14727140963077545,0.008214328438043594,0.8445142507553101
Scanfil plc is a global contract manufacturer and systems supplier for communication and industrial electronics .,1,neutral,neutral,0.8043233752250671,0.1880788654088974,0.007597723044455051,0.8043233752250671
Salonen added that data shows producers ' pulp inventories in North America are declining . ',0,negative,negative,0.9690507054328918,0.013266355730593204,0.9690507054328918,0.017682917416095734
"561,470 new shares under 2003 option rights plan Packaging company Huhtamaki Oyj reported on Monday that a total of 561,470 new shares of the company have been issued based on share subscriptions under its 2003 option rights plan .",1,neutral,neutral,0.9409582614898682,0.04324238374829292,0.01579938270151615,0.9409582614898682
The manufacturing will begin in Pietarsaari in the beginning of the year 2009 and the delivery will take place in October 2009 .,1,neutral,neutral,0.9442214965820312,0.040515441447496414,0.015263105742633343,0.9442214965820312
"The company generates net sales of about 600 mln euro $ 775.5 mln annually and employs 6,000 .",1,neutral,neutral,0.9404147863388062,0.04079853743314743,0.01878669299185276,0.9404147863388062
Activities range from the development of natural resources to the retailed marketing of finished products .,1,neutral,neutral,0.9494116306304932,0.0359036847949028,0.014684726484119892,0.9494116306304932
"International sales rose by 59.8 % to EUR 1,244.4 mn .",2,positive,positive,0.9582593441009521,0.9582593441009521,0.020119892433285713,0.021620744839310646
The value of the order is USD 2.2 mn .,1,neutral,neutral,0.9277179837226868,0.05816962197422981,0.014112342149019241,0.9277179837226868
"Elcoteq SE Stock Exchange Announcement February 4 , 2009 at 10.00 am ( EET ) Elcoteq will publish its financial statements bulletin 2008 on Wednesday , February 11 , at 9.00 am ( EET ) .",1,neutral,neutral,0.9464739561080933,0.015105855651199818,0.038420241326093674,0.9464739561080933
"The corresponding increase in the share capital , in total EUR 300,00 was registered in the Finnish Trade Register on May 8 , 2008 .",1,neutral,neutral,0.8418821692466736,0.14794930815696716,0.010168556123971939,0.8418821692466736
Operating profit improved by 44.0 % to ER 4.7 mn from EUR 3.3 mn in 2004 .,2,positive,positive,0.9543300867080688,0.9543300867080688,0.027380764484405518,0.018289197236299515
"The broker started UPM-Kymmene , Stora Enso and Sappi with ` equal-weight ' recommendations and Holmen and Norske Skog with ` underweight ' ratings .",1,neutral,neutral,0.8718247413635254,0.11152443289756775,0.016650773584842682,0.8718247413635254
The solutions will be used for upgrading the networks of a Russian MSO in 37 different cities in Russia .,2,positive,positive,0.7567539811134338,0.7567539811134338,0.006375999189913273,0.23687000572681427
"The selling consortium includes funds managed by OKO Bank 's venture capital unit , Bio Fund Management and Finnish Industry Investment , a government-owned investment group .",1,neutral,neutral,0.9279002547264099,0.06196269020438194,0.010137076489627361,0.9279002547264099
Amanda Capital has investments in 22 private equity funds and in over 200 unquoted companies mainly in Europe .,1,neutral,neutral,0.9396961331367493,0.04713545739650726,0.013168464414775372,0.9396961331367493
"Thanks to the multiplying effect of wagon performance , transport will be much more efficient , '' says development manager Juha Malkia from VR Cargo .",2,positive,positive,0.9050747156143188,0.9050747156143188,0.009034348651766777,0.08589091151952744
Net sales surged by 30 % to EUR 36 million .,2,positive,positive,0.9565695524215698,0.9565695524215698,0.019613221287727356,0.023817211389541626
During the negotiations a reduction of 21 persons has taken place through natural redundancy or termination of fixed-term contracts .,1,neutral,negative,0.869381844997406,0.023291030898690224,0.869381844997406,0.10732711851596832
Finnish Stockmann Group 's mail order unit Hobby Hall has launched a trial marketing campaign in Russia .,1,neutral,positive,0.5060423016548157,0.5060423016548157,0.0094437375664711,0.48451387882232666
"`` The enterprise value of the Fray Bentos pulp mill and Forestal Oriental totals approximately euro1 .6 billion , '' UPM said .",1,neutral,neutral,0.9184719324111938,0.07125811278820038,0.010269979014992714,0.9184719324111938
`` I see my new post as an inspiring challenge .,1,neutral,positive,0.7738054990768433,0.7738054990768433,0.011469262652099133,0.21472524106502533
"`` The transaction strengthens our position ... in design and branded goods , '' said Fiskars president and CEO Heikki Allonen , pointing out that the two groups have relatively few overlapping operations .",2,positive,positive,0.9491443634033203,0.9491443634033203,0.011896583251655102,0.0389590747654438
The company 's board of directors will propose a dividend of EUR 0.14 for 2008 at the annual general meeting .,1,neutral,neutral,0.921750009059906,0.06482715904712677,0.013422821648418903,0.921750009059906
"Continuing operations turned an operating loss of EUR 0.1 mn , a slight improvement from a loss of EUR 0.2 mn a year earlier .",2,positive,positive,0.8219853639602661,0.8219853639602661,0.16195382177829742,0.016060780733823776
The emerging markets that Raisio has chosen to enter so far are marked by relatively low per capita food consumption .,1,neutral,neutral,0.7938103675842285,0.17316386103630066,0.03302573040127754,0.7938103675842285
"The pilot project proved that RIFD technology is ideal for our purposes '' , comments Olli Saarinen , Material Handling Supervisor at Yara .",2,positive,positive,0.8497452735900879,0.8497452735900879,0.008100527338683605,0.14215414226055145
"For Teleste , the acquisition marks an entry into services business in a market where it has long been an established and significant supplier of products .",2,positive,positive,0.8855238556861877,0.8855238556861877,0.0068870182149112225,0.10758917778730392
`` Our approach is very much to only use raw materials that are produced in line with the principles of sustainable development .,1,neutral,neutral,0.9067974090576172,0.08175840973854065,0.011444194242358208,0.9067974090576172
The measures taken will cause one-time costs during the final part of 2006 .,1,neutral,negative,0.9415820240974426,0.012491696514189243,0.9415820240974426,0.04592633247375488
The company expects to open its first online shop in the US in the summer in 2011 .,1,neutral,neutral,0.5889509320259094,0.4021732807159424,0.00887579470872879,0.5889509320259094
Managing Director Kari Inkinen says that Sponda 's leasing operations developed highly favourably .,2,positive,positive,0.9536544680595398,0.9536544680595398,0.019166545942425728,0.02717900648713112
"Both operating profit and turnover for the six-month period increased , respectively from EUR0 .1 m and EUR29 .0 m , as compared to the corresponding period a year ago .",2,positive,positive,0.9572928547859192,0.9572928547859192,0.02266872674226761,0.020038314163684845
"The operating loss amounted to EUR 0.8 mn , compared to a profit of EUR 3.9 mn a year earlier .",0,negative,negative,0.9756436944007874,0.013605503365397453,0.9756436944007874,0.010750861838459969
"The company also said on November 16 , 2006 its Real Estate Fund I Ky signed an agreement with Finnish window maker Fenestra Oy to build a window plant in Forssa , southern Finland .",2,positive,positive,0.9024691581726074,0.9024691581726074,0.009746401570737362,0.08778443932533264
"The end-to-end delivery combines the competencies and services from TietoEnators Telecom & Media , Processing & Network and Digital Innovations Business Areas .",1,neutral,neutral,0.9038797616958618,0.08740007132291794,0.008720174431800842,0.9038797616958618
The building will house product development and test laboratories .,1,neutral,neutral,0.9079627394676208,0.08308045566082001,0.008956806734204292,0.9079627394676208
He is a Chartered Accountant in British Columbia and Alberta as well as a Certified Public Accountant in Washington State .,1,neutral,neutral,0.9381176829338074,0.03362302482128143,0.02825925685465336,0.9381176829338074
"Operating profit for the nine-month period increased from EUR13 .6 m , while net sales increased from EUR394 .7 m , as compared to the corresponding period in 2005 .",2,positive,positive,0.956375241279602,0.956375241279602,0.020448895171284676,0.023175913840532303
"During the past 10 years the factory has produced many of Nokia 's most popular models including the Nokia 2760 , the Nokia 6300 as well as Nokia 's latest music device the Nokia 5800 Express Music .",1,neutral,neutral,0.870018482208252,0.11922463774681091,0.010756871663033962,0.870018482208252
Deliveries by Outotec will take place over 30 months .,1,neutral,neutral,0.9248532056808472,0.06577359139919281,0.009373234584927559,0.9248532056808472
"External net sales from the printing business fell by 43.7 % , partly due to the termination of the printing contract between Ilkka-Yhtyma 's printing house I-print Oy and sector player HSS Media AB in December 2009 and the fall in printing prices .",0,negative,negative,0.9758958220481873,0.007294428534805775,0.9758958220481873,0.016809873282909393
"MANAVIGATOR-November 1 , 2010-Deal snapshot : SWEDISH PEAB BUYS EQUIPMENT RENTAL FIRM CRAMO Swedish construction company Peab AB ( STO : PEAB B ) announced the acquisition of equipment rental company Cramo Entreprenadmaskiner AB from Finnish group Cramo Oyj ( HEL : CRA1V ) .",1,neutral,neutral,0.7068390846252441,0.2737672030925751,0.019393736496567726,0.7068390846252441
"Finnish IT consultancy Satama Interactive Oyj said on November 13 , 2006 that Jarmo Lonnfors took up the position of CEO .",1,neutral,neutral,0.9394902586936951,0.03265590965747833,0.027853820472955704,0.9394902586936951
"Via the Satlan acquisition , Teleste plans to further expand its market presence as a video services partner for cable operators , broadcasters and IPTV service providers .",2,positive,positive,0.9234378337860107,0.9234378337860107,0.008095964789390564,0.06846621632575989
"Shares in Royal and Sun Alliance continued to slide back from a 12-month high of 172p last month , after a potential suitor ruled itself out of a takeover bid .",0,negative,negative,0.9754182696342468,0.00830849539488554,0.9754182696342468,0.01627321168780327
The energy-efficient data center will be built by combining an effective energy solution with state-of-the-art technology .,2,positive,positive,0.809464693069458,0.809464693069458,0.0072990418411791325,0.18323631584644318
The properties were purchased from Swedish private equity real estate firm Niam and Goldman Sachs ' Whitehall Street Real Estate Funds .,1,neutral,neutral,0.9333464503288269,0.05413429066538811,0.012519266456365585,0.9333464503288269
"We are very excited working with Maxis on this first commercial deployment of ` Master of Maya ' , said Joe Doering , Head of the Asia South region at Nokia Siemens Networks .",2,positive,positive,0.8815897107124329,0.8815897107124329,0.009564943611621857,0.1088452935218811
Almost two thirds of Olvi 's net sales come from outside Finland .,1,neutral,neutral,0.9378416538238525,0.0498468354344368,0.012311505153775215,0.9378416538238525
"Also , a seven-year historic analysis is provided for these markets .",1,neutral,neutral,0.9315146207809448,0.04809798672795296,0.020387306809425354,0.9315146207809448
"As a domestic business , Best-In is already close to Finnish dog owners .",2,positive,neutral,0.8808687329292297,0.11083035171031952,0.008300935849547386,0.8808687329292297
The shopping center will have a prime location right next to the Myllypuro metro station .,2,positive,positive,0.5986557602882385,0.5986557602882385,0.008249607868492603,0.39309462904930115
"Operating profit for the 12-month period decreased from EUR28 .2 m while net turnover increased from EUR313 .42 m , as compared to the financial year 2004 .",0,negative,negative,0.9746716618537903,0.008317315950989723,0.9746716618537903,0.017011012881994247
Validating our fgVoIP client through Symbian Signed represents a significant step forward in accomplishing this goal .,2,positive,positive,0.8973518013954163,0.8973518013954163,0.008140812627971172,0.09450730681419373
The invention carries International Patent Publication No. .,1,neutral,neutral,0.943146288394928,0.035572368651628494,0.021281398832798004,0.943146288394928
"A coker crane will be supplied to Tesoro Corporation 's Golden Eagle Refinery in Martinez , California , while a similar crane will be delivered to BP 's Castell refinery in Spain .",1,neutral,neutral,0.8908923864364624,0.09823726117610931,0.010870324447751045,0.8908923864364624
"The Company serves approximately 3,000 customers in over 100 countries .",1,neutral,neutral,0.9074875712394714,0.08353538066148758,0.008977048099040985,0.9074875712394714
"Economic development in China is no longer taking place only on the East coast and in the Shanghai area , Vauramo says .",1,neutral,neutral,0.8838680982589722,0.10377992689609528,0.012352037243545055,0.8838680982589722
"We have sound experience of project deliveries for large multi-purpose complexes and sports arenas '' , says Sami Eronen , SVP , Infrastructure and Northern Europe , Ruukki Construction .",1,neutral,positive,0.8255168795585632,0.8255168795585632,0.00697636092081666,0.16750672459602356
"Finnish silicon wafer technology company Okmetic Oyj OMX Helsinki : OKM1V reported on Thursday 30 October an operating profit of EUR7 .4 m for January-September 2008 , up from EUR6 .1 m in the corresponding period in 2007 .",2,positive,positive,0.9541347622871399,0.9541347622871399,0.02431073784828186,0.021554552018642426
"Full-year net sales are expected to increase by approximately 10 % , the company said .",2,positive,positive,0.9486953616142273,0.9486953616142273,0.018921632319688797,0.03238304331898689
"The total donation amount is EUR 1,115,000 .",1,neutral,neutral,0.9280292987823486,0.061117157340049744,0.010853554122149944,0.9280292987823486
"The business idea of Budget Sport is to offer customers a wide range of high-quality sports equipment and clothing at low prices , the company said .",1,neutral,neutral,0.8653246164321899,0.125276580452919,0.009398851543664932,0.8653246164321899
There did not seem to be enough hours in a day for Pekkarinen .,1,neutral,neutral,0.6865338683128357,0.03590669855475426,0.2775594890117645,0.6865338683128357
"The company is owned by the State of Finland and the European Aeronautic Defense and Space Company EADS N.V. Tekla is an international software company that provides solutions for building and construction , energy distribution and municipalities .",1,neutral,neutral,0.9295251965522766,0.05982944369316101,0.010645411908626556,0.9295251965522766
Sales increased due to growing market rates and increased operations .,2,positive,positive,0.9581224322319031,0.9581224322319031,0.01633499749004841,0.025542596355080605
"Weber convinced his friend Ray Ostrom , who owned a Lake Street sporting goods store , to sell the lures .",1,neutral,neutral,0.8768578767776489,0.09921970963478088,0.023922402411699295,0.8768578767776489
Ruukki announced that it has signed an agreement with Aker Solutions of Norway to supply 24 suction anchors in September 2010 from its Kalajoki unit in Finland .,2,positive,positive,0.9358187317848206,0.9358187317848206,0.015679718926548958,0.048501480370759964
"`` Of course , we are in talks with all those coming up with new projects that involve material handling , '' Konecranes President and CEO Pekka Lundmark said , when asked whether it was talking to Reliance Industries for supplying equipment to its upcoming refinery in Jamnagar .",1,neutral,positive,0.6450134515762329,0.6450134515762329,0.013981751166284084,0.34100472927093506
EPS grew to 0.04 eur from 0.02 eur .,2,positive,positive,0.952499508857727,0.952499508857727,0.02804136835038662,0.019459106028079987
"According to the company , its operating profit , excluding non-recurring items , in the fourth quarter of 2009 was significantly better than expected , and also better than the figures for the fourth quarter of 2008 .",2,positive,positive,0.9559077620506287,0.9559077620506287,0.02811197191476822,0.01598026044666767
"Swedish engineering consultant firm Etteplan is to establish a unit in town Borl+ñnge , by the turn of the month March-April 2008 .",1,neutral,neutral,0.9186552166938782,0.07177165150642395,0.009573113173246384,0.9186552166938782
The actions are expected to deliver annual cost savings of some EUR15-20m .,2,positive,positive,0.9496346116065979,0.9496346116065979,0.014058157801628113,0.036307193338871
Shares of Nokia Corp. rose Thursday after the cell phone maker said its third-quarter earnings almost doubled and its share of the global handset market increased .,2,positive,positive,0.9504469037055969,0.9504469037055969,0.02080649323761463,0.028746673837304115
"Teollisuuden Voima Oyj , the Finnish utility known as TVO , said it shortlisted Mitsubishi Heavy s EU-APWR model along with reactors from Areva , Toshiba Corp. , GE Hitachi Nuclear Energy and Korea Hydro & Nuclear Power Co. .",1,neutral,neutral,0.8351843953132629,0.1552557796239853,0.00955977849662304,0.8351843953132629
"In 2007 , Etteplan had turnover of EUR125 .2 m.",1,neutral,neutral,0.9399641752243042,0.03162183240056038,0.028413979336619377,0.9399641752243042
"( ADPnews ) - Nov 9 , 2009 - Four companies have agreed to buy for a combined SEK 5.9 billion ( USD 854m-EUR 571.8 m ) all drug stores offered for sale as part of the restructuring of Swedish stated-owned pharmacy monopoly Apoteket AB , t",2,positive,positive,0.8805751204490662,0.8805751204490662,0.012051780708134174,0.10737303644418716
"Aspocomp said it will spin off its Chinese and Indian units , and some equipment from its Salo plant in Finland , into a newly-formed unit , most of which it will then sell on to Hong Kong-listed Meadville .",1,neutral,neutral,0.9505776166915894,0.028427259996533394,0.020995112136006355,0.9505776166915894
"Mr Ashley , deputy executive chairman of Sports Direct , sold a 43pc stake in the company for more than pounds 900m at the time of the float .",1,neutral,neutral,0.947471559047699,0.03403923660516739,0.018489254638552666,0.947471559047699
"According to Kesko , the company agreed with the city administration about lease of the building in 2006 , its resettlement and construction of a five-star hotel Hilton for 120 rooms .",2,positive,positive,0.6664655208587646,0.6664655208587646,0.008716442622244358,0.32481810450553894
The authorization is in force for a period of 18 months from the resolution by the General Meeting .,1,neutral,neutral,0.9466197490692139,0.03277840092778206,0.020601900294423103,0.9466197490692139
"There have been 15 initial public offerings announced in Sweden this year , compared with two during the same period a year earlier , Bloomberg data shows .",1,neutral,positive,0.7449079155921936,0.7449079155921936,0.06554308533668518,0.18954893946647644
"Componenta has production lines for similar-sized products at Karkkila in Finland , at Weert in the Netherlands and at Orhangazi in Turkey , and these had a combined output of approximately 100,000 tonnes and net sales of EUR 135 million in 2007 .",1,neutral,neutral,0.9021478295326233,0.08512690663337708,0.01272531971335411,0.9021478295326233
His resignation will take effect immediately .,1,neutral,neutral,0.738021194934845,0.018539663404226303,0.24343913793563843,0.738021194934845
"We bring a new , committed leadership and business and strategic know-how to the company that we buy .",1,neutral,neutral,0.6980620622634888,0.29284384846687317,0.009094140492379665,0.6980620622634888
"BasWare Invoice Processing , BasWare Contract Matching , BasWare Order Matching and BasWare KPI Reporting Tool are part of the BasWare 's Enterprise Purchase to Pay solution suite .",1,neutral,neutral,0.9370867013931274,0.04584433138370514,0.017068985849618912,0.9370867013931274
"In the video above Marimekko 's design manager , Noora Niiininoski , explains that the brands are a natural fit for each other because they both have a timeless style .",1,neutral,neutral,0.6829355359077454,0.30688348412513733,0.01018093153834343,0.6829355359077454
Latvenergo has ordered a significant expansion to the Tekla Xpower network information system .,2,positive,positive,0.9221628308296204,0.9221628308296204,0.011037354357540607,0.0667998343706131
The webcast may be followed online on the company website at www.ruukki.com/investors .,1,neutral,neutral,0.9540519714355469,0.025891253724694252,0.02005675993859768,0.9540519714355469
Talentum 's net sales in September were smaller than expected .,0,negative,negative,0.9606977105140686,0.013351984322071075,0.9606977105140686,0.025950225070118904
"Igor and Oleg Yankov , who currently manage Moron and Vitim , will hold onto the 25 % stake for now .",1,neutral,neutral,0.9467547535896301,0.04072236642241478,0.012522872537374496,0.9467547535896301
The Company turnover amounted to MEUR 27.9 in 2007 .,1,neutral,neutral,0.9402318000793457,0.03219427913427353,0.0275739636272192,0.9402318000793457
"Previously , the company anticipated its operating profit to improve over the same period .",2,positive,positive,0.9602458477020264,0.9602458477020264,0.018628587946295738,0.021125588566064835
The new location is n't the only change Wellmont has in store for its air transport service .,1,neutral,positive,0.6028271317481995,0.6028271317481995,0.008618883788585663,0.38855400681495667
"The company will disclose further details , including the anticipated transaction timetable and the name of the new investor , within one week .",1,neutral,neutral,0.9543059468269348,0.025920618325471878,0.019773393869400024,0.9543059468269348
Choose from a Giant Countdown with red head or rainbow trout -- or the Giant Shad Rap in perch color .,1,neutral,neutral,0.9210805892944336,0.029028477147221565,0.04989092797040939,0.9210805892944336
"The order values at EUR 6.9 mn , and it consists of design services and hardware and software licences .",1,neutral,neutral,0.9484503269195557,0.03608979284763336,0.015459823422133923,0.9484503269195557
"The EBITDA was EUR116m compared to EUR115m , corresponding to an EBITDA margin of 33 % .",2,positive,positive,0.7261702418327332,0.7261702418327332,0.24567022919654846,0.028159601613879204
"Ahlstrom Corporation STOCK EXCHANGE RELEASE 13.02.2008 Ahlstrom , a global leader in high performance fiber-based materials , today announced the completion of the acquisition of Friend Group Inc. , which consists of West Carrollton Parchment Company and West Carrollton Converting Company .",1,neutral,neutral,0.6254100799560547,0.3632844090461731,0.011305510997772217,0.6254100799560547
The company expects its net sales in the first half of 2008 to reach the previous year 's level .,2,positive,positive,0.9564173221588135,0.9564173221588135,0.01665550284087658,0.026927240192890167
"Chic and cheerful , Finnish design house Marimekko has been sending its geometric textiles out into the world for the past 60 years .",1,neutral,neutral,0.8408279418945312,0.14680376648902893,0.012368295341730118,0.8408279418945312
In Sweden the agreement covers data communication services as well .,1,neutral,neutral,0.8663089275360107,0.12528011202812195,0.008410963229835033,0.8663089275360107
"Finnish Bank of +àland reports operating profit of EUR 2.2 mn in the first quarter of 2010 , down from EUR 6.3 mn in the corresponding period in 2009 .",0,negative,negative,0.9762188792228699,0.010255257599055767,0.9762188792228699,0.013525836169719696
Insurance policies should be simple .,1,neutral,neutral,0.9334997534751892,0.03886694833636284,0.027633318677544594,0.9334997534751892
"( ADP News ) - Feb 12 , 2009 - Finnish construction company Lemminkainen Oyj ( HEL : LEM1S ) said today its net profit decreased to EUR 63.5 million ( USD 81.1 m ) for 2008 from EUR 80.6 million for 2007 .",0,negative,negative,0.9746427536010742,0.007075551897287369,0.9746427536010742,0.018281707540154457
"ADP News - Jan 13 , 2009 - Finnish industrial and environmental measurement equipment maker Vaisala Oyj OMX : VAIAS said yesterday it will develop an operational reference radiosonde for climate change observations .",1,neutral,neutral,0.8417826294898987,0.15027005970478058,0.007947352714836597,0.8417826294898987
"Currently , the company foresees its pre-tax profit to remain below the 2009 level when it reached EUR 700,000 USD 934,000 , compared with previous projections of a slightly better pre-tax profit .",0,negative,negative,0.9623751044273376,0.023531118407845497,0.9623751044273376,0.014093763194978237
The company closed last year with a turnover of about four million euros .,1,neutral,neutral,0.933536946773529,0.04379094019532204,0.022672096267342567,0.933536946773529
"Stora Enso Oyj said Friday it will sell its North American unit to NewPage , in a deal valued at euro1 .82 billion US$ 2.52 million .",1,neutral,neutral,0.8801970481872559,0.11047482490539551,0.009328109212219715,0.8801970481872559
"Viking will pay EUR 130 million for the new ship , which will be completed in January 2008 .",1,neutral,neutral,0.6658470630645752,0.3250912129878998,0.009061656892299652,0.6658470630645752
"The most interesting export markets will be Russia , the Baltic countries and Scandinavia .",1,neutral,neutral,0.8281965851783752,0.1634167581796646,0.008386638015508652,0.8281965851783752
The venture recently agreed to buy Motorola 's wireless networks business for $ 1.2 billion and to deploy LightSquared 's national 4G network .,1,neutral,positive,0.6443946957588196,0.6443946957588196,0.007680425886064768,0.3479248285293579
You are warmly welcome !,1,neutral,positive,0.7167432308197021,0.7167432308197021,0.013533711433410645,0.2697230279445648
Okmetic has used the furnaces for the contract manufacturing of solar crystals .,1,neutral,neutral,0.913588285446167,0.07495587319135666,0.011455816216766834,0.913588285446167
"Ruukki has signed a contract to deliver and install the steel structures for a bridge over the Kyronsalmi strait in Savonlinna , Finland .",2,positive,positive,0.9379512071609497,0.9379512071609497,0.013362934812903404,0.04868583008646965
It is planned to set up the A class business center in the two top storeys of the complex .,1,neutral,neutral,0.8726763725280762,0.11897619068622589,0.008347442373633385,0.8726763725280762
"`` The number of collection errors fell considerably , and operations speeded up .",2,positive,positive,0.8878371715545654,0.8878371715545654,0.08180347830057144,0.030359292402863503
"NAVTEQ has a commanding lead in installed map data systems in North American vehicles and may be the leader in turn-by-turn navigation data offered by services such as OnStar in North America , said analyst Phil Magney of Telematics Research Group in Minnetonka , Minn. .",2,positive,positive,0.9036523103713989,0.9036523103713989,0.0073758275248110294,0.08897188305854797
"After the split , the company would have 26,885,540 Series A shares and 9,540,000 Series K shares .",1,neutral,neutral,0.9541286826133728,0.028772670775651932,0.017098568379878998,0.9541286826133728
"Following the issue , the new shares will constitute 10 percent of the firm 's capital .",1,neutral,neutral,0.9303230047225952,0.05949755385518074,0.010179491713643074,0.9303230047225952
"Los Angeles-based Pacific Office Properties Trust acquires , owns , and operates office properties in the western U.S. , focusing initially on the markets of Honolulu , San Diego , Los Angeles , and Phoenix .",1,neutral,neutral,0.936679482460022,0.05096440762281418,0.012356095016002655,0.936679482460022
"` Sanoma is a buyer not a target , ' he said .",1,neutral,neutral,0.8931562304496765,0.08859866857528687,0.01824515499174595,0.8931562304496765
The company has 120 employees and annual sales of approximately EUR16m .,1,neutral,neutral,0.9372246861457825,0.04390886798501015,0.018866458907723427,0.9372246861457825
The extracted filtrates are very high in clarity while the dried filter cakes meet required transport moisture limits (TMLs)for their ore grades .,1,neutral,neutral,0.859894871711731,0.12679481506347656,0.013310286216437817,0.859894871711731
"In the reporting period , net sales rose by 8 % year-on-year to EUR64 .3 m , due to the business acquisitions realized during the first half of 2008-09 , the effect of which was EUR10 .9 m in the review period .",2,positive,positive,0.9573681354522705,0.9573681354522705,0.01912499964237213,0.023506885394454002
"It generated an operating loss of EUR 96.3 mn , down from a profit of EUR 43.9 mn .",0,negative,negative,0.9764291048049927,0.007964481599628925,0.9764291048049927,0.015606417320668697
"- Inge Larsen (CFO), 29,045 shares , representing 0.50 % of the share capital .",1,neutral,neutral,0.9536261558532715,0.024496732279658318,0.02187711000442505,0.9536261558532715
"Koduextra is operating a retail chain of 11 stores , controlled by Finnish Non-Food Center KY , Rukax OY , and Scan-Tukka OY .",1,neutral,neutral,0.9504317045211792,0.03118041902780533,0.018387876451015472,0.9504317045211792
For the new shares subscribed with stock options all shareholder rights commence from the date on which they are entered into the Trade Register .,1,neutral,neutral,0.9574726223945618,0.021022453904151917,0.021504944190382957,0.9574726223945618
"Nokia , which has a strong track record in the lower-end handset market , said in July its touch-screen offering would come this year and be cheaper than rival models in order to tap into a higher-volume market .",2,positive,positive,0.8607375621795654,0.8607375621795654,0.007199660409241915,0.13206276297569275
Talvivaara Mining Company Plc Talvivaara Mining Company is an internationally significant base metals producer with its primary focus on nickel and zinc using a technology known as bioheapleaching to extract metals out of ore .,1,neutral,neutral,0.7441378831863403,0.24912039935588837,0.006741790100932121,0.7441378831863403
"RAPALA TOURNAMENT FISHING : With all the major titles already out for the holidays , bargain-priced games such as Rapala aim for a smaller audience .",1,neutral,neutral,0.8484761714935303,0.06397417932748795,0.08754963427782059,0.8484761714935303
The total capital of funds managed by the bank decreased by 28 % to EUR 284mn by the end of September 2008 .,0,negative,negative,0.9737822413444519,0.007721573114395142,0.9737822413444519,0.01849619671702385
A high court in Finland has fined seven local asphalt companies more than   lion ( $ 117 million ) for operating a cartel .,0,negative,negative,0.9615623950958252,0.012971636839210987,0.9615623950958252,0.02546592429280281
Nokian Tyres ' tyres are considered genuine winter tyres in Russia .,1,neutral,neutral,0.9236578345298767,0.06298890709877014,0.013353187590837479,0.9236578345298767
The long-term contract is global .,2,positive,neutral,0.9168893694877625,0.06898923218250275,0.014121445827186108,0.9168893694877625
"Lemminkainen Oyj said that it has signed credit agreements with Nordea Bank STO : NDA , Pohjola Bank HEL : POH1S , Sampo Bank HEL : SAMAS and Svenska Handelsbanken STO : SHB A .",1,neutral,positive,0.9418906569480896,0.9418906569480896,0.015296852216124535,0.0428125374019146
The group will expand the chain to include 45 stores .,2,positive,positive,0.8664184808731079,0.8664184808731079,0.006876964587718248,0.12670457363128662
"` Ruukki has experience of logistics construction , competence in project management and also has the best references in terms of steel frame production and installation , ' says Onodi Stefan , General Manager of Arxikon Construction Company SRL , which is Ruukki 's customer .",2,positive,positive,0.8282920718193054,0.8282920718193054,0.006209234707057476,0.16549867391586304
"Iggesunds Bruk in Sweden is one of the most advanced , fully integrated pulp and paperboard mills in the world .",2,positive,positive,0.6642869710922241,0.6642869710922241,0.007176591083407402,0.32853639125823975
The agreement expands Tekla Structures ' scope of use to bridge design .,2,positive,positive,0.8788763284683228,0.8788763284683228,0.006129483226686716,0.11499423533678055
Mursula said they tried to gather macro-economic perspective to see how Malaysia was doing .,1,neutral,neutral,0.8487282991409302,0.10329445451498032,0.04797722026705742,0.8487282991409302
"Liquid handling products include electronic and mechanical pipettes , disposable tips as well as pipette maintenance and calibration services for research institutions , healthcare and industrial laboratories .",1,neutral,neutral,0.9445341229438782,0.03892907127737999,0.016536802053451538,0.9445341229438782
"The fair value change of investment properties was EUR 15.8 mn , compared to EUR 22.9 mn in the third quarter of 2009 .",0,negative,negative,0.7356605529785156,0.24288269877433777,0.7356605529785156,0.021456746384501457
"The markets are almost completely controlled by three banks : Nordea , OP Bank Group , and Sampo .",1,neutral,neutral,0.9523918032646179,0.02258199267089367,0.02502623200416565,0.9523918032646179
"The two companies will also partner in further developing Raiso 's cholesterol lowering brand , Benecol .",2,positive,positive,0.8655512928962708,0.8655512928962708,0.007458686828613281,0.12698997557163239
Neomarkka has played a leading role in a group that aims to restart the production of specialty cellulose fiber in Valkeakoski .,1,neutral,positive,0.71439528465271,0.71439528465271,0.007080800831317902,0.27852389216423035
The merger between the two telecoms operators was expected to result in the world 's fourth largest telecoms operator .,1,neutral,positive,0.6488035917282104,0.6488035917282104,0.008754255250096321,0.3424421548843384
"Through its partnership with Finnish Paulig 's Danish subsidiary Oscar , Puljonki acquired a sales organization in the European market .",1,neutral,positive,0.6366686224937439,0.6366686224937439,0.006979052443057299,0.35635238885879517
"Editor 's note : Grimaldi generated a 1.7 bln euro ( $ 2.182 bln ) turnover in 2005 , ANSA reported on May 29 , 2006 .",1,neutral,neutral,0.8895921111106873,0.06783121824264526,0.042576681822538376,0.8895921111106873
The machines will cease production by the end of February 2007 .,1,neutral,negative,0.7230439782142639,0.013077435083687305,0.7230439782142639,0.26387858390808105
"The company had net sales of EUR 10.8 million in 2008 , and today has approximately 120 employees in Finland , Estonia and Poland .",1,neutral,neutral,0.9419115781784058,0.041185323148965836,0.016903091222047806,0.9419115781784058
"Via the plant , the Belgian company will feed 8.4 MW of electricity into the distribution grid and will be able to deliver up to 14 MW of heat .",1,neutral,positive,0.5012173652648926,0.5012173652648926,0.008010289631783962,0.49077239632606506
Competition authorities will have to approve the deal before it can be finalized .,1,neutral,neutral,0.7950025796890259,0.02597065456211567,0.17902682721614838,0.7950025796890259
Finnish Civil Aviation Administration decided to temporarily reopen Finnish capital 's Helsinki airport since 3 p.m. to 11 p.m. Monday local time .,1,neutral,neutral,0.8001084923744202,0.054975833743810654,0.1449156105518341,0.8001084923744202
"The third applicant , Fortum , was dropped .",1,neutral,negative,0.7213651537895203,0.017270967364311218,0.7213651537895203,0.2613638639450073
"Since the registration of the shares subscribed in a directed share issue , the new number of Panostaja shares and voting rights is 41,733,110 .",1,neutral,neutral,0.9454675912857056,0.040321916341781616,0.014210511930286884,0.9454675912857056
The solution will now be expanded to include all ground staff tasks .,1,neutral,neutral,0.5987447500228882,0.39300408959388733,0.008251117542386055,0.5987447500228882
A survey conducted by Taloustutkimus for Sampo Life shows that companies are badly prepared to losing key staff members .,0,negative,negative,0.9663346409797668,0.007627954240888357,0.9663346409797668,0.026037417352199554
The customers will have an access to integrated propeller and gear packages from one source .,1,neutral,neutral,0.8592130541801453,0.1338585913181305,0.006928295362740755,0.8592130541801453
"Prior to the transaction , whose financial terms have not been disclosed , Alma Media owned 40 % of Kotikokki net .",1,neutral,neutral,0.9525972008705139,0.0205902811139822,0.026812512427568436,0.9525972008705139
Cargotec 's business areas also include the container handling solutions business area Kalmar and the marine cargo handling and offshore load handling solutions business area MacGREGOR .,1,neutral,neutral,0.9448519349098206,0.037483956664800644,0.01766411028802395,0.9448519349098206
"Progress Group , QPR 's representative in Saudi Arabia and North Africa , has signed a framework agreement for a long term strategic relationship with ISE .",2,positive,positive,0.9384181499481201,0.9384181499481201,0.014653452672064304,0.04692830145359039
"Teleste 's hybrid TV solution includes components for the whole process of delivering video services to consumers from content acquisition and service creation to delivery through a range of access solutions , including HFC ( hybrid fibre-coaxial ) , xDSL , EttH , and FttH .",1,neutral,neutral,0.9120149612426758,0.07908397912979126,0.008901008404791355,0.9120149612426758
The rationalization of the operations seeks to achieve over EUR 1 million in yearly savings as from the second quarter of the current financial year .,2,positive,positive,0.9238259196281433,0.9238259196281433,0.010667790658771992,0.06550631672143936
"Biohit , Inc. , has expanded its mLINE Family of Pipettors with the addition of the NEW 1-10 ml volume range .",1,neutral,positive,0.8871009945869446,0.8871009945869446,0.006675641983747482,0.10622332990169525
Incap and Lankapaja aim to enter into actual agreement to transfer the sheet-metal production to the buyer in February in order to complete the transfer on 1 March 2011 .,2,positive,positive,0.7652570605278015,0.7652570605278015,0.009895570576190948,0.22484739124774933
"In providing managed services , Nokia takes responsibility for building , operating and transferring as well as optimising the Indosat 3G network .",1,neutral,neutral,0.9160967469215393,0.07478446513414383,0.00911877490580082,0.9160967469215393
"1 p.m. Central office of Nordea Bank 19 3-ya ulitsa Yamskogo Polya , Building 1 Telephone : 495 777-34-77 ext. 3932 , 3931 03.02.2011 Unimilk - EGM 03-04 .02.2011 XVI international business-summit Food Business Russia 2011 will take place .",1,neutral,neutral,0.9501006603240967,0.032006602734327316,0.017892682924866676,0.9501006603240967
BG Crane has a strong customer base in the on-road load handling and related installation and service businesses .,1,neutral,positive,0.6080944538116455,0.6080944538116455,0.007408954203128815,0.3844965994358063
The company is listed on the Nordic Exchange in Helsinki .,1,neutral,neutral,0.9543236494064331,0.027244994416832924,0.018431317061185837,0.9543236494064331
Pharmaceutical market in Netherlands Global Research & Data Services published recently a market analysis about the pharmaceutical markets in Netherlands .,1,neutral,neutral,0.9310413599014282,0.05379930138587952,0.015159405767917633,0.9310413599014282
15 December 2010 - Finnish-German telecoms equipment maker Nokia Siemens Networks said today it won a contract to upgrade the radio network of home-based telecommunications company Elisa Oyj HEL : ELI1V .,2,positive,positive,0.9491509795188904,0.9491509795188904,0.015181310474872589,0.03566760942339897
"No price was given for the transaction , which merges two London companies that have worked together on a number of projects including delivery of timetables for Britain 's National Express East Coast rail networks .",1,neutral,neutral,0.8757479786872864,0.11456242948770523,0.009689523838460445,0.8757479786872864
"Order intake , on the other hand , is expected to be stronger than in 2007 .",2,positive,positive,0.9535669684410095,0.9535669684410095,0.02863392047584057,0.017799122259020805
The contract value amounts to EUR 2.4 million .,1,neutral,neutral,0.9424702525138855,0.03977387398481369,0.017755934968590736,0.9424702525138855
Return on equity stood at 18.3 % compared to 15.4 % in the third quarter of 2005 .,2,positive,negative,0.8036092519760132,0.1774202585220337,0.8036092519760132,0.018970433622598648
"In a release on Oct. 28 , Peab said the two businesses will continue to be conducted under the brands Cliffton and Stockholm Entreprenad , both part of the Peab Group .",1,neutral,neutral,0.9282785058021545,0.06135813891887665,0.010363317094743252,0.9282785058021545
"In January-June 2010 , diluted loss per share stood at EUR0 .3 versus EUR0 .1 in the first half of 2009 .",0,negative,negative,0.9458435773849487,0.04053714498877525,0.9458435773849487,0.013619289733469486
"On the other hand , Finnish sawmills ' production has decreased even more .",0,negative,negative,0.9728409647941589,0.008741113357245922,0.9728409647941589,0.018417872488498688
"Swiss bank Credit Suisse International will act as an investor in the locomotive manufacturing plant , the Astana administration said .",1,neutral,neutral,0.8660825490951538,0.12529684603214264,0.008620583452284336,0.8660825490951538
"Aspo 's strong company brands - ESL Shipping , Leipurin , Telko and Kaukomarkkinat - aim to be the market leaders in their sectors .",1,neutral,positive,0.8593811988830566,0.8593811988830566,0.00677719060331583,0.1338416039943695
The company confirmed its estimate for lower revenue for the whole 2009 than the year-ago EUR 93.9 million USD 137.3 m as given in the interim report on August 5 .,0,negative,negative,0.972156822681427,0.007357020862400532,0.972156822681427,0.020486094057559967
"`` We have become convinced that we can do that very quickly , '' he told Finnish business reporters .",1,neutral,positive,0.918885350227356,0.918885350227356,0.010725005529820919,0.07038964331150055
"It expects revenue between $ 8.4 billion and $ 8.7 billion , compared to analyst estimates of $ 8.67 billion .",1,neutral,positive,0.6934364438056946,0.6934364438056946,0.2777978777885437,0.02876565419137478
"ALEXANDRIA , Va. , May 23 -- Matti Harkonen and Pentti Sipponen , both of Espoo , Finland , Osmo Suovaniemi of Helsinki , Finland , and Tapani Tiusanen of Vantaa , Finland , have developed a paper web press device .",1,neutral,neutral,0.92970210313797,0.053316809237003326,0.01698113977909088,0.92970210313797
With this appointment Kaupthing Bank aims to further co-ordinate Capital Markets activities within the Group and to improve the overall service to clients .,2,positive,positive,0.8932120203971863,0.8932120203971863,0.007634438574314117,0.0991535633802414
Espoon kaupunki awarded contracts for personal care products .,2,positive,positive,0.9418306946754456,0.9418306946754456,0.02004236914217472,0.03812699392437935
"Under the agreement GeoSentric will provide GyPSii-powered hotel information and reservation services to visitors to China , including such popular cities as Beijing and Shanghai .",2,positive,neutral,0.5125142931938171,0.48064395785331726,0.006841723341494799,0.5125142931938171
"However , Biohit estimates its total net sales will continue to grow in 2009 , and that favourable trends in net sales will lead to a profit in 2009 .",2,positive,positive,0.9532979130744934,0.9532979130744934,0.01594790443778038,0.03075418621301651
"For the fiscal year ending September 30 , 2009 the revenue from these customers was $ 10.012 million or around 11.0 % of the transportation group 's revenue .",1,neutral,neutral,0.9349092841148376,0.043227024376392365,0.021863656118512154,0.9349092841148376
"The talks concerned about 160 people in Finland and the initial estimate was for about 35 redundancies , Fiskars said .",1,neutral,neutral,0.6288772821426392,0.08254069834947586,0.2885820269584656,0.6288772821426392
"Jan. 6 -- Ford is struggling in the face of slowing truck and SUV sales and a surfeit of up-to-date , gotta-have cars .",0,negative,negative,0.9684696197509766,0.014095664955675602,0.9684696197509766,0.01743462309241295
"Poyry Energy GmbH is Austria 's leading engineering and consulting company in the energy , infrastructure and environment sector , owned by Poyry Plc. and the Austrian Verbund AG .",1,neutral,neutral,0.5667682886123657,0.425214022397995,0.0080177690833807,0.5667682886123657
"As a result , the Russia 's import restrictions on Finnish dairy companies will be canceled on 6 August 2010 .",2,positive,negative,0.5010333061218262,0.030924199149012566,0.5010333061218262,0.4680425226688385
A spokeswoman for the Italian fashion house declined comment on the settlement .,1,neutral,neutral,0.6278078556060791,0.025684965774416924,0.34650713205337524,0.6278078556060791
Terms were not disclosed .,1,neutral,neutral,0.9466205835342407,0.022328021004796028,0.03105139546096325,0.9466205835342407
"Samsung currently occupies third place and lost ground during the quarter , dropping by 1.8 % to an 11.1 % share overall .",0,negative,negative,0.9756354093551636,0.006679610349237919,0.9756354093551636,0.017685016617178917
ArcelorMittal Chief Executive Officer Lakshmi Mittal has already cut output at some furnaces .,0,negative,negative,0.967924952507019,0.006559283472597599,0.967924952507019,0.02551564946770668
"In addition , Lehdentekijat Oy will start producing a new membership magazine , Viisas Raha ( Wise Money ) for the Association .",2,positive,neutral,0.8982009887695312,0.09067978709936142,0.011119271628558636,0.8982009887695312
Operating profit for 2009 lower than outlook published earlier .,0,negative,negative,0.9726669788360596,0.007523681502789259,0.9726669788360596,0.019809268414974213
The maximum number of new shares to be offered is 22 million .,1,neutral,neutral,0.9532604217529297,0.031026292592287064,0.01571321301162243,0.9532604217529297
"Thereby , the company will expand its offering to North , Central and South America .",2,positive,positive,0.9363936185836792,0.9363936185836792,0.010197312571108341,0.05340910702943802
"The company can not give up palm oil altogether , however .",1,neutral,neutral,0.9079837203025818,0.08173051476478577,0.01028583012521267,0.9079837203025818
The cooperation with airBaltic is expected to lead to the transfer of Finncomm to the ownership of airBaltic in time .,1,neutral,neutral,0.8137062788009644,0.17832550406455994,0.00796821340918541,0.8137062788009644
W+ñrtsil+ñ 's aim is to serve the rapidly growing number of vessels and increasing marine activity in the Barents Sea region .,1,neutral,positive,0.8447223901748657,0.8447223901748657,0.005922437645494938,0.14935514330863953
Cargo volume grew by 7 % .,2,positive,positive,0.9591825008392334,0.9591825008392334,0.015732772648334503,0.025084739550948143
GE is building the facility with wind power developer Invenergy Wind LLC .,1,neutral,neutral,0.8796793222427368,0.11230257898569107,0.008018054068088531,0.8796793222427368
"According to Sweden 's Minister for Local Government and Financial Markets , Mats Odell , the decision to sell the State 's shares in telecom group TeliaSonera can only be carried out in cooperation with the State of Finland .",1,neutral,neutral,0.9450938105583191,0.038471389561891556,0.01643483154475689,0.9450938105583191
`` We are selling an information systems development business to the Finns .,1,neutral,neutral,0.8357707858085632,0.15452717244625092,0.009701991453766823,0.8357707858085632
"Both operating profit and net sales for the six-month period increased , respectively , from EUR13 .8 m and EUR143 .6 m , as compared to the corresponding period in 2007 .",2,positive,positive,0.9584378004074097,0.9584378004074097,0.021757513284683228,0.019804656505584717
The right margin will be viewed separately in detail with every customer .,1,neutral,neutral,0.9464504718780518,0.03813932463526726,0.015410205349326134,0.9464504718780518
"The company targets sales of Ls 27.1 mn ( Ls 23.498 mn ) and a profit of Ls 300,000 ( Ls 371,500 ) in 2007 .",1,neutral,neutral,0.8101137280464172,0.1786370426416397,0.011249164119362831,0.8101137280464172
`` People who enjoy mobile games are often the same customers who enjoy experimenting with new mobile services and content .,1,neutral,neutral,0.917463481426239,0.06338108330965042,0.019155461341142654,0.917463481426239
"` The stable outlook reflects Nokia 's strong market position in the global mobile handset market , strong cash flow generation , and very conservative balance sheet , ' said Raab .",2,positive,positive,0.9315211772918701,0.9315211772918701,0.023426709696650505,0.04505212977528572
`` We 've been feeling quite positive about the region as a whole .,2,positive,positive,0.9408981800079346,0.9408981800079346,0.022515397518873215,0.03658634051680565
The value of the firm 's forestry holdings increased by SEK 3.6 bn .,2,positive,positive,0.9493355751037598,0.9493355751037598,0.015483168885111809,0.03518123924732208
Finnish software developer Done Solutions Oyj said its net profit increased to 3.5 mln euro ( $ 4.6 mln ) in 2006 from 2.3 mln euro ( $ 3.0 mln ) in 2005 .,2,positive,positive,0.952100396156311,0.952100396156311,0.024717694148421288,0.02318190038204193
Financing of the project will come mainly from China .,1,neutral,neutral,0.8544507026672363,0.13834725320339203,0.007202109321951866,0.8544507026672363
"Kaleva Kustannus Oy ( business ID 0187274-0 ) has , according to its notice , on 10 August 2009 acquired 4,458,000 Alma Media shares .",1,neutral,neutral,0.9517345428466797,0.028881380334496498,0.019384093582630157,0.9517345428466797
The interchange of Editors-in-Chief is a part of publisher 's goal to enhance job circulation in all personnel groups .,1,neutral,neutral,0.8386256694793701,0.15219256281852722,0.00918173510581255,0.8386256694793701
"In Q2 of 2009 , profit before taxes amounted to EUR 13.6 mn , down from EUR 26.8 mn in Q2 of 2008 .",0,negative,negative,0.9762907028198242,0.009202715009450912,0.9762907028198242,0.01450650580227375
"The expanded agreement covers the sale , marketing and distribution of Benefon 's navigation and locator devices in China .",1,neutral,neutral,0.7698562741279602,0.2223115712404251,0.007832100614905357,0.7698562741279602
Korhonen was dismissed from her post of editor in chief of the group 's newspaper Lapin Kansa in December 2008 .,0,negative,negative,0.8896886110305786,0.010068117640912533,0.8896886110305786,0.10024328529834747
"Key shareholders of Finnish IT services provider TietoEnator Oyj on Friday rejected a hostile EUR1 .08 billion $ 1.67 billion offer from buyout shop Nordic Capital , giving new life to a possible counter offer from Blackstone Group LP and Norwegian telecom Telenor ASA .",2,positive,positive,0.7859950065612793,0.7859950065612793,0.17398974299430847,0.04001531004905701
"Finnish investor Scanfil Oyj ( HEL : SCF1V ) said last Friday it has bought 57 million shares , or 32.96 % , in Norwegian contract electronics manufacturer Kitron ASA ( OSL : KIT ) for NOK 143.9 million ( USD 24.4 m-EUR 18.1 m ) .",1,neutral,neutral,0.874706506729126,0.11474961042404175,0.010543812066316605,0.874706506729126
A. Le Coq had a market share of 41.3 percent and rival beverage group Saku 32.1 percent .,1,neutral,neutral,0.9294154047966003,0.05445622280240059,0.016128353774547577,0.9294154047966003
Efficiency programs totalling 100 million euros are under way in Finnair .,2,positive,positive,0.8076359033584595,0.8076359033584595,0.007980919443070889,0.18438313901424408
"The apartment block will be well-located , in easy reach of the city center and close to both a school and kindergarten .",2,positive,positive,0.6872790455818176,0.6872790455818176,0.008048032410442829,0.30467283725738525
"Sarantel , based in Wellingborough , UK , designs high-performance antennas for portable wireless devices .",1,neutral,neutral,0.9081818461418152,0.08060166984796524,0.011216494254767895,0.9081818461418152
"The city will invite , however , a public procurement tender for the tailor-made public furniture , such as park benches , litter receptacles , public toilets , as well as bus shelters , street lights , and other .",1,neutral,positive,0.6283713579177856,0.6283713579177856,0.010150722227990627,0.36147791147232056
Viking Line head Jan Kaarstroem told TT that his company 's ferries were well equipped to handle ice and that all the passengers were safe .,2,positive,positive,0.7797191143035889,0.7797191143035889,0.021612711250782013,0.1986682116985321
"Honkarakenne also decided yesterday to sell 88,500 of its B series shares to key staff members for EUR2 .9 per share .",1,neutral,neutral,0.9329116344451904,0.0528382733464241,0.014250105246901512,0.9329116344451904
The newspapers of Alma Media and Arena Partners will enter a cooperation agreement on using Alma 's marketplace services in their respective regions .,1,neutral,positive,0.8656572103500366,0.8656572103500366,0.008483040146529675,0.1258598417043686
"The contract traded at an all-time high of $ 50,200 a ton on April 24 .",1,neutral,positive,0.7370498180389404,0.7370498180389404,0.03447712957859039,0.2284729927778244
"Operating profit before non-recurring items was EUR 8.3 mn in the first nine months of 2008 , compared to EUR 8.4 in the corresponding period in 2007 .",0,negative,negative,0.9022569060325623,0.08125164359807968,0.9022569060325623,0.016491452232003212
"CapMan , the Stockholm-headquartered private equity firm , has held a first close on its second private equity real estate fund as it continues its push into the property sector .",1,neutral,positive,0.5834463238716125,0.5834463238716125,0.013210783712565899,0.40334296226501465
The company said that it has agreed to a EUR160m unsecured credit line from lenders .,1,neutral,positive,0.9299864768981934,0.9299864768981934,0.01332978904247284,0.0566837340593338
In 2005 Cargotec 's net sales exceeded EUR 2.3 billion .,1,neutral,positive,0.49716827273368835,0.49716827273368835,0.01276484876871109,0.49006688594818115
"Financial , strategic and operational factors are considered .",1,neutral,neutral,0.9346225261688232,0.05295293405652046,0.012424596585333347,0.9346225261688232
The value of the orders is over EUR 10mn .,1,neutral,neutral,0.9167275428771973,0.07189419865608215,0.011378226801753044,0.9167275428771973
Net sales grew in the period to  x20ac 402 million $ 585US million from  x20ac 401 million in 2006 .,2,positive,positive,0.9500165581703186,0.9500165581703186,0.023328395560383797,0.02665509283542633
Okmetic revised its 2010 financial outlook based on its order book .,1,neutral,neutral,0.8111503720283508,0.0812278762459755,0.10762177407741547,0.8111503720283508
A filter is used to pre-process packets to determine if they need to be further processed by the processor of the network device .,1,neutral,neutral,0.9395791888237,0.019844233989715576,0.04057653620839119,0.9395791888237
The platform would continue to be the development framework for Symbian and MeeGo .,1,neutral,neutral,0.8457364439964294,0.14713342487812042,0.007130153011530638,0.8457364439964294
The price for logs has clearly improved from 2009 and also the price of pulpwood has gone up .,2,positive,positive,0.9592320322990417,0.9592320322990417,0.019168710336089134,0.02159922383725643
QPR ProcessGuide is available as a system solution with centralized storage and management of process content as well as a standalone desktop version ; QPR ProcessGuide Xpress .,1,neutral,neutral,0.9294589757919312,0.059890732169151306,0.010650264099240303,0.9294589757919312
"( ADPnews ) - Dec 30 , 2009 - Finnish investment group Neomarkka Oyj ( HEL : NEMBV ) said today that it will furlough employee in its unit Reka Cables Ltd for less than 90 days , starting in January 2010 .",1,neutral,neutral,0.6524683237075806,0.02576177753508091,0.3217698931694031,0.6524683237075806
"The negotiations were carried out in a constructive manner , and all parties tried to find a solution to the situation .",2,positive,positive,0.8853231072425842,0.8853231072425842,0.018318332731723785,0.09635856002569199
"Purchase it for the 12MP snapper , if nothing else .",1,neutral,neutral,0.9277523756027222,0.0499458983540535,0.02230175957083702,0.9277523756027222
Aspo 's Group structure and business operations are continually developed without any predefined schedules .,1,neutral,neutral,0.8423440456390381,0.14904148876667023,0.00861440971493721,0.8423440456390381
EPS dropped to EUR0 .2 from EUR0 .3 .,0,negative,negative,0.9731701612472534,0.012136283330619335,0.9731701612472534,0.01469359640032053
Bluewin Security is available as a monthly subscription .,1,neutral,neutral,0.9522048830986023,0.029675230383872986,0.018119867891073227,0.9522048830986023
Net profit fell by almost half to +é 5.5 million from +é 9.4 million at the end of 2007 .,0,negative,negative,0.9763902425765991,0.006776350550353527,0.9763902425765991,0.016833361238241196
Ruukki is restructuring commercial and industrial construction operations in pursuit of permanent improvements whilst adjusting operations to market conditions .,1,neutral,neutral,0.7049943804740906,0.2755359411239624,0.019469760358333588,0.7049943804740906
The company also estimates the already carried out investments to lead to an increase in its net sales for 2010 from 2009 when they reached EUR 141.7 million .,2,positive,positive,0.9522870182991028,0.9522870182991028,0.01859103888273239,0.02912187948822975
"Trading code : ELI1V Number of shares : 99,483 Price-share : Gratuitous After the transfer , Elisa holds a total of 10,435,023 own shares .",1,neutral,neutral,0.9466511607170105,0.02206546626985073,0.0312834307551384,0.9466511607170105
"Cathay Forest 's strategy is to develop sustainable , regenerative forest assets .",1,neutral,positive,0.5075987577438354,0.5075987577438354,0.008184203878045082,0.48421695828437805
"Okmetic 's products are based on high-tech expertise that generates added value for customers , innovative product development and an extremely efficient production process .",2,positive,positive,0.7267972230911255,0.7267972230911255,0.006907510571181774,0.2662951648235321
An international conference call and audio webcast concerning the financial result January-March 2010 will begin at 14.00 EET .,1,neutral,neutral,0.957237720489502,0.025458810850977898,0.017303474247455597,0.957237720489502
"STX Finland Oy signed a a preliminary agreement for the building of an environmentally friendly , new generation cruise ferry for Viking Line to manage on between Turku , Finland , and Stockholm , Sweden withViking Line ABP .",2,positive,positive,0.9295349717140198,0.9295349717140198,0.011382097378373146,0.05908290669322014
The Efore plant at Saarijarvi in central Finland is one of the largest employers in the region .,1,neutral,neutral,0.8373196125030518,0.14722953736782074,0.01545087993144989,0.8373196125030518
"A maximum of 666,104 new shares can further be subscribed for by exercising B options under the 2004 stock option plan .",1,neutral,neutral,0.9215429425239563,0.06833097338676453,0.010126126930117607,0.9215429425239563
"The sale will be finalized in September or October , the company said .",1,neutral,neutral,0.9508845210075378,0.031372252851724625,0.017743239179253578,0.9508845210075378
"When the OMX market forwards mature on May 16 , 2008 , Novator Finland Oy 's direct shareholding in Amer Sports Corporation will exceed one-fifth 1-5 of the company 's shares and voting rights .",1,neutral,neutral,0.945173442363739,0.041370637714862823,0.013455945067107677,0.945173442363739
Atria will also buy the shares of Kauhajoen Teurastamokiinteistot Oy (Kauhajoki slaughterhouse property)from Itikka Co-operative .,1,neutral,neutral,0.9414610266685486,0.04395310580730438,0.014585825614631176,0.9414610266685486
"Latin America currently accounts for approximately 40 % of sales at Tecnotree , company president and CEO Eero Mertano recently told BNamericas .",1,neutral,neutral,0.9122546911239624,0.07758279144763947,0.010162504389882088,0.9122546911239624
"A total of 185 Wonderware Certified SIs are available to integrate and support Wonderware products such as InTouch -« HMI software , IndustrialSQL Server historian , Wonderware Information Server , DT Analyst software or QI Analyst SPC software .",1,neutral,neutral,0.9122973680496216,0.0783543512225151,0.00934830866754055,0.9122973680496216
Investments are not disclosed .,1,neutral,neutral,0.9484818577766418,0.020478183403611183,0.03103996440768242,0.9484818577766418
Construction volumes meanwhile grow at a rate of 10-15 percent annually .,2,positive,positive,0.8556311726570129,0.8556311726570129,0.014675276353955269,0.12969353795051575
"Lead production , in turn , should increase to 60,000 tonnes through 2009 in what would be a twofold increase from current capacity levels , Zahariev said .",2,positive,positive,0.9488765597343445,0.9488765597343445,0.01640528254210949,0.034718096256256104
"With the second phase of the new Innova building , Tecnopolis presence in Jyvaskyla will increase to a total of approximately 62,000 floor square meters .",1,neutral,positive,0.8605981469154358,0.8605981469154358,0.0068507990799844265,0.13255105912685394
"The contract includes design , construction , delivery of equipment , installation and commissioning .",1,neutral,neutral,0.946372389793396,0.03544554114341736,0.01818201318383217,0.946372389793396
European traffic grew nearly 30 % .,2,positive,positive,0.9525121450424194,0.9525121450424194,0.01384673546999693,0.03364112228155136
"TVO 's two-unit 1,740 MW Olkiluoto plant generated 14.2 TWh with an operating ratio across both reactors of 93.5 % , which the company described as `` high by international standards '' .",1,neutral,positive,0.6193029880523682,0.6193029880523682,0.0172575693577528,0.3634393811225891
The Group 's revenue in 2009 amounted to EUR 70 million and the company currently employs approximately 780 people .,1,neutral,neutral,0.9390596747398376,0.03809800371527672,0.02284233830869198,0.9390596747398376
"The 2500-passenger ferry will have dimensions of 185 m length overall , 170 m length between perpendiculars , 27.70 m breadth and 6.55 m design draught .",1,neutral,neutral,0.9329372644424438,0.05117429047822952,0.015888506546616554,0.9329372644424438
"Kaupthing forecasts that Finnish-Swedish Stora Enso will close its mill in Reisholz , in Germany .",1,neutral,negative,0.8596266508102417,0.01020296011120081,0.8596266508102417,0.13017044961452484
"A meeting for the media and analysts will be held on the same day at 10:30 a.m. at Stonesoft Headquarters in Helsinki , Italahdenkatu 22 A. The Interim report will be presented by Stonesoft 's CEO Ilkka Hiidenheimo .",1,neutral,neutral,0.9409971833229065,0.0172339528799057,0.04176886007189751,0.9409971833229065
"For the current year , Raute expects its net sales to increase and the operating result -- to be positive .",2,positive,positive,0.955370306968689,0.955370306968689,0.01882161572575569,0.025808099657297134
Bosse added that Trygvesta does not have the financial strength to acquire the entire unit .,0,negative,negative,0.9258381128311157,0.009301680140197277,0.9258381128311157,0.06486031413078308
"Ahlstrom Corporation Anne Pirila Director , Financial communications Distribution : Helsinki Stock Exchange Main media Ahlstrom in brief Ahlstrom is a leader in the development , manufacture and marketing of high performance fiber-based materials .",1,neutral,neutral,0.8640999794006348,0.1285225749015808,0.007377421949058771,0.8640999794006348
Ixonos will finance the acquisition through a 3.8 mln euro $ 5.2 mln loan .,1,neutral,neutral,0.8499650955200195,0.14173845946788788,0.008296486921608448,0.8499650955200195
"Finnish financial software solutions developer BasWare Oyj said its net profit fell to 884,000 euro ( $ 1.2 mln ) for the first quarter of 2007 from 2.0 mln euro ( $ 2.7 mln ) a year earlier .",0,negative,negative,0.976345956325531,0.00700367009267211,0.976345956325531,0.01665043644607067
"The RME from Telcontar enables the handset to calculate the best route and includes support for user-defined routes , feature navigability and multi-modal routing such as via foot and ferry .",1,neutral,neutral,0.7042362689971924,0.28902488946914673,0.0067388745956122875,0.7042362689971924
"Now , Nokia has announced the launch of Bicycle Charger Kit that is compatible with all Nokia phones that have a 2 mm charging interface .",1,neutral,neutral,0.5017282962799072,0.48978689312934875,0.008484872058033943,0.5017282962799072
"The company 's annual loss amounted to EEK 18mn , compared to a profit of EEK 7.3 mn in 2008 .",0,negative,negative,0.9712120294570923,0.019000796601176262,0.9712120294570923,0.009787140414118767
"The contracts awarded to date , in connection with the system , amount to a total EUR 36 million .",1,neutral,neutral,0.7810490131378174,0.20754580199718475,0.01140519231557846,0.7810490131378174
"Thus the group 's balance sheet will have about EUR 25.8 million of goodwill , the company added .",1,neutral,neutral,0.8873586058616638,0.10199742019176483,0.010643983259797096,0.8873586058616638
"LONDON ICIS -- Tikkurila has completed the sale of its powder coatings business to Finnish industrial coatings firm Teknos Group , the Finland-based decorative paints company said on Wednesday .",1,neutral,neutral,0.6907591819763184,0.2978576421737671,0.011383133009076118,0.6907591819763184
"Ahlstrom 's 5,800 employees serve customers via sales offices and production facilities in more than 20 countries on six continents .",1,neutral,neutral,0.9187677502632141,0.07022089511156082,0.01101134717464447,0.9187677502632141
"The permanent magnet generators and power converters are today the preferred solution in new wind turbine designs , the company said .",1,neutral,neutral,0.6629691123962402,0.3294895589351654,0.007541308645159006,0.6629691123962402
Metso 's delivery will include a complete coated board line with related air systems and two winders .,1,neutral,neutral,0.7871450781822205,0.20544973015785217,0.007405220530927181,0.7871450781822205
"As a result , the number of personnel in Finland will be reduced by 158 .",1,neutral,neutral,0.43517258763313293,0.16234418749809265,0.4024832248687744,0.43517258763313293
"In the Baltic countries , sales fell by 42.6 % .",0,negative,negative,0.9755206108093262,0.006598342210054398,0.9755206108093262,0.0178809966892004
Teleste expects to start the deliveries at the end of 2009 .,1,neutral,neutral,0.8841277956962585,0.10544708371162415,0.010425153188407421,0.8841277956962585
"Neste Oil extended yesterday 's gains and put on 0.49 pct to 22.72 eur , while utility Fortum shed 1.14 pct to 20.76 eur .",1,neutral,positive,0.7381771802902222,0.7381771802902222,0.2094624638557434,0.05236032232642174
"The NTSB said investigators are set to conduct sight distance tests on July 18 , using trains similar to those involved in the accident .",1,neutral,neutral,0.9319594502449036,0.0377059131860733,0.03033461980521679,0.9319594502449036
"Finnish diversified holding company Aspo Oyj said on September 8 , 2008 that it will sell the Finnish tape business of its Kaukomarkkinat unit to local Oy Telpak Ab .",1,neutral,neutral,0.9485686421394348,0.032558292150497437,0.018873076885938644,0.9485686421394348
The diluted loss per share narrowed to EUR 0.27 from EUR 0.86 .,2,positive,positive,0.9323898553848267,0.9323898553848267,0.04930524155497551,0.01830487698316574
"GUANGDONG , October 26 , SinoCast -- Nokia Telecommunications Dongguan branch entered into a letter of intent to open a Nokia Class in Qingyuan Polytechnic , Qingyuan City of Guangdong Province .",1,neutral,neutral,0.6129964590072632,0.37112489342689514,0.01587867923080921,0.6129964590072632
All YIT Capital Markets Day materials will be available on the company 's Internet site at www.yitgroup.com/investors at 10:30 on September 26 .,1,neutral,neutral,0.9547737836837769,0.02202215977013111,0.02320406772196293,0.9547737836837769
"Elcoteq 's global service offering covers the entire lifecycle of products , from product development to after-market services .",1,neutral,neutral,0.94520103931427,0.042224906384944916,0.012574131600558758,0.94520103931427
Teleste and Sentry 360 have formed an integration partnership between Sentry s advanced 360-degree immersive camera product line and Teleste s enterprise video management systems .,2,positive,positive,0.8572452664375305,0.8572452664375305,0.006978957913815975,0.13577578961849213
"Rinkuskiai raised the sales by 18.1 percent , to 1.37 million liters , while the sales of Kauno Alus grew by 14.3 percent , to 960,000 liters .",2,positive,positive,0.9414548873901367,0.9414548873901367,0.011637995019555092,0.04690708965063095
"Foodservice and consumer goods markets are served by approximately 13,000 people in 54 manufacturing units and several sales offices in 33 countries .",1,neutral,neutral,0.9414200186729431,0.04184801131486893,0.01673196628689766,0.9414200186729431
`` Nokia is just interested in bring Nokia to the market . '',1,neutral,neutral,0.8122215867042542,0.1797240972518921,0.00805437471717596,0.8122215867042542
This is due to the postponement of the decision-making of projects in the negotiation phase from the earlier estimation .,1,neutral,negative,0.9016258716583252,0.009527013637125492,0.9016258716583252,0.08884713053703308
L&T has also made a commitment to redeem the remaining shares by the end of 2011 .,1,neutral,neutral,0.8138678073883057,0.1763436496257782,0.009788498282432556,0.8138678073883057
The deal includes an option for Cramo to buy out the minority stake in 2011 .,1,neutral,neutral,0.9041433930397034,0.08653391897678375,0.009322641417384148,0.9041433930397034
"EBITDA for the year 2009 improved to EUR484m , as compared with EUR472m in 2008 .",2,positive,positive,0.9566880464553833,0.9566880464553833,0.027813423424959183,0.015498500317335129
The plans will result in the introduction of new and highly specialized manufacturing methods and also entail changes to personnel at the facility .,1,neutral,neutral,0.7902422547340393,0.19369260966777802,0.016065159812569618,0.7902422547340393
"Operating profit was EUR 139.7 mn , up 23 % from EUR 113.8 mn .",2,positive,positive,0.9558320045471191,0.9558320045471191,0.023681828752160072,0.020486243069171906
"UPM-Kymmene Corp. , the world 's largest maker of magazine paper , on Tuesday reported a 19-percent profit drop as lower paper prices , higher costs and a strong euro hurt revenue .",0,negative,negative,0.9763818383216858,0.007827884517610073,0.9763818383216858,0.0157903004437685
The company decided at the end of 2008 to temporarily shut down its ammonia plant in Billingham and extend the maintenance period at its Ince facility .,0,negative,negative,0.9354507923126221,0.008698524907231331,0.9354507923126221,0.05585067346692085
"By the end of 2006 , the number of joint branch offices will total 170 .",1,neutral,neutral,0.9271602034568787,0.06192190572619438,0.01091785728931427,0.9271602034568787
"Other measures included increasing synergies and economies of scale within the Grimaldi Group and personnel adjustments , divestments and redelivery of excess tonnage .",1,neutral,positive,0.8757721185684204,0.8757721185684204,0.009810253977775574,0.11441762000322342
Operating profit rose to EUR 27.8 mn from EUR 17.5 mn in 2008 .,2,positive,positive,0.9522541761398315,0.9522541761398315,0.02767190895974636,0.020073819905519485
The fixed acquisition price amounts to NOK 70 ( approximately EUR 8.7 ) million and additional price NOK 15 ( EUR 1.8 ) million at maximum .,1,neutral,neutral,0.9257578253746033,0.061628490686416626,0.012613680213689804,0.9257578253746033
1 November 2010 - Finnish textile and clothing company Marimekko Oyj ( HEL : MMO1V ) announced on Friday the opening of its first concept store in Seoul in cooperation with Japanese sector player Look Inc ( TYO : 8029 ) .,2,positive,positive,0.7775997519493103,0.7775997519493103,0.007178212516009808,0.21522200107574463
"India is high on our priority since business links between our two countries is also expanding , '' Tornstrom said .",1,neutral,positive,0.882792055606842,0.882792055606842,0.007649715524166822,0.10955823957920074
"Barclays Plc ( LSE : BARC ) ( NYSE : BCS ) , Credit Agricole SA ( EPA : ACA ) ( CAGR .",1,neutral,neutral,0.9101262092590332,0.07763241976499557,0.012241357937455177,0.9101262092590332
"Earnings per share ( EPS ) in the first half of 2007 amounted to EUR0 .29 , down from EUR0 .40 year ago .",0,negative,negative,0.9762943387031555,0.009007465094327927,0.9762943387031555,0.014698226936161518
"Finnish Metso Paper has won an order to supply an uncoated fine paper machine to MCC Paper Yinhe , in China .",2,positive,positive,0.9366104006767273,0.9366104006767273,0.010923112742602825,0.05246647819876671
"New Chairman of the Board of Directors , Mr Chaim Katzman , will give a presentation and answer questions .",1,neutral,neutral,0.9489633440971375,0.03308822959661484,0.017948416993021965,0.9489633440971375
"- Demand for fireplace products was lower than expected , especially in Germany .",0,negative,negative,0.9677199721336365,0.01375611312687397,0.9677199721336365,0.018523860722780228
"According to Gran , the company has no plans to move all production to Russia , although that is where the company is growing .",1,neutral,neutral,0.8857312798500061,0.10340676456689835,0.010861918330192566,0.8857312798500061
Finnish consumer packaging manufacturer Huhtamaki Oyj said it swung to a net profit of 84.1 mln euro $ 105.6 mln in the first nine months of 2006 from a net loss of 2.6 mln euro $ 3.3 mln in the same period of 2005 .,2,positive,positive,0.9485042095184326,0.9485042095184326,0.026149608194828033,0.02534617856144905
Protalix has $ 42 million in cash and no sales .,1,neutral,neutral,0.5301674008369446,0.01721360720694065,0.45261889696121216,0.5301674008369446
"`` My wife is looking forward to getting a paycheck again , '' he quipped recently as a six-knot current swirled around his anchored and heavily sponsored jet sled .",1,neutral,negative,0.6212543249130249,0.1657753437757492,0.6212543249130249,0.21297034621238708
"Profit for the period totaled EUR 39.4 mn , up from EUR 33.9 mn in the corresponding period in 2006 .",2,positive,positive,0.9546872973442078,0.9546872973442078,0.024377897381782532,0.020934797823429108
`` The rest of this week 's tapings of Jimmy Kimmel Live have been canceled until he is back on his feet .,1,neutral,negative,0.7818505764007568,0.013564852066338062,0.7818505764007568,0.20458447933197021
The company said that it has started to investigate streamlining its operations in order to meet the tightening competition on the mobile phone charger market .,2,positive,neutral,0.765853226184845,0.1518574059009552,0.08228940516710281,0.765853226184845
Profit of the accounting period was EUR 0.3 mn .,1,neutral,neutral,0.863746166229248,0.035062748938798904,0.10119111090898514,0.863746166229248
"In sales volume , Coca-Cola 's market share has decreased by 2.2 % to 24.2 % .",0,negative,negative,0.9724393486976624,0.007434773724526167,0.9724393486976624,0.02012592740356922
"To choose BasWare as the tools for our Financial Service seemed like a natural continuation of our cooperation '' , says Tommi Leskinen , Financial Applications Manager , Neste Oil Corporation .",1,neutral,positive,0.8046556115150452,0.8046556115150452,0.009517904371023178,0.18582645058631897
"The company said that the operations will be sold to a newly established company , CPS GmbH , where the present management of the plastics business is a co-owner .",1,neutral,neutral,0.9543395042419434,0.030525756999850273,0.015134732238948345,0.9543395042419434
"Some 250 people , of whom more than 200 are workers , will be retiring from the Raahe Works between 2008 and 2011 .",1,neutral,negative,0.7240556478500366,0.014673016034066677,0.7240556478500366,0.2612714171409607
"Most of the new substations support EDGE technology , which enables faster data traffic .",1,neutral,neutral,0.7262989282608032,0.2665593922138214,0.007141686975955963,0.7262989282608032
"The steelmaker said that the drop in profit was explained by the continuing economic uncertainty , mixed with the current drought in bank lending , resulting in a decline in demand for its products as customers find it increasingly difficult to fund operations .",0,negative,negative,0.9752402305603027,0.008379992097616196,0.9752402305603027,0.016379782930016518
"Finnish-owned contract manufacturer of electronics Elcoteq Hungary Kft has announced plans to recruit more than 650 new staffers to fulfill new orders in P+®cs , where the company has two plants .",2,positive,positive,0.928447425365448,0.928447425365448,0.014506368897855282,0.05704619735479355
"Group EBIT for the first half was EUR13 .6 m US$ 17.8 m , falling short of the EUR22 .5 m it posted for the same period of 2009 .",0,negative,negative,0.9719744324684143,0.012242285534739494,0.9719744324684143,0.015783285722136497
"Both operating profit and net sales for the 12-month period increased , respectively from EUR4 .7 m and EUR26 .7 m , as compared to 2004 .",2,positive,positive,0.9573447704315186,0.9573447704315186,0.022506332024931908,0.020148860290646553
"The subdivision made sales revenues last year of EUR 480.7 million EUR 414.9 million in 2008 , and operating profits of EUR 44.5 million EUR 7.4 million .",2,positive,neutral,0.6386045217514038,0.3410719335079193,0.020323580130934715,0.6386045217514038
KONE is listed on the Nordic Exchange in Helsinki .,1,neutral,neutral,0.951561450958252,0.02518475241959095,0.023253824561834335,0.951561450958252
"Creating interfaces that are more similar to interactions in the real world can enable experiences that are more natural and intuitive , in the same way that modern games and movies are more immersive through the use of realistic 3-D graphics .",1,neutral,neutral,0.8222192525863647,0.16605862975120544,0.011722099035978317,0.8222192525863647
"Only this time , Nokia , India 's largest MNC , has sought out a topic that could spark off a million approaches ` Creativity in Emerging Markets .",1,neutral,neutral,0.673989474773407,0.3145830035209656,0.011427472345530987,0.673989474773407
- Operating profit rose by 26.9 % to EUR 105.8 ( 83.4 ) million .,2,positive,positive,0.9595321416854858,0.9595321416854858,0.019799016416072845,0.020668789744377136
"Cramo Plc is a service company specialising in construction machinery and equipment rental and rental-related services , as well as rental and sale of modular space .",1,neutral,neutral,0.939793586730957,0.04626581072807312,0.013940616510808468,0.939793586730957
SHARE REPURCHASE 11.01.2008 In the Helsinki Stock Exchange On behalf of Sampo plc Danske Bank A-S Helsinki Branch,1,neutral,neutral,0.9540613293647766,0.028385847806930542,0.01755279302597046,0.9540613293647766
"The period 's sales dropped to EUR 30.6 million from EUR 38.3 million , according to the interim report , released today .",0,negative,negative,0.9765568971633911,0.007401569746434689,0.9765568971633911,0.01604156196117401
"The tanks will be delivered to a company which is currently building a chemical tank farm in Antwerp , northern Belgium .",1,neutral,neutral,0.9171900153160095,0.07165608555078506,0.011153895407915115,0.9171900153160095
"Componenta is a metal sector company with international operations and production plants located in Finland , the Netherlands , Sweden and Turkey .",1,neutral,neutral,0.9387364387512207,0.04500168189406395,0.016261868178844452,0.9387364387512207
A PLUMBING business has announced it is sponsoring a professional darts player .,1,neutral,neutral,0.8881757855415344,0.09349406510591507,0.018330158665776253,0.8881757855415344
"The ten year rent contract with the right of prolongation on the existing terms , was signed between Stockmann and the owner of the shopping center in 1998 .",1,neutral,neutral,0.7980168461799622,0.19180522859096527,0.010177848860621452,0.7980168461799622
Strong growth has continued also in China .,2,positive,positive,0.9521748423576355,0.9521748423576355,0.0135947959497571,0.03423038497567177
Cash Flow from Operations for the most recent quarter also reached a eight year low .,0,negative,negative,0.9756292700767517,0.007953738793730736,0.9756292700767517,0.016416966915130615
The office space will rise above the remodeled Cannon Street underground station .,1,neutral,neutral,0.5217921733856201,0.46802401542663574,0.01018373854458332,0.5217921733856201
Cash flow from operating activities is estimated to be positive .,2,positive,positive,0.9451122283935547,0.9451122283935547,0.01694931462407112,0.037938520312309265
Commission income fell to EUR 4.6 mn from EUR 5.1 mn in the corresponding period in 2007 .,0,negative,negative,0.975927472114563,0.009538344107568264,0.975927472114563,0.014534177258610725
"Vacon aims to establish its presence in the solar energy business in various parts of the world towards the end of 2010 , said Olli Teva , marketing director renewable energy applications .",1,neutral,positive,0.8231378793716431,0.8231378793716431,0.006073768716305494,0.17078831791877747
"The company will try to adapt the operations through temporary lay-offs of different duration , working hour arrangements , training and development efforts .",1,neutral,neutral,0.8096989989280701,0.09935322403907776,0.09094773977994919,0.8096989989280701
"The company 's goal is to achieve annual savings of EUR 2 million ( USD 2.7 m ) , of which two thirds are to be realized in 2010 .",2,positive,positive,0.9320595860481262,0.9320595860481262,0.011917812749743462,0.05602261796593666
Its other well-known brands include fitness equipment maker Precor and U.S. - based ball sports equipment maker Wilson .,1,neutral,neutral,0.9179064035415649,0.06774210184812546,0.014351468533277512,0.9179064035415649
Operating profit rose to EUR 26.7 mn from EUR 14.9 mn in the corresponding period in 2006 .,2,positive,positive,0.9508541226387024,0.9508541226387024,0.027524122968316078,0.02162173017859459
"According to Finnish financial services group Sampo 's CEO , Bj+Ârn Wahlroos , Danish Danske Bank 's acquisition of Sampo Bank for EUR 4bn was the largest cash deal in Finland 's economic history .",1,neutral,positive,0.8086772561073303,0.8086772561073303,0.00907344464212656,0.1822492778301239
We hope to increase traffic volumes with the opening of Freight One Scandinavia . '',2,positive,positive,0.9526712894439697,0.9526712894439697,0.012521611526608467,0.03480709344148636
"Operating loss totaled EUR 0.8 mn , compared to a profit of EUR 0.5 mn .",0,negative,negative,0.9752635955810547,0.012355664744973183,0.9752635955810547,0.012380728498101234
The acquisition will considerably increase Kemira 's sales and market position in the Russian metal industry coatings market .,2,positive,positive,0.9518874287605286,0.9518874287605286,0.012941377237439156,0.035171207040548325
The value of the contract is EUR 25mn .,1,neutral,neutral,0.9460719227790833,0.03826947882771492,0.015658622607588768,0.9460719227790833
"Based on strong customer interest and feedback , using RPM mobile phone manufacturers , operators , enterprises and developer forums can significantly increase their product and service quality , user-experience and cost-efficiency '' , Tulonen continues .",2,positive,positive,0.9305965900421143,0.9305965900421143,0.008724130690097809,0.060679323971271515
"Nokia said it still expects to sell 150 more million Symbian devices in years to come , giving an indication of how it expects the Phone 7 handoff to work .",1,neutral,positive,0.7154843211174011,0.7154843211174011,0.009464585222303867,0.275051087141037
`` The announced investment of the carmaker Hyundai for example sounds optimistically for us as of course new cars mean new tires . '',2,positive,positive,0.8936669826507568,0.8936669826507568,0.0109228091314435,0.09541024267673492
"Capacity of the facility made by Finland 's Vaahto Group is 86,000 tons of light coated paper .",1,neutral,neutral,0.9395632743835449,0.04802057519555092,0.012416104786098003,0.9395632743835449
Net sales of the Vegetable Oil Business rose to EUR 10.6 mn from EUR 10.1 mn .,2,positive,positive,0.9527337551116943,0.9527337551116943,0.023907620459794998,0.023358702659606934
"The 250 sq m 2,691 sq ft store in Copenhagen 's premier shopping district was inaugurated today , further strengthening the company 's presence in Nordic capitals .",2,positive,positive,0.9456453323364258,0.9456453323364258,0.012652617879211903,0.04170200601220131
"The broker has initiated both Palfinger AG and Konecranes OYJ with ` buy ' recommendations , with 51 and 42 eur price targets respectively .",2,positive,positive,0.6578842401504517,0.6578842401504517,0.01436470914632082,0.327751100063324
"Equipment will be manufactured in Vaahto 's workshop in Hollola , Finland and is scheduled for shipments during the first quarter of 2009 .",1,neutral,neutral,0.9283037185668945,0.05910550057888031,0.012590823695063591,0.9283037185668945
"Net cash flow from operating activities was a negative EUR 3.1 mn , compared to EUR 23.3 mn in the corresponding period in 2009 .",0,negative,negative,0.9721765518188477,0.01865435391664505,0.9721765518188477,0.009169008582830429
"The company designs and manufactures high-quality clothing , interior decoration textiles , bags , and other accessories .",1,neutral,neutral,0.9363469481468201,0.04758809134364128,0.016064904630184174,0.9363469481468201
"We succeeded in increasing our market share of sold apartment '' , comments Mr Kari Kauniskangas , Head of YIT International Construction Services .",2,positive,positive,0.9542409181594849,0.9542409181594849,0.014540399424731731,0.03121860697865486
"Poyry is a global consulting and engineering firm focusing on the energy , forest industry and infrastructure & environment sectors .",1,neutral,neutral,0.9297003149986267,0.056806281208992004,0.013493378646671772,0.9297003149986267
The company also said that in Poland a profitability program has been launched at the Oborniki steel frame and sandwich panel plant .,2,positive,positive,0.8933430314064026,0.8933430314064026,0.0068655009381473064,0.09979142993688583
"On preliminary estimate , the hotel will operate under the brand Novotel .",1,neutral,neutral,0.9253301024436951,0.06575585901737213,0.008913986384868622,0.9253301024436951
LONDON MarketWatch -- Nokia nok said it 's won a five-year services contract to run Hutchison Essar 's network operations in nine locations in India .,2,positive,positive,0.9459381699562073,0.9459381699562073,0.015258507803082466,0.038803353905677795
"The Group 's consolidated net sales for 2009 totaled 1.5 billion euros and it employs approximately 10,000 persons .",1,neutral,neutral,0.9454939961433411,0.03082936443388462,0.023676620796322823,0.9454939961433411
Nordea sees a return to positive growth for the Baltic countries in 2011 .,2,positive,positive,0.9542351961135864,0.9542351961135864,0.017407769337296486,0.028357060626149178
"In the third quarter , net sales increased by 12 % year-on-year to EUR 159.5 million , or by 6 % at comparable currency rates growth .",2,positive,positive,0.9567172527313232,0.9567172527313232,0.0169803649187088,0.026302311569452286
"Comparable operating profit for the quarter decreased from EUR510m while sales increased from EUR860m , as compared to the third quarter 2007 .",0,negative,negative,0.9747691750526428,0.009255013428628445,0.9747691750526428,0.015975870192050934
"`` We are happy to be working with Rapala to encourage boaters and anglers to introduce newcomers to the sport , '' said RBFF President & CEO Frank Peterson .",2,positive,positive,0.9208571314811707,0.9208571314811707,0.011381824500858784,0.06776111572980881
"With five different game modes , co-op tournaments , 4 player split-screen and multiplayer modes , players can have as much fun as they would if they were actually fishing .",1,neutral,neutral,0.9312530159950256,0.05042332783341408,0.018323691561818123,0.9312530159950256
The operating margin came down to 2.4 % from 5.7 % .,0,negative,negative,0.9734932780265808,0.006984399165958166,0.9734932780265808,0.019522348418831825
The pipeline is strong .,2,positive,positive,0.9036838412284851,0.9036838412284851,0.010061477310955524,0.08625468611717224
The writing and publication of Lemmink+ñinen -¦ s history is a continuation of earlier collaboration between Antti Tuuri and the company .,1,neutral,neutral,0.9344543814659119,0.05169954150915146,0.013846090994775295,0.9344543814659119
The representative body of Swedish Meats approved an improved offer from Finnish HK Ruokatalo to acquire the company .,2,positive,positive,0.9226377606391907,0.9226377606391907,0.010035756044089794,0.06732642650604248
"An  of the invention , released by the Patent Office , said : `` A non-coherent search matrix is formed of said correlation function matrix .",1,neutral,neutral,0.9400696158409119,0.042182806879282,0.017747607082128525,0.9400696158409119
"Global sports equipment maker Amer Sports Corp. , whose brands include Atomic , Salomon and Wilson , saw a 64 percent increase in third-quarter net profit to EURO 47.4 million $ 65 million on strong sales and cost cuts .",2,positive,positive,0.9543221592903137,0.9543221592903137,0.021942663937807083,0.023735152557492256
A quick `` one-stop-shop '' to understand the company .,1,neutral,neutral,0.8898141384124756,0.09854941815137863,0.011636416427791119,0.8898141384124756
"Following the acquisition , Relacom will strengthen its presence in Finland , serving operators and office market with mobile and fixed networks construction , installation and maintenance services .",2,positive,positive,0.9289034008979797,0.9289034008979797,0.007644612807780504,0.06345199793577194
"According to Scanfil 's President Harri Takanen , Scanfil 's investment activity proceeded according to the strategy on several fronts in 2010 .",1,neutral,neutral,0.8881707191467285,0.09780463576316833,0.01402463112026453,0.8881707191467285
"In addition , Kone signed a two-year maintenance contract for the escalators .",2,positive,positive,0.9401109218597412,0.9401109218597412,0.01653977483510971,0.04334932938218117
Viking Line manages well with its current ferries .,2,positive,positive,0.9432083964347839,0.9432083964347839,0.010332167148590088,0.04645946994423866
"Okmetic has a global customer base and sales network , production plants in Finland and the US and contract manufacturers in Japan and China .",1,neutral,neutral,0.8698378205299377,0.12090489268302917,0.009257277473807335,0.8698378205299377
Paper maker Stora Enso Oyj said Friday it has been acquitted of charges that it participated in a paper price-fixing conspiracy in the United States .,2,positive,negative,0.581882119178772,0.3473539650440216,0.581882119178772,0.07076385617256165
"The money will be spread mainly over 2011 and 2012 , the company said .",1,neutral,neutral,0.9386134743690491,0.04857853800058365,0.0128079978749156,0.9386134743690491
"Theodosopoulos said Tellabs could be of value to Nokia Siemens or Nortel given its `` leading supply status '' with Verizon , along with high-growth products .",2,positive,positive,0.9110733866691589,0.9110733866691589,0.007105650845915079,0.0818210244178772
"Also Finnish Industry Investment , a government-owned investment company , will participate in the project .",1,neutral,neutral,0.904090940952301,0.08765683323144913,0.008252238854765892,0.904090940952301
"Finnish textiles and clothing group Marimekko Oyj posted a net profit of 7.99 mln euro $ 10.4 mln for 2006 , compared to 8.4 mln euro $ 10.9 mln for 2005 .",0,negative,negative,0.7771304249763489,0.20573469996452332,0.7771304249763489,0.017134815454483032
"The manufacture of CPPs will be undertaken at the existing Export Oriented Unit EOU at Wartsila 's factory at Khopoli , near Mumbai .",1,neutral,neutral,0.8910548686981201,0.09934545308351517,0.009599624201655388,0.8910548686981201
Sanoma Magazines ' net sales are estimated to grow in 2006 .,2,positive,positive,0.9377506375312805,0.9377506375312805,0.009790750220417976,0.05245853587985039
An appeal concerning the project has been lodged at the Czech Ministry of the Environment .,1,neutral,neutral,0.6715337038040161,0.05564168840646744,0.27282461524009705,0.6715337038040161
"The company said Offshore segment represented 43 % of the total marine engines orders for the July-September 2010 period , Merchant 33 % , Special vessels 18 % , and Cruise and Ferry , and Ship Design -- 2 % and 3 % , respectively .",1,neutral,neutral,0.9326947331428528,0.04743844270706177,0.019866788759827614,0.9326947331428528
"Operating profit excluding non-recurring items decreased to EUR 6.2 mn from EUR 16.8 mn in 2007 , representing 2.3 % of net sales .",0,negative,negative,0.9760786294937134,0.00732688931748271,0.9760786294937134,0.01659449003636837
To see a slide show of all the newest product releases from Fiskars .,1,neutral,neutral,0.9027168154716492,0.08487428724765778,0.012408911250531673,0.9027168154716492
"In beers , Olvi retained its market position .",1,neutral,positive,0.9154712557792664,0.9154712557792664,0.0077745504677295685,0.07675425708293915
Finnish Aldata Solution has signed a contract of supply its G.O.L.D. system to two French retail chains .,2,positive,positive,0.9437436461448669,0.9437436461448669,0.014606967568397522,0.04164942353963852
"At 12.59 pm , the OMX Helsinki 25 index was 0.32 pct lower at 2,694.81 .",0,negative,negative,0.9663861989974976,0.008215726353228092,0.9663861989974976,0.025398004800081253
RIM has revamped the BlackBerry OS UI with the 6.0 version of the mobile operating system .,1,neutral,neutral,0.7999517917633057,0.1894974261522293,0.01055083703249693,0.7999517917633057
"ADP News - Apr 22 , 2009 - Finnish business information systems developer Solteq Oyj HEL : STQ1V said today its net loss widened to EUR 189,000 USD 245,000 for the first quarter of 2009 from EUR 10,000 for the same peri",0,negative,positive,0.9336784482002258,0.9336784482002258,0.04229453578591347,0.024027014151215553
"ASPO Plc STOCK EXCHANGE ANNOUNCEMENT May 4 , 2006 at 10:00 a.m. An increase in the share capital of Aspo Plc totaling EUR 1,125.60 was registered today .",2,positive,positive,0.8694899678230286,0.8694899678230286,0.009960240684449673,0.12054979801177979
The business section also includes Ahlstrom 's sustainability report .,1,neutral,neutral,0.9461435675621033,0.026142876595258713,0.027713565155863762,0.9461435675621033
"More than 50,000 tonnes of asphalt mix will be used in the contract .",1,neutral,neutral,0.8848878741264343,0.1064492017030716,0.008662941865622997,0.8848878741264343
"Employing 112 in Finland and 280 abroad , the unit recorded first-quarter 2007 sales of 8.6 mln eur , with an operating loss of 1.6 mln eur .",0,negative,negative,0.9554712772369385,0.01766146719455719,0.9554712772369385,0.026867222040891647
"Publishing Sweden 's operating loss was EUR 1.1 mn in Q1 of 2009 , compared to a profit of EUR 0.6 mn a year ago .",0,negative,negative,0.9753136038780212,0.013081878423690796,0.9753136038780212,0.011604562401771545
"According to a report by Neomarkka , Kuitu Finland 's customers are interested in buying the company 's products when it restarts production .",2,positive,neutral,0.5682001113891602,0.42115506529808044,0.010644803754985332,0.5682001113891602
Raute said it has won an order worth around 15 mln eur to supply several plywood production lines to mills operated by Russian wood products company Sveza Group .,2,positive,positive,0.9413021206855774,0.9413021206855774,0.01447751559317112,0.04422036185860634
"`` Uncommonly weak snow conditions in nearly every market have affected our first quarter result , '' Chief Executive Roger Talermo said .",0,negative,negative,0.9720878601074219,0.008042188361287117,0.9720878601074219,0.019869936630129814
"The German company has also signed a code share agreement with another Oneworld member -- American Airlines Inc , part of US-based AMR Corp ( NYSE : AMR ) .",2,positive,positive,0.9363014101982117,0.9363014101982117,0.013231785967946053,0.05046673119068146
Grounds for the notification : Tiimari Plc 12/30/2010 issued Capital Convertible Loan allocation decision by the Board on 01/31/2011 .,1,neutral,neutral,0.9364101886749268,0.04827537387609482,0.015314425341784954,0.9364101886749268
"The developers of that project predict that once it is completed in April 2009 , Skanssi will attract some 4.5 million visitors annually .",2,positive,positive,0.9094256162643433,0.9094256162643433,0.009341157972812653,0.08123315870761871
"Operating profit totaled EUR 825mn , up from EUR 763mn in 2004 .",2,positive,positive,0.953841507434845,0.953841507434845,0.027595961466431618,0.018562471494078636
`` The Government has had a very professional approach in assessing the offer .,2,positive,positive,0.8743471503257751,0.8743471503257751,0.011469862423837185,0.11418300867080688
"As a result of the transaction , Sanoma Budapest has acquired a stake in the online store Egeszsegbolt .",1,neutral,neutral,0.9149342775344849,0.07510758936405182,0.009958063252270222,0.9149342775344849
"Founded in 1985 , Quatrocon 's clientele consists of public sector builders , central trading companies and major construction firms .",1,neutral,neutral,0.9477802515029907,0.03701724484562874,0.015202485956251621,0.9477802515029907
"Nevertheless , the development can not be allowed to ruin the print newspaper , which continues to be Sanoma News ' main medium .",1,neutral,neutral,0.6861933469772339,0.07847073674201965,0.23533588647842407,0.6861933469772339
"Outotec 's delivery covers the engineering , supply and construction of a circulating fluid bed calcination plant with a capacity of 1,600 tons of alumina per day .",1,neutral,neutral,0.9157404899597168,0.07547175139188766,0.00878770463168621,0.9157404899597168
"The share capital of Alma Media Corporation business ID 1944757-4 is EUR 44,767,513.80 and it is divided into 74,612,523 shares .",1,neutral,neutral,0.9554259181022644,0.023042084649205208,0.021531954407691956,0.9554259181022644
"---------------------------------------------------------------------- -------------- Munich , 14 January 2008 : BAVARIA Industriekapital AG closed the acquisition of Elcoteq Communications Technology GmbH in Offenburg , Germany , with the approval of the",1,neutral,neutral,0.9100532531738281,0.06977809965610504,0.020168665796518326,0.9100532531738281
Status : Agreed,1,neutral,neutral,0.9194415807723999,0.060682885348796844,0.01987558789551258,0.9194415807723999
"`` Our customers now have the chance to make bookings for all the services they want at one location , '' said Mikko Tuomainen , in-charge of Finnair 's Internet ( sales ) .",2,positive,positive,0.7650903463363647,0.7650903463363647,0.008337163366377354,0.22657249867916107
"Renzo Piano 's building design will be a wonderful addition to London 's skyline , '' says Noud Veeger , EVP and Area Director for Central and North Europe at KONE .",2,positive,positive,0.8637369275093079,0.8637369275093079,0.010317794047296047,0.1259452998638153
"The equipment Ixonos acquires with this deal includes mechanical engineering hardware ; an RF and antenna measurement laboratory ; facilities for the measurement of audio , cameras and displays ; as well as devices and robot units for the testing of mobile devices .",1,neutral,neutral,0.9276230931282043,0.061206426471471786,0.01117046270519495,0.9276230931282043
These six agreements are the company 's first customer acquisitions in India since taking over TVS Electronics ' contract manufacturing facility in Jun 2007 .,1,neutral,neutral,0.5402842164039612,0.45030397176742554,0.00941183790564537,0.5402842164039612
"Finnish bank Pohjola Bank Plc HEL : POH1S said today that it will issue a EUR 40 million USD 51.2 m index-linked bond , Pohjola Tutkimuksen Tahdet VIII-2010 Pohjola Research Stars VIII-2010 , on October 27 , 2010 .",1,neutral,neutral,0.8799790740013123,0.11038752645254135,0.009633447043597698,0.8799790740013123
"The talks involved the Food and Ingredients Divisions , as well as group service functions , the company said .",1,neutral,neutral,0.9172605276107788,0.07218752801418304,0.010551925748586655,0.9172605276107788
It also confirmed its earnings guidance for the whole 2009 issued in its report for the whole 2008 .,1,neutral,neutral,0.8232212662696838,0.15595771372318268,0.020821021869778633,0.8232212662696838
"In Finland , Hamina Cargo Terminal , of Finnish Nurminen Logistics , has purchased a warehouse with ground lease rights in the Port of Hamina .",1,neutral,neutral,0.8258517384529114,0.1664046198129654,0.00774364871904254,0.8258517384529114
"The copying , republication or redistribution of AFX News Content , including by framing or similar means , is expressly prohibited without the prior written consent of AFX News .",1,neutral,neutral,0.8954645395278931,0.020286763086915016,0.08424874395132065,0.8954645395278931
"Moreover , Konecranes and Kito intend to transfer the hoist distribution business of Konecranes ' Japanese joint venture MHS Konecranes to Kito .",1,neutral,neutral,0.9152171015739441,0.07529917359352112,0.009483772329986095,0.9152171015739441
17 March 2011 - Goldman Sachs estimates that there are negative prospects for the Norwegian mobile operations of Norway 's Telenor ASA OSL : TEL and Sweden 's TeliaSonera AB STO : TLSN in the short term .,0,negative,negative,0.9691660404205322,0.008242374286055565,0.9691660404205322,0.022591568529605865
"The three year turn-around program is expected to ensure Salomon 's future competitiveness , the company said .",2,positive,positive,0.9365823268890381,0.9365823268890381,0.01239648088812828,0.05102115869522095
Actions to improve operational efficiency and adjust operations are expected to deliver annualised permanent cost savings of around EUR 4.5 million and will be effected mostly during the first half of 2010 .,2,positive,positive,0.9399049282073975,0.9399049282073975,0.012642628513276577,0.04745251312851906
Finnish fibers and plastic products maker Suominen Corporation said its net loss narrowed to 1.6 mln euro $ 2.0 mln in the first nine months of 2006 from 2.16 mln euro $ 2.7 mln in the same period of 2005 .,2,positive,positive,0.9334557056427002,0.9334557056427002,0.047576915472745895,0.01896744593977928
"Customers wave cards in front of the reader to make payments , similar to `` touch and go '' cards used in transport systems .",1,neutral,neutral,0.9367138743400574,0.03161786496639252,0.031668294221162796,0.9367138743400574
HELSINKI AFX - Outokumpu Technology said it has signed a 3.5 mln eur agreement with Mongolia 's Erdenet Mining Corporation for the engineering of the first HydroCopper plant to be built at the Erdenet mine site .,2,positive,positive,0.9316152930259705,0.9316152930259705,0.014346269890666008,0.05403844267129898
"The segment has an annual revenue of approximately EUR400m , the company said .",1,neutral,neutral,0.8237701654434204,0.168618842959404,0.00761106051504612,0.8237701654434204
UPM stock fell 3 percent to EURO 12.49 $ 17.24 in early afternoon trading in Helsinki .,0,negative,negative,0.9749377369880676,0.006548534147441387,0.9749377369880676,0.018513787537813187
The deal also includes a ten-year maintenance agreement .,1,neutral,positive,0.6859099268913269,0.6859099268913269,0.008952672593295574,0.30513739585876465
"Finnish heat-retaining fireplaces maker Tulikivi Oyj said on August 29 , 2007 that its local tiled stoves and utility ceramics subsidiary Kermansavi Oy will merge into Tulikivi by means of absorption in order to streamline the latest 's corporate structure .",1,neutral,neutral,0.9208283424377441,0.06774281710386276,0.011428847908973694,0.9208283424377441
"In the Czech Republic , the profiling unit at Ostrava will be closed and the machinery will be relocated to Ruukki 's bigger plants in Hungary , Poland and Romania by the end of the first quarter of 2009 .",1,neutral,neutral,0.6834948062896729,0.0199747197329998,0.29653048515319824,0.6834948062896729
The dual-fuel engines of the vessel can operate on liquefied natural gas LNG with low emissions .,1,neutral,neutral,0.8466883301734924,0.1458672285079956,0.007444443181157112,0.8466883301734924
Finnish stainless steel manufacturer Outokumpu in Degefors is planning to recruit new engineers in order to meet a retirement wave over the next few years .,1,neutral,neutral,0.524715781211853,0.45869171619415283,0.01659250631928444,0.524715781211853
"In January-September 2007 , Finnlines ' net sales rose to EUR 505.4 mn from EUR 473.5 mn in the corresponding period in 2006 .",2,positive,positive,0.9498839974403381,0.9498839974403381,0.027866678312420845,0.022249311208724976
Each option right entitles the holder to subscribe for one new share at a subscription price of EUR0 .045 during the subscription period which ends on 31 December 2013 .,1,neutral,neutral,0.9484901428222656,0.033402521163225174,0.018107319250702858,0.9484901428222656
The net sales decreased to EUR 49.8 million from EUR 59.9 million .,0,negative,negative,0.9732292294502258,0.009229524061083794,0.9732292294502258,0.01754126138985157
"The objective is that trading in the shares will commence on May 2 , 2007 .",1,neutral,neutral,0.9509612321853638,0.03605859726667404,0.01298013050109148,0.9509612321853638
8 May 2009 - Finnish liquid handling products and diagnostic test systems maker Biohit Oyj ( HEL : BIOBV ) said today ( 8 May 2009 ) its net loss narrowed to EUR0 .1 m ( USD0 .14 m ) for the first quarter of 2009 from EUR0 .4 m for the same period of 2008 .,2,positive,positive,0.9396016001701355,0.9396016001701355,0.03846736252307892,0.02193107269704342
The purpose of this action is to ensure company 's cost effectiveness this year and in the near future .,2,positive,positive,0.694963276386261,0.694963276386261,0.008495805785059929,0.29654091596603394
The company will also be compensated for acting as a reserve batch plant .,2,positive,negative,0.6810466051101685,0.2907203435897827,0.6810466051101685,0.028232958167791367
"It is also set to launch a messaging service in the next few days , which would enable users to access their e-mail accounts on MS Exchange .",1,neutral,neutral,0.8205811977386475,0.17094816267490387,0.008470629341900349,0.8205811977386475
"Crucially , the decision to use ETSI ( European Telecommunication Standard Institute ) - backed DVB-H adds to the growing list of operators and equipment manufacturers opting for the standard ( see Global : 20 January 2006 : Competing Technologies Vie for Mobile TV ) .",1,neutral,positive,0.6847313642501831,0.6847313642501831,0.008440982550382614,0.30682772397994995
"In the first nine months of 2010 , the company 's net loss narrowed to EUR 415,000 from EUR 7.4 million for the corresponding period of 2009 .",2,positive,positive,0.9350645542144775,0.9350645542144775,0.044039037078619,0.02089637890458107
Finnish glass technology company Glaston Oyj Abp net profit decreased to 2.6 mln euro ( $ 3.8 mln ) for the first nine months of 2007 from 7.8 mln euro ( $ 11.4 mln ) for the same period of 2006 .,0,negative,negative,0.97510826587677,0.009897529147565365,0.97510826587677,0.014994175173342228
"This truly takes efficiency to new heights , '' Mr. Metso adds .",2,positive,positive,0.9289618134498596,0.9289618134498596,0.0128156254068017,0.05822255089879036
We are now in a position to pursue novel clinical candidates going forward . '',2,positive,positive,0.7849976420402527,0.7849976420402527,0.007426680997014046,0.20757567882537842
It is in line with its plans to focus on selected growth segments and streamline corporate structure .,2,positive,positive,0.7174060940742493,0.7174060940742493,0.0072584738954901695,0.275335431098938
"A state program has been worked out , legal provisions have been developed , and rules and normative documents have been specified for the functioning of a technological park .",1,neutral,neutral,0.7615717649459839,0.23017360270023346,0.008254596032202244,0.7615717649459839
"The official opening of the office , located in Prague , will be celebrated on May 20 .",1,neutral,neutral,0.9382490515708923,0.04946455731987953,0.012286420911550522,0.9382490515708923
"Operating profit totalled EUR 5.8 mn , up from a loss of EUR 1.7 mn in the fourth quarter of 2009 .",2,positive,positive,0.9556992650032043,0.9556992650032043,0.023856155574321747,0.02044467069208622
"According to the prosecutor , the share transactions were carried out after HK Ruokatalo had proceeded in the negotiations concerning the acquisition of Swedish Meats .",1,neutral,neutral,0.8918256163597107,0.025146078318357468,0.08302830904722214,0.8918256163597107
"The area will also include some central buildings , and Honkarakenne has started negotiations on their delivery .",1,neutral,neutral,0.7869579792022705,0.20284879207611084,0.010193218477070332,0.7869579792022705
Nokia Siemens Networks has struggled to make a profit in the past two years .,0,negative,negative,0.9665773510932922,0.01263447292149067,0.9665773510932922,0.02078825794160366
"Department store sales improved by 14 % to EUR 1,070.6 mn .",2,positive,positive,0.9611947536468506,0.9611947536468506,0.02244032360613346,0.01636488549411297
"Operating margin , however , slipped to 14.4 % from 15.1 % , dragged down by a poor performance in enterprise solutions .",0,negative,negative,0.9765880107879639,0.007725693751126528,0.9765880107879639,0.015686294063925743
"SCOPI Chief Business Excellence Officer , Eng .",1,neutral,neutral,0.8815462589263916,0.10125327110290527,0.017200468108057976,0.8815462589263916
Marketing will use Tikkurila 's existing infra structure and local knowledge in Russia .,1,neutral,neutral,0.8308372497558594,0.1624697595834732,0.006693035829812288,0.8308372497558594
"Local government commissioner of +àm+Ñl , Kurt Svensson , says he will contact the management of Finnish company Componenta to find out if there are any alternatives to the company 's decision to close down its plant in +àm+Ñl .",1,neutral,neutral,0.7357317805290222,0.032065361738204956,0.23220285773277283,0.7357317805290222
"Profit after taxes was EUR 0.1 mn , compared to EUR -0.4 mn the previous year .",2,positive,positive,0.4966872036457062,0.4966872036457062,0.4808286726474762,0.022484125569462776
"There are companies , which are ready to invest their own funds in this deal such as Rostelecom RTS : RTKM .",2,positive,neutral,0.8415307402610779,0.15000440180301666,0.00846484862267971,0.8415307402610779
"` We respect their decision ... the discussions are now closed , ' said Kai Telanne , Alma Media 's CEO .",1,neutral,neutral,0.5853664875030518,0.04253478720784187,0.3720986843109131,0.5853664875030518
Kalmar has been awarded a new 5-year contract to supply its Rough Terrain Container Handler RTCH .,2,positive,positive,0.9532084465026855,0.9532084465026855,0.01419125497341156,0.03260020539164543
That would be an increase from estimated sales of 117 million last year .,2,positive,positive,0.9508130550384521,0.9508130550384521,0.017325907945632935,0.031861089169979095
"`` The bond gathered subscriptions from some 400 investors and the issued amount can be considered substantial taking into account the main target group -- retail investors , '' Citycon CFO Eero Sihvonen said .",1,neutral,positive,0.5704001784324646,0.5704001784324646,0.010199609212577343,0.4194001853466034
"According to Chairman Michael Hornborg , the organizations has merely criticised Raisio 's weak performance .",1,neutral,negative,0.9153182506561279,0.029818803071975708,0.9153182506561279,0.05486297607421875
"The OMX Nordic 40 ( OMXN40 ) index , comprising the 40 most traded Nordic stocks on the Nasdaq OMX exchange , closed up 0.43 % at 1,138.84 points on Wednesday .",2,positive,positive,0.9436877965927124,0.9436877965927124,0.02749977447092533,0.028812406584620476
Its 168 asset management experts manage assets worth over EUR 35 billion .,1,neutral,neutral,0.9437318444252014,0.04174904525279999,0.014519031159579754,0.9437318444252014
"Foundries division reports its sales increased by 9.7 % to EUR 63.1 mn from EUR 57.5 mn in the corresponding period in 2006 , and sales of the Machine Shop division increased by 16.4 % to EUR 41.2 mn from EUR 35.4 mn in the corresponding period in 2006 .",2,positive,positive,0.9518005847930908,0.9518005847930908,0.02496575191617012,0.023233696818351746
"Comparable operating profit totaled EUR 4.7 mn , down from EUR 5.1 mn in the corresponding period in 2005 , representing 7.4 % of net sales .",0,negative,negative,0.9767640829086304,0.008704420179128647,0.9767640829086304,0.014531482011079788
"The first phase of the logistics complex envisages the completion of some 70,000 sq m of logistics premises and the gatehouse building in November 2008 .",1,neutral,neutral,0.797761857509613,0.19447028636932373,0.007767785340547562,0.797761857509613
The value of the order is around EUR 100 million .,1,neutral,neutral,0.9130369424819946,0.07634031027555466,0.01062280684709549,0.9130369424819946
"Due to market conditions , the company will also temporarily lay off about 3,200 people at different sites .",0,negative,negative,0.9680124521255493,0.00751459738239646,0.9680124521255493,0.024472957476973534
"The portfolio comprises of 118,000 m2 of leasable space with a vacancy rate of roughly 5 % , let to around 140 tenants of which two of the largest are the Swedish government and Ericsson .",1,neutral,neutral,0.946334183216095,0.03335459902882576,0.020311273634433746,0.946334183216095
That topped consensus forecasts for earnings of 0.21 euros a share .,2,positive,positive,0.9411470890045166,0.9411470890045166,0.02225399576127529,0.0365988127887249
"Swedbank Hypotek - Is to issue a benchmark , fixed rate covered deal in Euros , maturing January 2010 .",1,neutral,neutral,0.8822424411773682,0.10884763300418854,0.008909963071346283,0.8822424411773682
It moved into the No. 2 spot in 2000 when it merged steel operations with Avesta Sheffield to form AvestaPolarit .,1,neutral,positive,0.6841112971305847,0.6841112971305847,0.009955520741641521,0.3059332072734833
The volumes are expected to increase during the next few years .,2,positive,positive,0.9434288740158081,0.9434288740158081,0.012273608706891537,0.044297538697719574
"In January-September 2007 , the group 's net sales from continuing operations rose to EUR 213.1 mn from EUR 172.6 mn in the corresponding period in 2006 .",2,positive,positive,0.9473865628242493,0.9473865628242493,0.029326897114515305,0.023286543786525726
"The biggest sellers in the chain 's supermarkets in Finland are organic Pirkka tomatoes , carrots , eggs , and meat products .",1,neutral,neutral,0.9312846660614014,0.050391316413879395,0.01832403428852558,0.9312846660614014
No other ev3 devices were involved in this action .,1,neutral,neutral,0.9431573152542114,0.026767710223793983,0.030074993148446083,0.9431573152542114
"In Q1 of 2010 , Bank of +àland 's net interest income increased from EUR 9.1 mn to EUR 9.7 mn .",2,positive,positive,0.9518630504608154,0.9518630504608154,0.01942223496735096,0.0287147369235754
The company distributes Hiab 's products as well as other products .,1,neutral,neutral,0.9334613084793091,0.055514901876449585,0.01102380733937025,0.9334613084793091
"There will be return flights from Stuttgart every morning , as well as evening departures on Thursdays , Fridays and Sundays .",1,neutral,neutral,0.9341947436332703,0.04871219024062157,0.017093108966946602,0.9341947436332703
"Result before taxes decreased to nearly EUR 14.5 mn , compared to nearly EUR 20mn in the previous accounting period .",0,negative,negative,0.9717602729797363,0.013126478530466557,0.9717602729797363,0.015113168396055698
Olvi has posted a strong set of figures for the first six months of this year .,2,positive,positive,0.9498370885848999,0.9498370885848999,0.019793586805462837,0.030369212850928307
27 January 2011 - Finnish IT solutions provider Affecto Oyj ( HEL : AFE1V ) said today it has won a EUR1 .2 m ( USD1 .6 m ) contract from state-owned Lithuanian Social Insurance Institution ( SODRA ) .,2,positive,positive,0.9484145045280457,0.9484145045280457,0.019935326650738716,0.03165024146437645
"However , Simdax will remain available in the markets where it already has been approved as it has marketing authorisations or submitted applications in more than 40 countries , Orion added .",2,positive,positive,0.8850792050361633,0.8850792050361633,0.00607564439997077,0.10884518921375275
"Addus ' services include personal care and assistance with activities of daily living , skilled nursing and rehabilitative therapies , and adult day care .",1,neutral,neutral,0.9228010773658752,0.06322310119867325,0.013975773938000202,0.9228010773658752
"Under the terms of the off-take agreement with Talvivaara , Cameco will provide an up-front investment , to a maximum of $ 60 million , to cover the construction cost of the uranium extraction circuit .",2,positive,positive,0.8060250878334045,0.8060250878334045,0.008180678822100163,0.18579420447349548
Okmetic 's silicon wafers are part of a further processing chain that produces end products that improve human interaction and quality of life .,1,neutral,neutral,0.8080078959465027,0.1846383661031723,0.0073537263087928295,0.8080078959465027
Finnish house manufacturers are targeting the strongly growing one-family house market in Russia .,1,neutral,positive,0.8771243095397949,0.8771243095397949,0.009151012636721134,0.11372474581003189
"Virala Oy Ab was allocated by the Board of Directors an amount of EUR 1,9 million which is EUR 0,25 million lower than maximum announced on 12/30/2010 .",1,neutral,neutral,0.6064417362213135,0.19453102350234985,0.19902722537517548,0.6064417362213135
"Then , it said the contract was estimated to contribute more than EUR150m to its net sales in 2010 .",2,positive,positive,0.8885899186134338,0.8885899186134338,0.008273170329630375,0.10313688963651657
"Currently , YIT builds a housing estate Zapadnye Vorota 26,000 square metres in the city and a house 9,910 square metres , which will be completed at the end of 2009 .",1,neutral,neutral,0.9045733213424683,0.08567062020301819,0.009756036102771759,0.9045733213424683
"`` In terms of profitability and earnings 2007 was the best year in our history , '' Chief Executive Veli-Matti Mattila said .",2,positive,positive,0.9543604850769043,0.9543604850769043,0.019568949937820435,0.02607054077088833
"Upon establishment , the plan is directed to approximately 20 persons .",1,neutral,neutral,0.9486721754074097,0.035023655742406845,0.01630413718521595,0.9486721754074097
"In the method the smelt spouts 2 are separated from the working area 6 by a shielding wall 8 , 10 arranged movable in relation to the smelt spouts .",1,neutral,neutral,0.941271185874939,0.01950656808912754,0.03922220319509506,0.941271185874939
The order also includes start-up and commissioning services .,1,neutral,neutral,0.9180564880371094,0.07190100103616714,0.01004247646778822,0.9180564880371094
The StoneGate UTM solution offers protection against inbound and outbound attacks .,2,positive,neutral,0.6340678334236145,0.35562893748283386,0.010303225368261337,0.6340678334236145
"Finnish flexible packaging manufacturer Suominen Corporation reports net sales of EUR 54.5 mn in the first quarter of 2008 , compared with EUR 54.3 mn a year earlier .",2,positive,positive,0.8037347793579102,0.8037347793579102,0.17781364917755127,0.018451571464538574
The center will be built in the Kapuli district of Mantsala beside the Hanko-Mantsala-Porvoo road near the new direct rail link between Lahti and Jarvenpaa .,1,neutral,neutral,0.8347740173339844,0.15686079859733582,0.008365169167518616,0.8347740173339844
Finnish M-real 's Kyro mill is starting negotiations to cut staff .,0,negative,negative,0.964185893535614,0.006952357478439808,0.964185893535614,0.028861749917268753
"Glaston 's own glass processing unit , Tamglass Glass Processing , is a manufacturer of high quality safety glass products , and operates in Finland .",1,neutral,neutral,0.9217391610145569,0.06631653010845184,0.011944280005991459,0.9217391610145569
"Tieto 's service is also used to send , process and receive materials related to absentee voting .",1,neutral,neutral,0.9510894417762756,0.023236416280269623,0.025674186646938324,0.9510894417762756
Finnish Bore that is owned by the Rettig family has grown recently through the acquisition of smaller shipping companies .,2,positive,positive,0.9030565619468689,0.9030565619468689,0.007305297534912825,0.0896381214261055
"The new majority owners of Aspocomp Thailand Co. , Ltd are certain private persons belonging to immediate circle of Aspocomp 's present Joint Venture partner , Saha Pathana Inter-Holding Plc. .",1,neutral,neutral,0.9581546783447266,0.02280714176595211,0.019038178026676178,0.9581546783447266
"In stead of being based on a soft drink , as is usual , the Teho energy drink is made with fresh water .",1,neutral,neutral,0.9423577785491943,0.03957458212971687,0.018067609518766403,0.9423577785491943
"Both operating profit and net sales for the six-month period increased , respectively from EUR7 .5 m and EUR655 .5 m , as compared to the corresponding period in 2005 .",2,positive,positive,0.9581965208053589,0.9581965208053589,0.02226688340306282,0.01953664980828762
Operating profit excluding non-recurring items increased by 27 % to EUR 81.9 mn from EUR 64.4 mn in the corresponding period in 2008 .,2,positive,positive,0.9525227546691895,0.9525227546691895,0.024316804483532906,0.023160511627793312
The company is studying the feasibility of focusing most of its processed meat production in the Vantaa facilities and the processing of fresh meat in the Forssa facilities .,1,neutral,neutral,0.8268733024597168,0.16481389105319977,0.008312768302857876,0.8268733024597168
Previously the company has estimated its operating profit to reach the level of 2005 only .,2,positive,positive,0.9048782587051392,0.9048782587051392,0.026457635685801506,0.0686640813946724
Operating profit fell to EUR 38.1 mn from EUR 55.3 mn in 2007 .,0,negative,negative,0.9765215516090393,0.007619719952344894,0.9765215516090393,0.015858681872487068
Number of offers received for this contract is two .,1,neutral,neutral,0.8761193752288818,0.07864958047866821,0.04523109644651413,0.8761193752288818
The company expects meat purchases to remain at about 8mn kilos in 2011 .,1,neutral,neutral,0.8499203324317932,0.13693785667419434,0.013141877949237823,0.8499203324317932
"The 50-50 joint venture , to be called Nokia Siemens Networks , will be comprised of Nokia 's network business group and Siemens ' carrier-related operations , creating estimated synergies of 1.5 billion euros ( $ 1.9 billion ) by 2010 , Nokia said .",2,positive,positive,0.6674805879592896,0.6674805879592896,0.008046490140259266,0.32447293400764465
The statutory negotiations at headquarters are part of this decrease .,1,neutral,neutral,0.9407680630683899,0.03122546337544918,0.028006410226225853,0.9407680630683899
The new chain has 700 discount stores and 250 supermarkets .,1,neutral,neutral,0.9098052382469177,0.08042574673891068,0.009768984280526638,0.9098052382469177
"After the restructuring , UPM 's average paper machine capacity in Europe will be 320,000 tons ( 350,000 short tons ) in coated magazine paper and 420,000 tons ( 460,000 short tons ) in coated fine paper .",1,neutral,neutral,0.8871355056762695,0.10273793339729309,0.010126527398824692,0.8871355056762695
"The device offers multimedia performance along with a host of productivity applications , including live stock prices .",1,neutral,neutral,0.8432165384292603,0.14790818095207214,0.008875264786183834,0.8432165384292603
"The total value of the agreement is USD4 .0 m , the company said .",1,neutral,neutral,0.9343457818031311,0.05389692261815071,0.011757303029298782,0.9343457818031311
Net sales revenue per passenger is expected to increase .,2,positive,positive,0.9534491896629333,0.9534491896629333,0.017673101276159286,0.02887767180800438
Active shipping is essential for Finland .,1,neutral,neutral,0.882285475730896,0.10150886327028275,0.016205627471208572,0.882285475730896
"The company 's order book stood at 1.5 bln euro $ 2.2 bln on September 30 , 2007 , up by 24.2 pct on the year , with international orders amounting to 365 mln euro $ 534.3 mln .",2,positive,positive,0.9551298022270203,0.9551298022270203,0.020242294296622276,0.0246279239654541
"Germany 's innovational centers are united in focusing at companies , which aim at use of technologies and development of new kinds of activity , through supporting the beginner companies with the entire spectrum of their services .",1,neutral,neutral,0.5430343747138977,0.4493808150291443,0.007584867067635059,0.5430343747138977
Other carriers and handset makers spin it as a positive event that will raise interest for higher-end phones and pricier data plans .,2,positive,positive,0.9357532858848572,0.9357532858848572,0.012845066376030445,0.05140169709920883
"Capman , the Finnish alternative asset manager , has made an acquisition for its Helsinki-focused vehicle , Real Estate Fund I. The fund has bought a seven-story office built in 1973 that underwent refurbishment at the end of the 1990s .",1,neutral,neutral,0.8611335158348083,0.130250945687294,0.008615548722445965,0.8611335158348083
"Among other industrial stocks , Metso added 0.53 pct to 40.04 eur , Wartsila B was down 0.77 pct at 47.87 eur and Rautaruukki K was 1.08 pct lower at 37.56 eur .",1,neutral,negative,0.9683325886726379,0.009353207424283028,0.9683325886726379,0.022314226254820824
Finnish Ahlstrom Corporation has ordered key production equipment for a new glass nonwovens production line at its Russian Tver Mill from Finnish Vaahto Pulp & Paper Machinery ( that is part of Vaahto Group ) .,2,positive,positive,0.8681875467300415,0.8681875467300415,0.008726067841053009,0.1230863705277443
"Laavainen said Benecol was well known in Europe and the US , where it had been in the market for 15 years .",1,neutral,neutral,0.6404128074645996,0.3507804274559021,0.008806738071143627,0.6404128074645996
"The handset also features a Media Bar for quick access to favorite media and applications , including music , photos , YouTube or Ovi Share .",1,neutral,neutral,0.9237701296806335,0.062258996069431305,0.013970877975225449,0.9237701296806335
"The Finnish national carrier said net loss in April through June was euro26 million , down from a net profit of euro13 million a year earlier .",0,negative,negative,0.9766526222229004,0.007380066905170679,0.9766526222229004,0.015967410057783127
"Mr Clausen , however , refused to comment the option that Nordea would consider buying into Citadele Bank .",1,neutral,neutral,0.9284347891807556,0.02854008413851261,0.043025169521570206,0.9284347891807556
"Operating loss of the Pulp & Paper Machinery unit was over EUR 3mn in September 2007 - August 2008 , compared to a profit of EUR 3.7 mn a year earlier .",0,negative,negative,0.9739671945571899,0.011515330523252487,0.9739671945571899,0.014517382718622684
"First Industrial will seek LEED designation for Uponor 's new building and a 282,000 square-foot speculative distribution center at First Park Lakeville .",1,neutral,positive,0.6083354949951172,0.6083354949951172,0.008558125235140324,0.3831063210964203
"Compared with the FTSE 100 index , which rose 36.7 points ( or 0.6 % ) on the day , this was a relative price change of -0.2 % .",0,negative,negative,0.7420690059661865,0.14609690010547638,0.7420690059661865,0.11183414608240128
Sales fell abroad but increased in Finland .,1,neutral,negative,0.9463239312171936,0.037950437515974045,0.9463239312171936,0.01572572998702526
The insurer anticipates its share in Nordea 's net profit to be significant .,2,positive,positive,0.9472607970237732,0.9472607970237732,0.01952538639307022,0.03321380540728569
"The familiar blue , white , and red HK seal has received a more authentic look .",1,neutral,neutral,0.7586439251899719,0.22640091180801392,0.014955198392271996,0.7586439251899719
"In the second quarter of 2010 , the group 's net profit rose to EUR3 .1 m from EUR2 .5 m in April-June 2009 .",2,positive,positive,0.948625385761261,0.948625385761261,0.027701381593942642,0.023673253133893013
"The relocation of Ragot has already started and will be completed in the next few weeks , with the Waterqueen and Tortue moves planned for mid-2008 and VMC Europe during the third quarter of 2008 .",1,neutral,neutral,0.911085844039917,0.07172141224145889,0.0171927809715271,0.911085844039917
Those will be partially offset by a 186 mln eur gain on the sale of its Celbi pulp plant in Portugal .,2,positive,positive,0.9464493989944458,0.9464493989944458,0.026287954300642014,0.027262693271040916
"According to the company , a decision in the issue will be made in the summer of 2010 , at the earliest , and in the summer of 2011 , at the latest .",1,neutral,neutral,0.9512955546379089,0.027681512758135796,0.02102295681834221,0.9512955546379089
"Finnish real estate investor Sponda Plc said on Wednesday 12 March that it has signed agreements with Danske Bank A-S , Helsinki Branch for a 7-year EUR150m credit facility and with Ilmarinen Mutual Pension Insurance Company for a 7-year EUR50m credit facility .",1,neutral,positive,0.9369637966156006,0.9369637966156006,0.016584724187850952,0.0464513935148716
Cameco is to provide an upfront investment of up to USD 60mn for the construction of the uranium extraction circuit .,1,neutral,positive,0.5197322368621826,0.5197322368621826,0.00858809519559145,0.4716796278953552
"Return on investment was 5.0 % , compared to a negative 4.1 % in 2009 .",2,positive,negative,0.48543453216552734,0.4824354350566864,0.48543453216552734,0.03213001415133476
"With CapMan as a partner , we will be able to further develop our business and continue to focus on providing quality restaurant services for our customers , '' says Christopher Wynne , CEO of Papa John 's Russia .",2,positive,positive,0.9264324903488159,0.9264324903488159,0.011308322660624981,0.062259241938591
"In addition to the Tulikivi Corporation , he is also currently a member of the Board of the following companies : Altia Corporation , J+ñrvi-Suomen Portti Osuuskunta , Osuuskunta KPY , Profile Vehicles Oy and Voimatel Oy .",1,neutral,neutral,0.9483848214149475,0.02523268200457096,0.02638253942131996,0.9483848214149475
"The Finnish supplier of BSS-OSS and VAS for telecom operators , Tecnotree , has received expansion orders worth a total US$ 7.3 mn for its convergent charging and next generation messaging solutions in Latin America , the company announced without specifying which operators had placed the orders .",2,positive,positive,0.9435413479804993,0.9435413479804993,0.015295816585421562,0.04116290435194969
"Both operating profit and net sales for the 12-month period increased , respectively from EUR10 .5 m and EUR28 .8 m , as compared to the financial year 2004 .",2,positive,positive,0.9577293992042542,0.9577293992042542,0.021877331659197807,0.020393356680870056
"Below are consolidated , unaudited results for Amanda Capital under IFRS reporting standards .",1,neutral,neutral,0.9246992468833923,0.017372388392686844,0.05792840197682381,0.9246992468833923
"After the transaction , M-real will own 30 % in Metsa-Botnia and UPM -- 17 % .",1,neutral,neutral,0.947683572769165,0.03837791457772255,0.013938497751951218,0.947683572769165
"Significance : Teleste has emphasised that with its large size and growing economy , as well as the rapid development of its TV services distribution industry , Poland is viewed as an attractive market .",2,positive,positive,0.9268351793289185,0.9268351793289185,0.009045727550983429,0.0641191378235817
This transaction will also rationalize our pulp and paper industry related solutions .,2,positive,positive,0.6040623784065247,0.6040623784065247,0.008749452419579029,0.3871880769729614
"The Costanza light , with an aluminum base and washable shade , comes in white , pistachio , orange , blue and red .",1,neutral,neutral,0.9265879988670349,0.05880821868777275,0.014603720046579838,0.9265879988670349
"Kai Tulonen , Chief Technology Officer , SysOpen Digia says : `` We have been using Corporate Phonebook inside SysOpen Digia extensively since last fall , and we have been very satisfied with the results .",2,positive,positive,0.9344913959503174,0.9344913959503174,0.013339385390281677,0.05216925963759422
"Operating profits in the half were  0.8 m , down from  0.9 m as Glisten invested in the brand and the management team .",0,negative,negative,0.9765318632125854,0.008562300354242325,0.9765318632125854,0.014905831776559353
Metso estimates the need for personnel reductions to amount to 25 people .,0,negative,negative,0.9621162414550781,0.010957187041640282,0.9621162414550781,0.0269265528768301
No decision on such sale of the now issued or existing treasury shares to YA Global has been made yet .,1,neutral,neutral,0.95388263463974,0.024227943271398544,0.021889392286539078,0.95388263463974
"Finland 's Neste Oil has been awarded the Chemical Industry Federation of Finland 's Innovation Award for its NExBTL technology , which enables biodiesel to be produced from vegetable oil and animal fat .",2,positive,positive,0.9388260841369629,0.9388260841369629,0.013177643530070782,0.04799632728099823
"`` This vessel order will help Aspo secure the long-term competitiveness of its fleet , both in terms of technology and pricing .",2,positive,positive,0.9284523725509644,0.9284523725509644,0.008080191910266876,0.06346745043992996
Operating cash flow after investments totalled EUR 61.3 mn compared to EUR 75.3 mn in the corresponding period in 2007 .,0,negative,negative,0.530009925365448,0.4518543779850006,0.530009925365448,0.01813557930290699
down to EUR5 .9 m H1 '09 3 August 2009 - Finnish media group Ilkka-Yhtyma Oyj ( HEL : ILK2S ) said today its net profit fell 45 % on the year to EUR5 .9 m in the first half of 2009 .,0,negative,negative,0.9760183095932007,0.006915193051099777,0.9760183095932007,0.01706654205918312
The deal strengthens Ramirent 's position especially in the industrial sector and in large investment projects .,2,positive,positive,0.9414783716201782,0.9414783716201782,0.008997761644423008,0.04952390491962433
This is the second successful effort for the financial investor this year .,2,positive,positive,0.9093311429023743,0.9093311429023743,0.014364783652126789,0.07630404084920883
Efore 's results for the last quarter showed an even faster improvement as the company managed to better source its components .,2,positive,positive,0.957239031791687,0.957239031791687,0.01494363509118557,0.02781732939183712
The annual value of the contracts is estimated at USD 2mn over the next three years .,1,neutral,neutral,0.8836426734924316,0.10659918189048767,0.00975813064724207,0.8836426734924316
It offers advanced machinery maintenance and process development services to the pulp and paper industry in Northern China .,1,neutral,neutral,0.9050868153572083,0.08471059799194336,0.010202614590525627,0.9050868153572083
"Private equity investor CapMan , the owner of Finnish Lumene cosmetics company , is planning to list Lumene .",1,neutral,neutral,0.950269877910614,0.029778501018881798,0.019951675087213516,0.950269877910614
"HELSINKI ( AFX ) - Shares closed higher , led by Nokia after it announced plans to team up with Sanyo to manufacture 3G handsets , and by Nokian Tyres after its fourth-quarter earnings report beat analysts ' expectations , dealers said .",2,positive,positive,0.946870744228363,0.946870744228363,0.02931864745914936,0.023810626938939095
"Products include Consumer Electronics devices such as mobile phones and their accessories , set-top boxes , flat panel TVs as well as System Solutions products such as infrastructure systems , modules and other industrial segment products .",1,neutral,neutral,0.9441002011299133,0.038164254277944565,0.017735542729496956,0.9441002011299133
"Making matters more difficult , the company said it has been grappling with higher oil and gas prices , which have pushed up the cost of energy , raw materials and transportation .",0,negative,negative,0.9148704409599304,0.04424836486577988,0.9148704409599304,0.040881212800741196
NASDAQ-listed Yahoo Inc has introduced a new service that enables Malaysians to take their favorite Internet content and services with them on their mobile phones .,2,positive,positive,0.8021965622901917,0.8021965622901917,0.008432932198047638,0.18937043845653534
"narrows to EUR2 .8 m 9-mo '09 29 October 2009 - Finnish software and hardware developer Elektrobit Oyj HEL : EBG1V , or EB , said today that its net loss narrowed to EUR2 .8 m for the first nine months of 2009 from EUR35 .6 m for the same period a year ago .",2,positive,positive,0.9394286870956421,0.9394286870956421,0.037253741174936295,0.023317653685808182
"The terms of the financing were approved by the Annual General Meeting of the Company held on June 30 , 2010 .",2,positive,neutral,0.9016090035438538,0.08800714462995529,0.010383806191384792,0.9016090035438538
The cooperation will double The Switch 's converter capacity .,2,positive,positive,0.925643265247345,0.925643265247345,0.008285408839583397,0.0660712942481041
The operating profit for Grain Trading increased to EUR 2.0 mn from EUR 1.4 mn in 2005 .,2,positive,positive,0.9531303644180298,0.9531303644180298,0.024467581883072853,0.022402089089155197
"Dealers said the share was largely hit by investor disappointment about a refining margin of just 9.48 usd per barrel for the quarter and the performance of its shipping unit , which saw EBIT drop to 5 mln eur from 20 mln eur a year amid a fall in volumes and tanker rates .",0,negative,negative,0.9760549068450928,0.010228021070361137,0.9760549068450928,0.013717063702642918
Ms Laakso will be responsible for HKScan 's HR functions and for their development in all of the Group ` smarket areas .,1,neutral,neutral,0.8938304781913757,0.09789213538169861,0.0082773482427001,0.8938304781913757
"Neste Oil Corp. has signed long-term procurement contracts with Honkajoki Oy and Findest Protein Oy , both owned by Finnish food manufacturers , for the supply of animal fat for biodiesel production at Neste 's 200,000 b-cd Porvoo , Finland , refinery .",2,positive,positive,0.9403829574584961,0.9403829574584961,0.01693532057106495,0.04268176481127739
"Technopolis , St. Petersburg 's Telecommunications University and the Russian Support Fund for Legislative Initiatives signed a protocol of intent in May of this year to set up a technopark in St. Petersburg on the base of the St. Petersburg Telecommunications University .",1,neutral,positive,0.6059203147888184,0.6059203147888184,0.010369054973125458,0.383710652589798
Sanoma Magazines Finland 's net sales grew to EUR 140.1 mn from EUR 131.8 mn .,2,positive,positive,0.9511132836341858,0.9511132836341858,0.024400344118475914,0.02448638714849949
Finnish Bank of +àland +àlandsbanken has issued a profit warning .,0,negative,negative,0.9698965549468994,0.007895371876657009,0.9698965549468994,0.02220809832215309
`` The issues identified by Stonesoft affect a range of content inspection technology .,1,neutral,neutral,0.7783558368682861,0.024634018540382385,0.1970101296901703,0.7783558368682861
"( ADPnews ) - Oct 21 , 2009 - Finland-based IT consultancy Tieto Oyj ( HEL : TIE1V ) said today its net profit plunged to EUR 29.4 million ( USD 43.9 m ) for the first nine months of 2009 from EUR 58.7 million for the same period o",0,negative,negative,0.9762150645256042,0.01525395642966032,0.9762150645256042,0.00853100698441267
"Finnish IT solutions provider Affecto Oyj HEL : AFE1V said today its slipped to a net loss of EUR 115,000 USD 152,000 in the second quarter of 2010 from a profit of EUR 845,000 in the corresponding period a year earlier .",0,negative,negative,0.939123272895813,0.05115745961666107,0.939123272895813,0.009719197638332844
"( ADP News ) - Sep 30 , 2008 - Finnish security and privacy software solutions developer Stonesoft Oyj said today that it won a USD 1.9 million ( EUR 1.3 m ) order to deliver its StoneGate network security products to an unnamed Russian te",2,positive,positive,0.944758415222168,0.944758415222168,0.017236491665244102,0.0380050353705883
Another noticeable thing is that the search for Tata and Airtel brands was mostly related to ` broadband connections ' .,1,neutral,neutral,0.8790951371192932,0.07250162959098816,0.04840324446558952,0.8790951371192932
"Atria will launch a campaign in September to promote the CampoMos brand on the Moscow market , he said .",2,positive,positive,0.7713583707809448,0.7713583707809448,0.006776582449674606,0.22186507284641266
"The item included restructuring costs of EUR1 .6 m , while a year earlier they were EUR13 .1 m. Diluted EPS stood at EUR0 .3 versus a loss per share of EUR 0.1 .",2,positive,positive,0.3947691023349762,0.3947691023349762,0.3768905699253082,0.22834034264087677
The objective of the St. Petersburg office is first to boost the Company 's maintenance business .,1,neutral,positive,0.7954862117767334,0.7954862117767334,0.007044089026749134,0.19746968150138855
The group had an order book of EUR 7.74 mn at the end of 2007 .,1,neutral,neutral,0.9368546605110168,0.03603290021419525,0.027112431824207306,0.9368546605110168
Marimekko is considering further measures in the matter .,1,neutral,neutral,0.8584558963775635,0.11919661611318588,0.022347480058670044,0.8584558963775635
"The donations are granted to Aalto University and the universities of Helsinki , Tampere , Turku , Eastern Finland , Jyv+ñskyl+ñ , Oulu and Vaasa , and to polytechnics to be announced later .",1,neutral,neutral,0.8994930982589722,0.09007178246974945,0.010435112752020359,0.8994930982589722
"Sukhraj Dulai , of the 2900 block of Boni Sue Court , a cul-de-sac on the city 's north side , started the vehicle and went inside his house about 8 a.m. Tuesday , leaving the garage door open .",1,neutral,neutral,0.7637290358543396,0.024373022839426994,0.21189793944358826,0.7637290358543396
"Raw materials prices have surged in the past year , fueled in part because of the rapid industrialization of China , India and other developing nations .",0,negative,positive,0.9437574744224548,0.9437574744224548,0.019399376586079597,0.036843109875917435
"S Group 's loyal customer magazine Yhteishyv+ñ came second with 1,629,000 readers and Sanoma Corporation 's daily newspaper Helsingin Sanomat was third with 1,097,000 readers .",1,neutral,neutral,0.7986139059066772,0.16093145310878754,0.04045458883047104,0.7986139059066772
"It provides customers with industry-leading elevators , escalators and innovative solutions for maintenance and modernization .",2,positive,positive,0.7397674322128296,0.7397674322128296,0.00691359955817461,0.2533189654350281
"However , this increases signaling traffic which wastes network resources and allows fewer smartphones to connect .",0,negative,negative,0.9583582878112793,0.009901291690766811,0.9583582878112793,0.03174036741256714
"The decision to sell a share in Lenenergo was reached in line with Fortum 's strategic plans to invest mainly in generating assets in Russia , while Lenenergo is a grid company , the press release said .",2,positive,neutral,0.7612679600715637,0.23013122379779816,0.00860078539699316,0.7612679600715637
"The transaction , which includes US$ 1.5 billion euro1 billion in cash , vendor notes and share purchases , is expected to be completed in the first quarter of 2008 , the Finnish-Swedish paper maker said .",1,neutral,neutral,0.8583080172538757,0.13275600969791412,0.008936012163758278,0.8583080172538757
Clothing chain Sepp+ñl+ñ 's net sales increased by 7.0 % to EUR 30.8 mn .,2,positive,positive,0.957904040813446,0.957904040813446,0.017368806526064873,0.02472717873752117
Operating profit rose to EUR 13.1 mn from EUR 8.7 mn in the corresponding period in 2007 representing 7.7 % of net sales .,2,positive,positive,0.9524030685424805,0.9524030685424805,0.025655101984739304,0.02194179594516754
"EPS for the quarter was EUR0 .00 , as compared with EUR0 .01 in the third quarter of 2008 , representing a Group net sales for the third quarter were EUR15 .3 m , up by 2.8 % as compared with EUR14 .9 m in the third quarter of 2008 .",2,positive,positive,0.9578287601470947,0.9578287601470947,0.0241385567933321,0.018032632768154144
"We can choose the most efficient , best overall value option for our customers already at the bidding stage .",2,positive,positive,0.5837808847427368,0.5837808847427368,0.007557622157037258,0.40866151452064514
Tikkurila acquired a majority stake in Kolorit Paints in the autumn of 2004 .,1,neutral,neutral,0.9379633069038391,0.0491066612303257,0.012930061668157578,0.9379633069038391
"The company said that paper demand increased in all of its main markets , including of publication papers , and that it increased average paper prices by 4 percent compared with last year .",2,positive,positive,0.9562219381332397,0.9562219381332397,0.016043128445744514,0.027734939008951187
The EUR 0.7 million non-recurring expenses have been recorded for the third quarter .,1,neutral,negative,0.5354898571968079,0.024800539016723633,0.5354898571968079,0.4397096037864685
"At some point , it will spread also to Iran and Iraq .",1,neutral,neutral,0.8870877027511597,0.07997751981019974,0.03293480724096298,0.8870877027511597
"Finnish L&T Recoil , a company specialising in used oil regeneration , is building a facility in Hamina in Finland in 2008 .",1,neutral,neutral,0.8111593723297119,0.18102161586284637,0.007818997837603092,0.8111593723297119
"Finnair 's Tallinn-based subsidiary , Aero AS , carried 23,335 passengers , a decline of 60.8 % , on routes between Helsinki and the Baltic capitals and within Southern Finland .",0,negative,negative,0.9712945818901062,0.014829058200120926,0.9712945818901062,0.01387635339051485
"QPR has an established international customer base , spread over 70 countries in 2009 , and a variety of organizations including banks , manufacturing companies , service companies and government authorities .",1,neutral,neutral,0.8158504962921143,0.17732346057891846,0.006826046388596296,0.8158504962921143
"According to Rautaruukki , the company wants to promote the use of emission-free energy sources .",1,neutral,neutral,0.8065111041069031,0.1853264719247818,0.008162444457411766,0.8065111041069031
Fortum had previously bought the state-held stake in TGK-10 from RAO UES during its reform .,1,neutral,neutral,0.93885338306427,0.04716778174042702,0.013978858478367329,0.93885338306427
"Cargotec 's sales totalled EUR 3.4 billion in 2008 and it employs approximately 11,000 people .",1,neutral,neutral,0.9410441517829895,0.04200250282883644,0.01695331372320652,0.9410441517829895
Finnish lifting equipment maker Konecranes HEL : KCR1V said on 29 July 2009 it has raised its stake in Austrian manipulator maker ACS Konecranes to 80 % and bought German sector player Knight Europe .,2,positive,positive,0.9195207953453064,0.9195207953453064,0.010366464033722878,0.07011280953884125
"The EU Commission said earlier it had fined ThyssenKrupp , United Technologies Corp 's Otis , Schindler AG and Kone Oyj a total of 992.3 mln eur for alleged cartel activity in the lift market going back twelve years .",0,negative,negative,0.9515085816383362,0.020461907610297203,0.9515085816383362,0.028029536828398705
"Aho is proud of the company 's new product , Lordi-Cola .",1,neutral,positive,0.7183962464332581,0.7183962464332581,0.007825912907719612,0.27377790212631226
No financial details of the deployment were disclosed .,1,neutral,neutral,0.9372872114181519,0.02006569504737854,0.04264713451266289,0.9372872114181519
As a consequence the Works Council had withdrawn its petition to suspend the reorganisation .,1,neutral,negative,0.7950111627578735,0.01660103350877762,0.7950111627578735,0.18838781118392944
"Also the city 's insurance company , If P & C Insurance , has said it will not pay compensation .",0,negative,negative,0.761705219745636,0.023100759834051132,0.761705219745636,0.2151939868927002
The transaction is expected to be finalized by Dec 2009 .,1,neutral,neutral,0.9282692074775696,0.060103245079517365,0.011627591215074062,0.9282692074775696
"Meanwhile , Electrowatt-Ekono Philippines , Inc. was also awarded a three-year operation and maintenance ( O&M ) contract by FR Cement Corporation .",2,positive,positive,0.9520587921142578,0.9520587921142578,0.017745597288012505,0.030195586383342743
"In Sweden , Gallerix accumulated SEK denominated sales were down 1 % and EUR denominated sales were up 11 % .",1,neutral,negative,0.9728456735610962,0.010500727221369743,0.9728456735610962,0.01665363647043705
"GeoSentric is acquiring extra financing by issuing a maximum of 220,000 new shares and a convertible bond with subscription rights for 880,000 shares , which have been fully subscribed .",1,neutral,neutral,0.7472999095916748,0.24533528089523315,0.007364820223301649,0.7472999095916748
"Founded in 2000 , BioView automates laboratory tests , especially diagnostic tests for cancer .",1,neutral,neutral,0.8906675577163696,0.09968351572751999,0.009648940525949001,0.8906675577163696
"The payment of 2.779 million litas in interest on a long-term loan provided by Ragutis ' majority shareholder , Estonia 's A. Le Coq , also added to the losses .",0,negative,negative,0.956925094127655,0.020171938464045525,0.956925094127655,0.022903088480234146
Finnlines has six ships under construction in China with deliveries scheduled between the first quarter of 2011 and the final quarter of 2012 .,1,neutral,neutral,0.8747467398643494,0.11205941438674927,0.01319381594657898,0.8747467398643494
"The first four of the new shop-in-shops will be opened this spring : on Madison Avenue in New York as well as in Chicago , Los Angeles and San Francisco .",1,neutral,neutral,0.9084447622299194,0.0796772763133049,0.011877994053065777,0.9084447622299194
Net sales increased to EUR655m in April to June 2010 from EUR438m a year earlier .,2,positive,positive,0.9486861228942871,0.9486861228942871,0.02634555660188198,0.02496841922402382
"Konecranes Oyj KCR1V FH fell 5.5 percent to 20.51 euros , the biggest fall since June .",0,negative,negative,0.976601243019104,0.007932464592158794,0.976601243019104,0.015466250479221344
"Under the agreement Benefon 's forthcoming range of TWIG integrated GPS navigation and mobile phone devices will use the jointly developed web-based tracking and location technology , in both consumer and commercial applications .",1,neutral,neutral,0.5325042605400085,0.46067550778388977,0.006820254493504763,0.5325042605400085
In 2007 Etteplan reported a turnover of EUR125 .2 m.,1,neutral,neutral,0.9353626370429993,0.0326123870909214,0.032024990767240524,0.9353626370429993
"HK Ruokatalo now accounts for about 50 % of poultry sales in Finland , and profitability is at a good level .",2,positive,positive,0.93552565574646,0.93552565574646,0.010387549176812172,0.05408678576350212
"The company is involved in the the sale of financial products including insurance , mortgages , car and personal loans , financial brokerage and equipment finance leasing .",1,neutral,neutral,0.9462352395057678,0.03934307396411896,0.01442165020853281,0.9462352395057678
"Russian Media Ventures ' minority shareholder Peter Hervy denied the plans to sell OVA Press , the daily said .",1,neutral,neutral,0.8915565013885498,0.028223156929016113,0.08022034913301468,0.8915565013885498
"SAN FRANCISCO ( MarketWatch ) -- Nokia Corp , the world 's largest cell-phone maker , is using the Consumer Electronics Show in Las Vegas to introduce a high-end , thin folding phone , according to a media report Monday .",1,neutral,neutral,0.6391540765762329,0.3433736562728882,0.01747230812907219,0.6391540765762329
"Upon completion of these transactions , Metso 's stake will amount to more than 60 % .",1,neutral,neutral,0.8952752947807312,0.09619593620300293,0.008528685197234154,0.8952752947807312
The goal is to secure the company 's profitability and competitiveness .,1,neutral,positive,0.8227101564407349,0.8227101564407349,0.0068821473978459835,0.17040757834911346
"Z. Bavelloni 's long-standing MD , Dino Bavelloni , has retired at the end of 2005 .",1,neutral,neutral,0.8377663493156433,0.019260743632912636,0.14297297596931458,0.8377663493156433
"According to Olvi , the company is already negotiating new agreements .",1,neutral,positive,0.8071113228797913,0.8071113228797913,0.01261529978364706,0.18027332425117493
Residents access to the block is planned to be from Aleksandri Street .,1,neutral,neutral,0.9244635105133057,0.06524397432804108,0.010292486287653446,0.9244635105133057
"According to the CEO of Nordea Bank Estonia Vahur Kraft , Nordea Finland and Stockmann have been cooperating for more than ten years .",2,positive,positive,0.8016543388366699,0.8016543388366699,0.009882045909762383,0.18846358358860016
The members of the management team will contribute to the adjustment measures with temporary salary cut of 5 % .,2,positive,positive,0.8094038367271423,0.8094038367271423,0.1340533047914505,0.056542765349149704
"The natural source of isoprene is the tree species Hevea brasiliensis , also known as the rubber tree .",1,neutral,neutral,0.9301643371582031,0.04991075024008751,0.019924940541386604,0.9301643371582031
What we think ?,1,neutral,neutral,0.9266662001609802,0.03029441647231579,0.043039385229349136,0.9266662001609802
"In 2009 , Comptel slipped to a net loss of EUR2 .1 m from a profit of EUR6 .6 m in the previous year .",0,negative,negative,0.9750704169273376,0.00924195908010006,0.9750704169273376,0.015687644481658936
The issuer is solely responsible for the content of this announcement .,1,neutral,neutral,0.948928952217102,0.018739286810159683,0.03233174607157707,0.948928952217102
Sanoma announced the Stock Option Scheme 2008 on 19 December 2008 .,1,neutral,neutral,0.9257892370223999,0.06409526616334915,0.010115432552993298,0.9257892370223999
"Established in 1989 , CapMan manages Nordic buyout , mezzanine , technology , life science and real estate funds with approximately EURO 3 billion $ 4 billion in total capital .",1,neutral,neutral,0.9394308924674988,0.04732479900121689,0.013244308531284332,0.9394308924674988
"Dubbed Nokia Money Solutions , company officials say the initiative would seek to bridge the gap between the banked and unbanked in developing countries .",2,positive,positive,0.8402065634727478,0.8402065634727478,0.009072335436940193,0.15072111785411835
"The company has delivered the technical infrastructure , used by NAV for their data warehouse and business intelligence initiatives .",1,neutral,neutral,0.602080762386322,0.3913988769054413,0.006520396564155817,0.602080762386322
South African Sappi will become the largest foreign forest industry company operating in Finland as a result of the acquisition Finnish M-real Corporation 's Graphic Papers Business unit .,2,positive,positive,0.7792232036590576,0.7792232036590576,0.006564264185726643,0.21421250700950623
The acquisition is part of Ramirent 's Central and Eastern European growth strategy .,1,neutral,neutral,0.7485181093215942,0.24464400112628937,0.0068379417061805725,0.7485181093215942
The transaction is expected to be completed next spring .,1,neutral,neutral,0.9296578764915466,0.057871267199516296,0.012470901943743229,0.9296578764915466
"The period 's sales dropped to EUR30 .6 m from EUR38 .3 m , according to the interim report , released today .",0,negative,negative,0.9764857292175293,0.008498775772750378,0.9764857292175293,0.015015478245913982
"In recent months , Capman has taken significant steps to simplify its operations , CEO Lennart Simonsen said .",2,positive,positive,0.9260476231575012,0.9260476231575012,0.012518482282757759,0.06143384799361229
"Ahlstrom Corporation STOCK EXCHANGE ANNOUNCEMENT 7.2.2007 at 10.30 A total of 56,955 new shares of Ahlstrom Corporation have been subscribed with option rights under the company 's stock option programs I 2001 and II 2001 .",1,neutral,neutral,0.9333990812301636,0.05328800901770592,0.013312870636582375,0.9333990812301636
"Advertising and circulation revenues grew by 3.4 % and by 0.4 % , respectively .",2,positive,positive,0.9574837684631348,0.9574837684631348,0.017201578244566917,0.025314582511782646
"Having a China based operation will not only enable us to fully leverage our resources and expertise in wireless solutions , but also strengthen our capability to offer industry-leading products for our customers in China . ''",2,positive,positive,0.9334679841995239,0.9334679841995239,0.00896073691546917,0.05757127329707146
"The add-on order contains , among others , control valves and instrumentation as well as complete mill engineering and electrification with Metso drive controls .",1,neutral,neutral,0.9185534715652466,0.0715966448187828,0.00984982866793871,0.9185534715652466
"Rapala VMC Corporation Rapala , a leading fishing tackle and sporting goods manufacturer and distributor , is the main owner of Peltonen with its 80 % shareholding .",1,neutral,neutral,0.9188657999038696,0.071436807513237,0.009697412140667439,0.9188657999038696
"Net interest income was EUR 152.2 mn , up from EUR 101.0 mn in 2008 .",2,positive,positive,0.9561225175857544,0.9561225175857544,0.023950889706611633,0.01992652378976345
The Finnish group anticipates a sales gain of EUR42m after tax and expenses .,2,positive,positive,0.9475130438804626,0.9475130438804626,0.01640346832573414,0.03608336299657822
Most of the increase in net sales was due to the acquisition of Swedish Silva that produces garden tools and boats .,2,positive,positive,0.9066932201385498,0.9066932201385498,0.011409523896872997,0.08189726620912552
"Both operating profit and turnover for the three-month period increased , respectively from EUR0 .9 m and EUR8 .3 m , as compared to the corresponding period in 2005 .",2,positive,positive,0.958209216594696,0.958209216594696,0.02234816923737526,0.019442662596702576
"Vaahto Pulp & Paper , of Finnish Vaahto Group , has been awarded an order to renovate Finnish-Swedish forest industry company Stora Enso 's paperboard machine at the Ingerois Board Mill in Finland .",2,positive,positive,0.9425139427185059,0.9425139427185059,0.014514406211674213,0.04297156259417534
Merging the two free sheets will clarify the market situation .,1,neutral,neutral,0.8659902215003967,0.12337960302829742,0.010630184784531593,0.8659902215003967
"shock phase ' , consumers have once again started to plan and implement building projects .",1,neutral,positive,0.7404896020889282,0.7404896020889282,0.010560426861047745,0.24895000457763672
"Investors will continue being interested in the company 's share although it is not quite cheap , Affarsvarlden said .",2,positive,positive,0.841209352016449,0.841209352016449,0.008289122954010963,0.15050151944160461
"Fortum is looking to invest in several new production units , including a new waste-fired unit at its Brista combined heat and power ( CHP ) plant and a biofuels-based production unit at Vartan CHP plant .",1,neutral,neutral,0.6930965185165405,0.29901161789894104,0.007891885936260223,0.6930965185165405
"Subscribers of China Unicom , the nation 's second largest mobile phone operator after China Mobile , are expected to release pictures , videos and blog on the Internet via mobile phones as of March 2008 .",1,neutral,neutral,0.9453105330467224,0.040701594203710556,0.013987927697598934,0.9453105330467224
The organization that is a member of the Russian auto sector union MPRA has become active since Tikkurila acquired Russian paint company Kraski Teks in 2006 .,1,neutral,neutral,0.9016556143760681,0.08543595671653748,0.012908446602523327,0.9016556143760681
"The company recorded revenues of E658 .1 million during the fiscal year ended December 2007 , an increase of 23 % over 2006 .",2,positive,positive,0.9530608654022217,0.9530608654022217,0.01913657784461975,0.027802586555480957
- Net sales for the period are expected to fall well below that of last year and the result after non-recurring items is expected to be in the red .,0,negative,negative,0.9731020927429199,0.010415740311145782,0.9731020927429199,0.016482127830386162
As a consequence of the merger the number of administration personnel at the factories will be reduced by six .,1,neutral,neutral,0.69023597240448,0.07666708528995514,0.23309695720672607,0.69023597240448
18 March 2010 A leakage in the gypsum pond was detected today at the Talvivaara mine .,0,negative,negative,0.9232353568077087,0.013449016958475113,0.9232353568077087,0.06331562995910645
The value of the orders is about EUR 25mn .,1,neutral,neutral,0.9427947998046875,0.04147517681121826,0.01573009043931961,0.9427947998046875
"Westend ICT Plc s new 409,665,891 shares and increase of share capital with EUR 2,000,000 based on the resolutions of extraordinary shareholders meeting on 27 December 2010 have today registered in the Trade Register .",1,neutral,neutral,0.8810664415359497,0.10755173116922379,0.011381834745407104,0.8810664415359497
Antniemi refuted a report by the Finnish daily Turun Sanomat as if the company was reorganizing its operations in the Baltic countries .,1,neutral,negative,0.8570495247840881,0.03229851648211479,0.8570495247840881,0.110651895403862
"Last week , however , Nokia announced that it will pursue a long-term relationship with Microsoft , and make the Windows Phone 7 operating system the foundation for Nokia mobile phones .",1,neutral,positive,0.7466922402381897,0.7466922402381897,0.007474880665540695,0.2458329200744629
About Nokia Nokia is a pioneer in mobile telecommunications and the world 's leading maker of mobile devices .,2,positive,neutral,0.6623275876045227,0.33012837171554565,0.00754399411380291,0.6623275876045227
Nokia has enough users to do just as well .,1,neutral,positive,0.7608252167701721,0.7608252167701721,0.008470785804092884,0.23070397973060608
The order for plywood mill machinery and equipment announced by Finnish Raute in September 2006 will be delivered to Thebault Plyland in France .,1,neutral,neutral,0.7909557223320007,0.20113405585289001,0.007910228334367275,0.7909557223320007
Ponsse projects the forest machine markets to improve more than expected in 2010 from the previous year .,2,positive,positive,0.9566646814346313,0.9566646814346313,0.01740192249417305,0.02593340165913105
The total value of these two contracts is over EUR 21 million .,1,neutral,neutral,0.9274411797523499,0.058800794184207916,0.01375801581889391,0.9274411797523499
"Cost savings will then rise to some 20 mln eur a year from 2007 , OKO said .",2,positive,positive,0.9482743144035339,0.9482743144035339,0.016209235414862633,0.03551645576953888
Mr. Doring has been with Eaton since 1989 and acted as the Business Unit Manager for Eaton 's Power Controls Business Unit since January 2007 .,1,neutral,neutral,0.9474934935569763,0.034530118107795715,0.017976347357034683,0.9474934935569763
"Fiskars R , founded in 1649 , is one of the oldest companies in the world and is the largest manufacturer of lightweight stainless steel scissors in the U.S. .",1,neutral,neutral,0.8735643029212952,0.1172114834189415,0.009224271401762962,0.8735643029212952
"Kaukopartio Oy has acquired specialized knowledge in Far Eastern operations , and industrial sourcing services are their core competence .",1,neutral,neutral,0.8095399737358093,0.1826195865869522,0.007840428501367569,0.8095399737358093
Strand Associates is expanding its Madison corporate headquarters with space to add about 100 employees to the engineering firm .,2,positive,positive,0.9198459982872009,0.9198459982872009,0.011512387543916702,0.06864167004823685
"The company , which has EUR2 .8 bn in assets , counts among its five largest shareholders Finnish insurers Ilmarinen 4.34 % and Varma 0.70 % , as well as the Finnish state pension fund VER 0.61 % .",1,neutral,neutral,0.9413173794746399,0.04260227456688881,0.016080331057310104,0.9413173794746399
The company will propose a dividend of EUR0 .12 per share for 2008 .,1,neutral,neutral,0.9155056476593018,0.07252273708581924,0.011971617117524147,0.9155056476593018
"Mobile phone shipments jumped 26 percent to almost 112 million units , while Finnish company 's global market share rose to 39 percent from 36 percent .",2,positive,positive,0.9527856707572937,0.9527856707572937,0.019601907581090927,0.02761247754096985
A total of 140 jobs will be reduced at the Raahe Steel Works .,0,negative,negative,0.9707607626914978,0.006531164050102234,0.9707607626914978,0.022708000615239143
"Coca-Cola was the market leader of manufacturers with a market share of 36.9 % , down 2.2 % from the corresponding period in 2004-2005 .",0,negative,negative,0.9744190573692322,0.010466858744621277,0.9744190573692322,0.015114177018404007
"Pretax profit rose to EUR 1,019 mn from EUR 1,007 in the corresponding period in 2005 .",2,positive,positive,0.9532347917556763,0.9532347917556763,0.02572162076830864,0.02104359306395054
"According to Eijkens , a publisher can do much more than just publish colourful books : a publisher can provide value added to information by individualising it .",1,neutral,neutral,0.9265217185020447,0.059329498559236526,0.014148775488138199,0.9265217185020447
"The Australian company Mirabela Nickel has awarded Outokumpu Technology a contract for grinding technology for its nickel sulfide project in Bahia State , Brazil .",2,positive,positive,0.9452290534973145,0.9452290534973145,0.01588062383234501,0.03889032080769539
"Of these shares 14,747,084 are held by the Company and the number of outstanding shares and voting rights attached to the shares amounts thus to 161,256,847 .",1,neutral,neutral,0.9439132213592529,0.040683843195438385,0.0154028981924057,0.9439132213592529
The talks are aimed at restructuring operations and cutting costs .,2,positive,positive,0.9273869395256042,0.9273869395256042,0.017333542928099632,0.055279552936553955
Operating loss totaled EUR 25mn compared to a profit of EUR 63mn in the corresponding period in 2005 .,0,negative,negative,0.9757693409919739,0.012823143973946571,0.9757693409919739,0.011407468467950821
"Divisional sales demand in the half remained `` inconsistent '' , it added .",0,negative,negative,0.9724391102790833,0.01005843561142683,0.9724391102790833,0.01750243455171585
"CapMan , an asset manager , has EUR 3bn worth of assets under management in the Nordic region .",1,neutral,neutral,0.9394205212593079,0.04670709744095802,0.013872352428734303,0.9394205212593079
The amendment will not incur additional costs .,1,neutral,neutral,0.9299773573875427,0.04669156298041344,0.02333100512623787,0.9299773573875427
"The most significant capital expenditure items were in the global enterprise resource planning ERP project , product development and production machines .",1,neutral,neutral,0.907996654510498,0.07910523563623428,0.012898096814751625,0.907996654510498
"The Group , with net sales of EUR 235 million in 2009 , employs more than 2 000 people in 33 countries .",1,neutral,neutral,0.9252200126647949,0.05880008637905121,0.015979958698153496,0.9252200126647949
"CapMan , with offices in Helsinki , Stockholm , Copenhagen and Oslo , manages Nordic buyout , mezzanine , technology , life science and real estate funds with approximately EUR2 .6 bn in total capital .",1,neutral,neutral,0.9429904222488403,0.04126022756099701,0.015749333426356316,0.9429904222488403
"Furthermore , our fully electrically driven cranes are environmentally friendly .",2,positive,neutral,0.5128713250160217,0.479418009519577,0.007710668258368969,0.5128713250160217
The announced restructuring will significantly decrease the Company 's indebtedness .,2,positive,positive,0.9494984745979309,0.9494984745979309,0.029838809743523598,0.02066279761493206
"At the same time profit of the company increased by 10 % in H1 and reached Ls 79,000 .",2,positive,positive,0.9566065073013306,0.9566065073013306,0.014466618187725544,0.028926828876137733
"Finnish Suominen Flexible Packaging Ltd , owned by local textile company Suominen Corporation Group ( HEL : SUY1V ) , said today that it would start employee negotiations concerning its entire personnel in Finland .",0,negative,negative,0.9069457650184631,0.0120972516015172,0.9069457650184631,0.08095693588256836
in Finland Finnish pharmaceutical company Orion Corporation OMX Helsinki : ORNAV said on Wednesday 7 January that it has concluded its personnel negotiations in Finland and will reduce the number of personnel by 205 .,0,negative,negative,0.9306795001029968,0.011028323322534561,0.9306795001029968,0.05829213559627533
The power generated annually by Loviisa covers about 10 % of Finland 's electricity consumption .,1,neutral,neutral,0.9371200799942017,0.049228738993406296,0.013651194982230663,0.9371200799942017
Shuweihat 2 got under way in July 2008 when the project was awarded to desalination and power contractors .,1,neutral,neutral,0.5113040208816528,0.4799242913722992,0.008771685883402824,0.5113040208816528
"Earnings per share ( EPS ) were EUR0 .03 , up from the loss of EUR0 .083 .",2,positive,positive,0.9575240612030029,0.9575240612030029,0.021897634491324425,0.020578360185027122
"The chain posted sales of 298 million euros for full 2005 , a rise of 19.5 percent , year-on-year .",2,positive,positive,0.9524670839309692,0.9524670839309692,0.017346292734146118,0.030186673626303673
The company supports its global customers in developing new technologies and offers a fast route from product development to applications and volume production .,1,neutral,positive,0.6032127141952515,0.6032127141952515,0.007290226873010397,0.3894970715045929
TELECOMWORLDWIRE-7 April 2006-TJ Group Plc sells stake in Morning Digital Design Oy Finnish IT company TJ Group Plc said on Friday 7 April that it had signed an agreement on selling its shares of Morning Digital Design Oy to Edita Oyj .,2,positive,positive,0.7350785732269287,0.7350785732269287,0.012983825989067554,0.25193750858306885
"The Estonian electronic components factory , Elcoteq , is running out of material because of the closure of air traffic .",0,negative,negative,0.9661465287208557,0.006532768253237009,0.9661465287208557,0.027320697903633118
"The company 's scheduled traffic , measured in revenue passenger kilometres RPK , grew by just over 2 % and nearly 3 % more passengers were carried on scheduled flights than in February 2009 .",2,positive,positive,0.9546371102333069,0.9546371102333069,0.020195236429572105,0.025167664512991905
`` Operating profit declined mainly due to the increased cost of wood and recycled fiber and the strengthened euro . '',0,negative,negative,0.9728633761405945,0.008873146958649158,0.9728633761405945,0.0182634349912405
"Finnish real estate company Sponda Oyj said on April 11 , 2008 it would build Vuosaari Harbour Service Center at the Port of Helsinki .",1,neutral,neutral,0.8364322185516357,0.15522511303424835,0.008342660963535309,0.8364322185516357
"In the second quarter of 2010 , the company 's net profit was EUR1 .7 m compared to a net loss of EUR1 .3 m in April-June 2009 .",2,positive,positive,0.7615022659301758,0.7615022659301758,0.21698683500289917,0.02151092141866684
"Additionally , the company will terminate a maximum nine salaried and senior salaried employees ' employment contracts .",0,negative,negative,0.9625832438468933,0.007321626879274845,0.9625832438468933,0.030095074325799942
Investment management and investment advisory services are the company 's sole line of business .,1,neutral,neutral,0.9516561031341553,0.031090207397937775,0.017253674566745758,0.9516561031341553
Business boomed after Ostrom helped plant a small story about Rapala lures in a Life magazine issue that featured Marilyn Monroe on the cover .,2,positive,positive,0.839448094367981,0.839448094367981,0.021458392962813377,0.13909345865249634
The groups 's turnover for the full fiscal year is expected to show a slight increase from the previous fiscal year .,2,positive,positive,0.9544379115104675,0.9544379115104675,0.02349705621600151,0.022065095603466034
"Tornio Works employs 2,300 of whom more than 1,800 have been in the scope of the fixed-period or part-time temporary layoffs in April-October period .",0,negative,negative,0.9569395780563354,0.007741776295006275,0.9569395780563354,0.03531862795352936
"It makes a wide range of mobile devices with services and software that enable people to experience music , navigation , video , television , imaging , games and business mobility .",1,neutral,neutral,0.881523609161377,0.10994802415370941,0.008528327569365501,0.881523609161377
The tool is a patent pending design that allows consumers to lay out their entire project on a removable plate using multiple clear stamps of any kind .,1,neutral,neutral,0.9053369760513306,0.08415065705776215,0.010512393899261951,0.9053369760513306
The volume of investments in the two phases of the project is estimated at USD 300mn ( EUR 215.03 mn ) .,1,neutral,neutral,0.8812380433082581,0.10875264555215836,0.01000930368900299,0.8812380433082581
"The OMX Helsinki 25 ended 0.47 pct lower at 3,150.55 and the OMX Helsinki was down 0.21 pct at 10,736.42 on 1.523 bln eur turnover .",0,negative,negative,0.9715253114700317,0.007129847537726164,0.9715253114700317,0.021344901993870735
"In addition , a further 29 employees can be laid off until further notice and the whole workforce can be laid off for short periods if needed .",0,negative,negative,0.961884617805481,0.006524762604385614,0.961884617805481,0.031590595841407776
Finnish business software group AffectoGenimap Oyj said its net profit halved to 1.2 mln euro ( $ 1.5 mln ) in the first nine months of 2006 from 2.2 mln euro ( $ 2.8 mln ) in the same period of 2005 .,0,negative,positive,0.7567674517631531,0.7567674517631531,0.22595302760601044,0.017279548570513725
"A Helsinki : ELIiV today reported EPS of EUR1 .13 for 2009 , an increase over EPS of EUR1 .12 in 2008 .",2,positive,positive,0.9560032486915588,0.9560032486915588,0.018732964992523193,0.025263817980885506
Technopolis has approximately 130 customer companies in Jyvaskyla .,1,neutral,neutral,0.9325789213180542,0.05475929006934166,0.012661777436733246,0.9325789213180542
Ponsse will divide its sales and maintenance service network into six geographical areas .,1,neutral,neutral,0.947827160358429,0.03789829835295677,0.01427448820322752,0.947827160358429
Europe needs 17 new large paper machines .,1,neutral,neutral,0.786408007144928,0.20001840591430664,0.01357358694076538,0.786408007144928
Both sources said Nokia would unveil its new phone code-named `` Tube '' on Oct. 2 at an analyst and media event in London .,1,neutral,neutral,0.8977494835853577,0.09121330827474594,0.011037195101380348,0.8977494835853577
"The company estimates that the trend in demand for sports equipment will be steady in 2006 , '' Amer 's report said .",2,positive,positive,0.9151061773300171,0.9151061773300171,0.012791241519153118,0.07210256159305573
"In Lithuania , operating profit rose to EUR 190,000 from EUR 70,000 in the corresponding period in 2005 .",2,positive,positive,0.9527251720428467,0.9527251720428467,0.025486133992671967,0.02178867906332016
"VDW combined with LXE devices enhances productivity , enabling workers to use a single device to perform voice , scanning and keyboard functions .",2,positive,positive,0.8273612260818481,0.8273612260818481,0.010145808570086956,0.16249297559261322
"In 2008 , the steel industry accounted for 64 percent of the cargo volumes transported , whereas the energy industry accounted for 28 percent and other industries for 8 percent .",1,neutral,neutral,0.935321033000946,0.03665569797158241,0.02802327275276184,0.935321033000946
Elcoteq has a proven track record in electronics manufacturing services ( EMS ) and a global factory network coupled with modern manufacturing equipment and consistent systems and processes .,2,positive,positive,0.8345614671707153,0.8345614671707153,0.006485552527010441,0.15895290672779083
At the same time I am delighted by the fact that we were able to accomplish the organization with our own team members .,2,positive,positive,0.8874327540397644,0.8874327540397644,0.009500858373939991,0.10306646674871445
The project is expected to be completed in 2009 .,1,neutral,neutral,0.8112103939056396,0.1787600815296173,0.010029604658484459,0.8112103939056396
"Helsinki-based Componenta bought Turkish listed company Doktas in October 2006 for 89 million euros , making it the largest Finnish investment in Turkey to date .",1,neutral,neutral,0.8421141505241394,0.149049773812294,0.008836088702082634,0.8421141505241394
ZAO YIT Moskovia builds housing in Moscow and its surrounding cities .,1,neutral,neutral,0.9240546822547913,0.06492550671100616,0.01101982593536377,0.9240546822547913
"The Tecnomen Convergent Charging solution includes functionality for prepaid and post-paid billing , charging and rating of voice calls , video calls , raw data traffic and any type of content services in both mobile and fixed networks .",1,neutral,neutral,0.9173004627227783,0.0730973556637764,0.009602143429219723,0.9173004627227783
The company is well positioned in Brazil and Uruguay .,2,positive,positive,0.7264488339424133,0.7264488339424133,0.006383400876075029,0.2671678066253662
"LONDON AFX - Shares in Rautaruukki Corp have been upgraded to ` hold ' from ` sell ' by ABN Amro , with the price target raised to 25.75 eur from 14.5 , said dealers .",2,positive,positive,0.9500885009765625,0.9500885009765625,0.019869288429617882,0.0300421342253685
The company said that the results of the third quarter do not include non-recurring items .,1,neutral,neutral,0.9076545834541321,0.015716012567281723,0.0766294002532959,0.9076545834541321
Raisio is the site of the main production plants as well as company headquarters .,1,neutral,neutral,0.9285982847213745,0.057570092380046844,0.013831640593707561,0.9285982847213745
The revenues of the business reached NOK 12 million for 2008 .,1,neutral,neutral,0.5899093747138977,0.3966865539550781,0.01340409554541111,0.5899093747138977
The company 's share is listed in the Mid Cap segment of the NASDAQ OMX Helsinki .,1,neutral,neutral,0.9517126083374023,0.028192570433020592,0.020094839856028557,0.9517126083374023
"The board machine , which will have a wire width of 6.25 m and a design speed of 900 m-min , will produce close to 1,400 tonnes of folding boxboard per day .",1,neutral,neutral,0.8751091957092285,0.11537718027830124,0.009513535536825657,0.8751091957092285
This is a much better process than using virgin paper as it requires less transportation of wood pulp from places like Finland and Canada .,2,positive,positive,0.5596465468406677,0.5596465468406677,0.008926390670239925,0.4314270317554474
The company operates power plants in the Tyumen and Chelyabinsk regions and in the Khanty-Mansi Autonomous District .,1,neutral,neutral,0.9423648715019226,0.041576042771339417,0.0160590298473835,0.9423648715019226
The agreement includes application maintenance and support services .,1,neutral,neutral,0.8672213554382324,0.12414727360010147,0.00863130483776331,0.8672213554382324
"BG AD , Bulgaria 's leading Internet company .",2,positive,positive,0.5072833895683289,0.5072833895683289,0.0076625230722129345,0.4850541055202484
"4 February 2011 - Finnish broadband data communication systems provider Teleste Oyj HEL : TLT1V saw its net profit jump to EUR2 .1 m for the last quarter of 2010 from EUR995 ,000 for the same period of 2009 .",2,positive,positive,0.945219099521637,0.945219099521637,0.03214239329099655,0.022638477385044098
"The company has established a 3G base station at about 17,000 feet at the foot of Mount Everest that will enable mountain climbers at the 29,035-foot summit to surf the Internet and even send videos of their exploits .",2,positive,neutral,0.8115067481994629,0.18013335764408112,0.008359885774552822,0.8115067481994629
The operating margin of Aker Yards Cruise & Ferries division went down from 8.3 % to 6.4 % in the first quarter of 2007 .,0,negative,negative,0.9757064580917358,0.006688958033919334,0.9757064580917358,0.017604604363441467
Rihko started to manage Raisio 's Benecol business in summer 2006 after heading tobacco company Altadis ' European operations .,1,neutral,neutral,0.9427413940429688,0.03605954349040985,0.0211990624666214,0.9427413940429688
This organization will assume the responsibility for operations in Russia .,1,neutral,neutral,0.9446166753768921,0.04327201098203659,0.012111294083297253,0.9446166753768921
"The total service concept also includes technology services , with which Raute supports its customers throughout the entire life cycle of their investments .",1,neutral,neutral,0.8573495149612427,0.1354302167892456,0.007220191415399313,0.8573495149612427
"The major breweries increased their domestic beer sales by 4.5 per cent last year , to 256.88 million litres from 245.92 million litres in 2004 .",2,positive,positive,0.9498024582862854,0.9498024582862854,0.02323252148926258,0.026965061202645302
"M-real Corporation Stock Exchange Release 27 August 2009 at 3.15 pm M-real has received the EUR 190 million cash payment from Sappi M-real Corporation , a part of Mets+ñliitto Group , divested its Graphic Papers business to Sappi Limited at the end of 2008 for EUR 750 million .",1,neutral,neutral,0.6525015234947205,0.33134377002716064,0.01615465059876442,0.6525015234947205
"Talvik says the relocation of application programs on servers will continue , while HP servers were approved because of HP supplying a tailor-made solution to Elisa .",1,neutral,positive,0.5290115475654602,0.5290115475654602,0.013065270148217678,0.45792317390441895
Halonen 's office acknowledged receiving the letter but declined comment .,1,neutral,neutral,0.807985782623291,0.031270191073417664,0.16074402630329132,0.807985782623291
"Net sales of Finnish Sanoma Learning & Literature , of Finnish media group Sanoma , decreased by 3.6 % in January-June 2009 totalling EUR 162.8 mn , down from EUR 168.8 mn in the corresponding period in 2008 .",0,negative,negative,0.9763309359550476,0.008049074560403824,0.9763309359550476,0.015620101243257523
Finnish waste management and cleaning group Lassila & Tikanoja Oyj ( L&T ) net profit went down to 32.2 mln euro ( $ 47.7 mln ) for 2007 from 35.3 mln euro ( $ 52.3 mln ) for 2006 .,0,negative,negative,0.9753177165985107,0.007316818926483393,0.9753177165985107,0.017365457490086555
"The share sale , to foreign and Finnish investors , is expected to raise some euro300 million ( US$ 380 million ) .",1,neutral,positive,0.693665087223053,0.693665087223053,0.007897011935710907,0.2984378933906555
The company said that the fall in turnover had been planned .,0,negative,negative,0.9712382555007935,0.01105921808630228,0.9712382555007935,0.017702555283904076
"Repair and maintenance business accounted for net sales of EUR 645.3 mn , up from EUR 563.6 mn .",2,positive,positive,0.9546548128128052,0.9546548128128052,0.0247965045273304,0.020548781380057335
Cramo slipped to a pretax loss of EUR 6.7 million from a pretax profit of EUR 58.9 million .,0,negative,negative,0.9733684659004211,0.01013109739869833,0.9733684659004211,0.016500404104590416
"In addition to fireplace exports , demand for lining stone has exceeded the level of the earlier part of the year and will continue to be clearly brisker for the remainder of the year .",2,positive,positive,0.9488916397094727,0.9488916397094727,0.028490498661994934,0.02261786349117756
A profit is still on target .,2,positive,positive,0.5853940844535828,0.5853940844535828,0.0572495311498642,0.35735633969306946
The difference can be explained by the fact that two shipping companies have stopped operating in the Gulf of Finland .,1,neutral,negative,0.9405798316001892,0.010574900545179844,0.9405798316001892,0.048845257610082626
"These sections will be put into place to form the load-bearing steel structure of the bridge , '' says Sami Eronen , Senior Vice President , Infrastructure and Northern Europe , Ruukki Construction .",1,neutral,neutral,0.8581563830375671,0.13175077736377716,0.010092823766171932,0.8581563830375671
"Last year the company raised its turnover to approximately 7 million litas EUR 2 mln , from 6.1 million litas in 2004 .",2,positive,positive,0.9482987523078918,0.9482987523078918,0.02352462336421013,0.02817666158080101
Operating profit rose to EUR2 .4 m from EUR1 .6 m year earlier .,2,positive,positive,0.952256977558136,0.952256977558136,0.025214292109012604,0.0225287564098835
Through this transaction we are able to participate in developing the industry .,2,positive,positive,0.783746063709259,0.783746063709259,0.006846478208899498,0.2094074785709381
Three students from Universiti Sains Malaysia have won a study trip to Helsinki .,1,neutral,positive,0.8545441031455994,0.8545441031455994,0.01807592809200287,0.12737995386123657
The uranium found locally is naturally occurring and it makes sense to extract it in the same way as we do with our other metals . '',1,neutral,neutral,0.88185715675354,0.10475980490446091,0.013383093290030956,0.88185715675354
"According to CapMan Plc 's Corporate Governance , the majority of the committees ' members shall be independent of the Company .",1,neutral,neutral,0.9545729756355286,0.022292448207736015,0.023134585469961166,0.9545729756355286
"The 3C Expo is a signature show in Dongguan , which is supported by the Dongguan Municipal Government every year , featuring computer accessories , software , communication and network products .",1,neutral,neutral,0.9011239409446716,0.08750239759683609,0.011373600922524929,0.9011239409446716
"Production capacity will rise gradually from 170,000 tonnes to 215,000 tonnes .",2,positive,positive,0.9331527352333069,0.9331527352333069,0.013548976741731167,0.05329833924770355
"Talentum expects that the net sales of its core business will increase in 2008 , compared to 2007 .",2,positive,positive,0.9584668278694153,0.9584668278694153,0.017674874514341354,0.023858409374952316
The results will enable the preparation of a conceptual plant design and capital estimates .,1,neutral,neutral,0.5105760097503662,0.480330228805542,0.00909378007054329,0.5105760097503662
"Finnish silicon wafers maker Okmetic Oyj said on September 17 , 2008 that it will invest a total of 15 mln euro $ 21.3 mln in its sensor wafer business .",1,neutral,neutral,0.862952709197998,0.12848401069641113,0.008563277311623096,0.862952709197998
"The contract comprises a log handling line , a peeling line , and a veneer drying and grading line .",1,neutral,neutral,0.9364396929740906,0.047872625291347504,0.015687625855207443,0.9364396929740906
"`` They would invest not only in the physical infrastructure , but would also provide know-how for managing and developing science and technology parks , '' said Sunrise Valley director Andrius Bagdonas .",2,positive,positive,0.7422712445259094,0.7422712445259094,0.007572530768811703,0.2501561641693115
Our standardised services have met with a positive reception among our customers as well as at Itella .,2,positive,positive,0.9475617408752441,0.9475617408752441,0.013500267639756203,0.038937877863645554
"At first the contract envisaged the construction of three ferryboats with an option for two more units , further confirmed at a total value of 500 mln euro ( $ 645.8 mln ) .",2,positive,positive,0.7141030430793762,0.7141030430793762,0.010552273131906986,0.2753446698188782
"Equity ratio was 60.9 % compared to 54.2 % In the third quarter of 2007 , net sales of the Frozen Foods Business totaled EUR 11.0 , up by about 5 % from the third quarter of 2006 .",2,positive,positive,0.957751452922821,0.957751452922821,0.021206164732575417,0.021042369306087494
"Some of the most recent technology deliveries include refinery technology to Anrak Aluminium , an iron ore pelletizing plant to Tata Steel and iron ore sintering plants to Bhushan Steel .",1,neutral,neutral,0.8558278679847717,0.1360420286655426,0.008130147121846676,0.8558278679847717
"He found him again , however , after the driver was involved in a two-car accident .",1,neutral,negative,0.6834962368011475,0.09066004306077957,0.6834962368011475,0.22584377229213715
"Glaston 's well-known brands are Bavelloni , in pre-processing machines and tools , Tamglass and Uniglass , in safety glass machines and Albat + Wirsam in software solutions .",1,neutral,neutral,0.8947456479072571,0.09514841437339783,0.010105916298925877,0.8947456479072571
"Cencorp , headquartered in Virkkala , Finland , develops and supplies automation solutions to the electronics and semiconductor industry that enhance productivity .",1,neutral,neutral,0.7825064063072205,0.20956958830356598,0.007924029603600502,0.7825064063072205
"The plant is scheduled for completion in late February 2007 with hand over of some areas in January Two other suppliers of Nokia - Aspocomp Group Oyj and Perlos - have announced their plans to establish plants within the Nokia complex Together , they will invest Rs 365 crore .",1,neutral,positive,0.5303183197975159,0.5303183197975159,0.010364948771893978,0.45931676030158997
The resignation will be in effect immediately .,1,neutral,neutral,0.7539609670639038,0.01733795925974846,0.22870109975337982,0.7539609670639038
"Finnish software developer Basware Oyj said on November 30 , 2006 its U.S. subsidiary Basware , Inc. won an order to provide software for contract lifecycle management to an unnamed U.S. medical technology company .",2,positive,positive,0.9324444532394409,0.9324444532394409,0.017536740750074387,0.05001874640583992
"Profit for the period was EUR 10.9 mn , down from EUR 14.3 mn in 2009 .",0,negative,negative,0.9767124056816101,0.008812621235847473,0.9767124056816101,0.014475028961896896
"So far the company has awarded more than $ 350,000 worth of tools and materials .",1,neutral,positive,0.6764787435531616,0.6764787435531616,0.009116768836975098,0.31440454721450806
"The remainder of its revenues will come from technology agreements with other firms , InterDigital said .",1,neutral,neutral,0.7587679624557495,0.2335144430398941,0.007717549800872803,0.7587679624557495
"Risto Raty , Tekla 's executive vice president , said that Tekla Structures and ArchiCAD will cover the entire design and documentation workflow throughout a construction project .",1,neutral,neutral,0.8900021910667419,0.10051283240318298,0.009484953247010708,0.8900021910667419
"Vehvilainen , who is currently the chief operating officer at Nokia Siemens Networks , will join Finnair on 5 January 2010 and take over as CEO effective 1 February 2010 .",1,neutral,neutral,0.9407668113708496,0.022974567487835884,0.03625858575105667,0.9407668113708496
"Niina Nenonen , Marimekko 's current director for clothing , bags and accessories lines , will take up this role .",1,neutral,neutral,0.9252454042434692,0.034890174865722656,0.03986446559429169,0.9252454042434692
"As a result of the negotiations , the amount of employment contracts to be terminated is 13 .",0,negative,negative,0.9560666084289551,0.0075232237577438354,0.9560666084289551,0.03641020134091377
"Swedish telco TeliaSonera is teaming up with Friends , a Swedish organization against bullying , to fight bullying of children and teenagers via electronic channels .",1,neutral,neutral,0.6407747864723206,0.3331783711910248,0.02604684978723526,0.6407747864723206
Ruukki signed the contract with Norwegian company Veidekke Entreprenor AS .,2,positive,positive,0.8663440942764282,0.8663440942764282,0.009015660732984543,0.12464022636413574
Ruukki Group calculates that it has lost EUR 4mn in the failed project .,0,negative,negative,0.9644400477409363,0.018170488998293877,0.9644400477409363,0.017389431595802307
Karppinen expects the consolidation trend to continue in the Finnish market .,1,neutral,positive,0.9264102578163147,0.9264102578163147,0.012853403575718403,0.060736365616321564
"The negotiations concern personnel of Cencorp Corporation and Singulase Oy as whole in Finland and in Sweden , the company said .",1,neutral,neutral,0.8320233821868896,0.03239051252603531,0.13558609783649445,0.8320233821868896
"Juhani J+ñrvi , Corporate Executive Vice President of Kesko , says the Russian food retail sector is fragmented .",1,neutral,negative,0.8945268392562866,0.01568453013896942,0.8945268392562866,0.08978861570358276
"Sales in Finland decreased by 10.5 % in January , while sales outside Finland dropped by 17 % .",0,negative,negative,0.9744252562522888,0.0073140873573720455,0.9744252562522888,0.01826067455112934
"Panostaja treats its negotiating partners , such as entrepreneurs selling their life s work and newcomer entrepreneurs seeking a career , fairly , justly and according to the law .",1,neutral,neutral,0.9085832834243774,0.07682426273822784,0.014592383988201618,0.9085832834243774
"The first installment of the Cinema Series concludes with a profile of Finnish inventor Olavi Linden , whose personal artistic journey and work at Fiskars has led to dozens of design awards .",1,neutral,neutral,0.8381092548370361,0.1503700315952301,0.011520727537572384,0.8381092548370361
"Profit for the period totalled EUR 0.8 mn , down from EUR 1.1 mn in the corresponding period in 2008 .",0,negative,negative,0.9762541055679321,0.010026739910244942,0.9762541055679321,0.01371913030743599
"Net sales rose by 25.5 % year-on-year to EUR59 .6 m , as the number of chargers delivered went up by 41 % to 65.9 million pieces .",2,positive,positive,0.9563605189323425,0.9563605189323425,0.0181917492300272,0.025447722524404526
"According to CEO Matti Perkonoja of the parent company HKScan , the company 's performance in the first quarter of 2010 has remained clearly below the level of the corresponding period in 2009 .",0,negative,negative,0.9723557233810425,0.011164226569235325,0.9723557233810425,0.01648009940981865
"`` This agreement is a direct result of LCC 's strategy and plan that was announced earlier this year , '' said Dean Douglas , LCC 's chief executive officer .",1,neutral,neutral,0.868264377117157,0.12077416479587555,0.010961485095322132,0.868264377117157
"Marubeni has participated in GHG - Green House Gas - emission reduction projects overseas , obtained emissions credit from its projects and has provided these to Japanese clients .",1,neutral,neutral,0.5351039171218872,0.4574223458766937,0.0074737840332090855,0.5351039171218872
"Thus , SysOpen Digia has , in accordance with Chapter 14 Section 21 of the Finnish Companies Act 29.9.1978 - 734 , obtained title to all the shares of Sentera that are to be redeemed .",1,neutral,neutral,0.9203352332115173,0.06796979904174805,0.011695008724927902,0.9203352332115173
"Tiimari Latvian representative Ineta Zaharova said that the company earned LVL 122,000 in 2005 profit , which is 20 times more that in 2004 .",2,positive,positive,0.9312807321548462,0.9312807321548462,0.020748116075992584,0.047971103340387344
"Mercator will use the software for its logistic , retail and wholesale operations in Slovenia and its other markets in southeastern Europe .",1,neutral,neutral,0.8391796946525574,0.15395602583885193,0.006864253897219896,0.8391796946525574
GSK announced in November 2008 that it would close its operations in Dartford .,0,negative,negative,0.8220044374465942,0.011275742202997208,0.8220044374465942,0.16671979427337646
The company will make its marketing and sales investments initiated in 2009 even more efficient in 2010 .,2,positive,positive,0.8406133651733398,0.8406133651733398,0.007366836071014404,0.1520197093486786
"`` Tom Doring has a long and successful career in the drives business , and he knows the American market .",1,neutral,neutral,0.738205075263977,0.2523057162761688,0.009489195421338081,0.738205075263977
Oriola-KD expects its invoicing in 2008 to be higher than the comparable invoicing of 2007 .,2,positive,positive,0.9596196413040161,0.9596196413040161,0.01729779876768589,0.023082653060555458
The company slipped to an operating loss of EUR 2.6 million from a profit of EUR 1.3 million .,0,negative,negative,0.9742559790611267,0.007679595611989498,0.9742559790611267,0.018064528703689575
"According to Barclays , the F-Secure software will protect users from hackers , viruses , spyware and other digital attacks .",1,neutral,neutral,0.8746064305305481,0.11071302741765976,0.01468058954924345,0.8746064305305481
Sponda will record a profit from the sale of 8.5 mln euro ($ 12.4 mln).,2,positive,positive,0.7429224252700806,0.7429224252700806,0.008968339301645756,0.24810926616191864
A total 30 % of the order value was booked in the fourth quarter of 2009 and the remainder will be booked in the second quarter of 2010 .,1,neutral,neutral,0.9471369385719299,0.02560901641845703,0.0272540170699358,0.9471369385719299
He confirmed his view on July 6 .,1,neutral,neutral,0.904148280620575,0.07602683454751968,0.019824931398034096,0.904148280620575
"However , in March 2009 , the government of St. Petersburg passed the front part of the building with the area 1,900 square metres and a land plot for a hotel worth USD 10-15mn to the company Delta .",1,neutral,neutral,0.8737074136734009,0.11695544421672821,0.00933719053864479,0.8737074136734009
"` Nordea 's definitely too big for Sampo to acquire , ' said an analyst ` But Sampo would appear to have an agenda for Nordea ahead of the privatisation .",1,neutral,neutral,0.9040299654006958,0.0761437937617302,0.01982627809047699,0.9040299654006958
"Ragutis , controlled by the Finnish brewery Olvi , achieved a 5.7 percent rise in beer sales to 22.6 million liters and held a 10.75 percent market share .",2,positive,positive,0.9474212527275085,0.9474212527275085,0.011466077528893948,0.04111267626285553
LSC 's 30 employees will move to Ixonos with their existing status and benefits .,1,neutral,neutral,0.9367952346801758,0.04555865004658699,0.017646046355366707,0.9367952346801758
Vaisala 's net profit for the third quarter of 2007 dropped to 3.0 mln euro ( $ 4.3 mln ) from 6.8 mln euro ( $ 9.8 mln ) for the same period of 2006 .,0,negative,negative,0.9764428734779358,0.006873773876577616,0.9764428734779358,0.01668337918817997
"Strongest growth was seen in the new markets in Russia , the Czech Republic , and Slovakia .",2,positive,positive,0.9545786380767822,0.9545786380767822,0.013416459783911705,0.03200482577085495
Operating loss landed at EUR39m including one-offs and at EUR27m excluding one-offs .,1,neutral,negative,0.967705488204956,0.008803931064903736,0.967705488204956,0.023490648716688156
The acquisition will have an immediate positive impact on Aspocomp 's financial result .,2,positive,positive,0.940022885799408,0.940022885799408,0.014867911115288734,0.045109156519174576
Profit for the period fell to EUR 1.6 mn from EUR 7.5 mn in January-September 2008 .,0,negative,negative,0.9766150712966919,0.007979528047144413,0.9766150712966919,0.01540540624409914
"The Vaisala Group is a successful international technology company that develops , manufactures and markets electronic measurement systems and products .",2,positive,neutral,0.7770949602127075,0.21632234752178192,0.006582645699381828,0.7770949602127075
The sellers were the founders of the company .,1,neutral,neutral,0.9493061900138855,0.02085583098232746,0.02983798272907734,0.9493061900138855
"According to Mark White , Locatrix Communications ' CEO , the company 's web services interface allows device owners , friends , and family to track and locate TWIG users via any web browser .",1,neutral,neutral,0.9368078112602234,0.048266325145959854,0.014925817959010601,0.9368078112602234
Absolut Bank is exploring the possibility of further borrowing .,1,neutral,neutral,0.8071030974388123,0.1839512288570404,0.008945667184889317,0.8071030974388123
"`` Last year , Finnair recorded a 32.6-percent growth on the Asian sector , carrying more than 1.10 million passengers between the two continents . ''",2,positive,positive,0.9051767587661743,0.9051767587661743,0.011566516011953354,0.08325673639774323
"Cargo traffic fell 1 % year-on-year to 8,561 tonnes in September 2009 .",0,negative,negative,0.976452648639679,0.007262773346155882,0.976452648639679,0.016284596174955368
The company plans to increase the unit 's specialist staff to several dozen -- depending on the market situation during 2010 .,1,neutral,positive,0.8166974782943726,0.8166974782943726,0.008776361122727394,0.1745261400938034
Kone said in court papers that the union action delayed repairs to elevators at the federal courthouse on Jan. 21 and the Saltonstall state office building on Jan. 23 .,0,negative,negative,0.9596818685531616,0.009639415889978409,0.9596818685531616,0.030678721144795418
Okmetic Board of Directors has also decided on a new share ownership program directed to the company 's top management .,1,neutral,neutral,0.8178367018699646,0.17317111790180206,0.008992262184619904,0.8178367018699646
"Tieto was looking for an energy solution which would best support the idea of sustainable development , and we were happy to be able to provide such a solution , saysJouni Haikarainen , Vice President , Fortum .",2,positive,positive,0.8887133598327637,0.8887133598327637,0.009827463887631893,0.10145913809537888
IonPhasE 's second major owner is venture capital firm Aura Capital .,1,neutral,neutral,0.9544684886932373,0.02992423065006733,0.015607249923050404,0.9544684886932373
"As production of other products will continue normally , temporary lay-offs concern simultaneously at most 80 employees .",0,negative,negative,0.9700416922569275,0.006717942655086517,0.9700416922569275,0.023240286856889725
"Technopolis has Finnish operations in Oulu , Vantaa , Espoo , Lappeenranta , Jyvaskyla and Tampere and is also preparing to expand its operations to Russia .",1,neutral,neutral,0.7601796388626099,0.23149007558822632,0.00833026971668005,0.7601796388626099
Operating profit fell from EUR 7.9 mn in the second quarter of 2005 to EUR 5.1 mn in the second quarter of 2006 .,0,negative,negative,0.9759984612464905,0.006762626115232706,0.9759984612464905,0.0172389168292284
"Sales climbed 19.2 pct to 1.002 bln eur , surpassing the 953 mln eur consensus figure .",2,positive,positive,0.9516531229019165,0.9516531229019165,0.023576416075229645,0.024770500138401985
Atria said its offer would give the Swedish company continued ownership and control of its slaughtering and cutting operations .,1,neutral,neutral,0.7515608072280884,0.24025896191596985,0.008180240169167519,0.7515608072280884
"Steve Jackson , eBusiness Analyst at Satama and former CEO of Aboavista said : `` Google broke the mold when they gave away Google Analytics for free .",1,neutral,neutral,0.8441082835197449,0.13416147232055664,0.021730275824666023,0.8441082835197449
"Finnish engineering and technology company Metso Oyj said on May 27 , 2008 it completed the acquisition of paper machinery technology from Japanese engineering company Mitsubishi Heavy Industries ( MHI ) for an undisclosed sum .",2,positive,positive,0.7421560883522034,0.7421560883522034,0.010123012587428093,0.2477208375930786
Synergy benefits will start to materialise in the second quarter .,2,positive,positive,0.9368021488189697,0.9368021488189697,0.011845823377370834,0.05135198310017586
"The company has also supplied more than 200 MW of power generating equipment for a number of projects in Papua New Guinea , including 12 engines of the Wartsila 32 type to Lihir Gold .",1,neutral,neutral,0.8450836539268494,0.14607132971286774,0.008844954892992973,0.8450836539268494
"OUTOTEC OYJ PRESS RELEASE DECEMBER 4 , 2009 10.30 AM Outotec establishes a new subsidiary in Kolkata Outotec has established a subsidiary in India in order to better serve its Indian customers and to increase its business in the growing Indian market .",2,positive,positive,0.8185428380966187,0.8185428380966187,0.006747599225491285,0.17470954358577728
Net profit in the same period in 2006 was (  x20ac ) 172 million .,1,neutral,neutral,0.928615391254425,0.02677447721362114,0.044610172510147095,0.928615391254425
"We also strengthen our existing partnership with Cybercom '' , says Teleste CTO Esko Myllyla .",2,positive,positive,0.9489268064498901,0.9489268064498901,0.011983050033450127,0.03909013047814369
"Finnish Metso Paper has been awarded a contract for the rebuild of Sabah Forest Industries ' ( SFI ) pulp mill in Sabah , Malaysia .",2,positive,positive,0.9436006546020508,0.9436006546020508,0.01754760555922985,0.038851767778396606
"The operations to be sold include manufacturing units in Finland , France , Poland and Turkey , as well as sales units in Germany and Lithuania .",1,neutral,neutral,0.9527827501296997,0.030526956543326378,0.016690246760845184,0.9527827501296997
"Under the rental agreement , Stockmann was committed to invest in the building of a bridge over the Gogol Street or build an underground tunnel for crossing the street by 2004 .",1,neutral,neutral,0.7234498858451843,0.2686108946800232,0.007939296774566174,0.7234498858451843
"Finnish shipping company Finnlines , of the Grimaldi Group , reports its net sales decreased to EUR 241.8 mn in January-June 2009 from EUR 384.0 mn in the corresponding period in 2008 .",0,negative,negative,0.9759185910224915,0.0087742879986763,0.9759185910224915,0.01530709583312273
Payment of shares shall be effected on subscription .,1,neutral,neutral,0.9469612836837769,0.020470209419727325,0.03256850317120552,0.9469612836837769
The executive group will participate in the adjustments with a fixed-term 5 % salary cut .,2,positive,negative,0.5213308334350586,0.22462394833564758,0.5213308334350586,0.2540452182292938
However short-term rentals are becoming more popular .,1,neutral,neutral,0.8028066158294678,0.1826121062040329,0.014581345021724701,0.8028066158294678
"EBIT excluding non-recurring items , totalled EUR 67.8 mn , up from EUR 38.1 mn .",2,positive,positive,0.9525612592697144,0.9525612592697144,0.027912192046642303,0.019526582211256027
"However , the bottom-line result improved thanks to positive financial items .",2,positive,positive,0.9588884115219116,0.9588884115219116,0.023285072296857834,0.017826564610004425
"Of the sales price , a sales gain of some 3.1 mln euro ( $ 4.5 mln ) will be recognized in Incap 's earnings for 2007 .",2,positive,positive,0.9303196668624878,0.9303196668624878,0.01066333893686533,0.059016965329647064
The order was worth EUR 8mn .,1,neutral,neutral,0.906318724155426,0.08142237365245819,0.012258883565664291,0.906318724155426
"BasWare 's CEO Ilkka Sihvo comments in conjunction with the Interim Report : `` As a whole , BasWare succeeded well in the second quarter of 2007 .",2,positive,positive,0.9472182989120483,0.9472182989120483,0.022495325654745102,0.030286364257335663
"Finnish silicon wafers manufacturer Okmetic Oyj said on June 29 , 2007 it signed an agreement with Nordea Bank Finland Plc , the local subsidiary of Swedish commercial bank Nordea Bank AB , which will refinance Okmetic 's syndicated bank facility which amounts to some 20 mln euro ( $ 26.9 mln ) .",2,positive,positive,0.935997486114502,0.935997486114502,0.017648523673415184,0.04635395109653473
Componenta increased its stake in Turkish steel company Doktas Dokumculuk Ticaret ve Sanayi A.S. to 92.6 pct stake in March 2007 .,2,positive,positive,0.8946788311004639,0.8946788311004639,0.0077826352789998055,0.0975385382771492
-- Christine Idzelis EQT Partners sheds Salcomp Swedish financial investor EQT Partners is selling a majority of its stake in mobile phone charger manufacturer Salcomp Oyj to Nordic investment company Nordstjernan AB .,1,neutral,neutral,0.943010151386261,0.03189494088292122,0.02509494684636593,0.943010151386261
"Most of the growth in beer consumption took place in the Far East , Latin America and Africa .",1,neutral,neutral,0.864230751991272,0.12571533024311066,0.01005391776561737,0.864230751991272
Image data produced by the browser at the phone server is converted into a bitmapped image that is sent to the handset for display . '',1,neutral,neutral,0.9470593929290771,0.029724406078457832,0.023216214030981064,0.9470593929290771
"We went to the market with yield guidance of the 7.25 % area , which gave us the flexibility to go up or down by 1-8th .",1,neutral,neutral,0.5367634296417236,0.3110278248786926,0.15220876038074493,0.5367634296417236
Net sales of the Lehdentekijat unit was approximately EUR 14 million in 2007 and it had 70 employees .,1,neutral,neutral,0.9421559572219849,0.0365469790995121,0.021297048777341843,0.9421559572219849
This combined with foreign investments creates interesting opportunities for Solteq .,2,positive,positive,0.8494797348976135,0.8494797348976135,0.006507474463433027,0.14401286840438843
CEO of the company Tarmo Noop said the growth in the sale of premium beers was the biggest .,2,positive,positive,0.8981824517250061,0.8981824517250061,0.008865267038345337,0.09295232594013214
"A portion , $ 12.5 million , will be recorded as part of its winnings in a prior patent dispute with Finnish phone maker Nokia Oyj .",2,positive,neutral,0.8897733688354492,0.09076879918575287,0.019457876682281494,0.8897733688354492
"Outotec , headquartered in Espoo , Finland , is a leading provider of process solutions , technologies and services for the mining and metallurgical industries .",1,neutral,neutral,0.806850254535675,0.1854592114686966,0.00769055774435401,0.806850254535675
The dividend will come on top of the 0.45 eur on A shares and 0.43 on K shares it has already paid on last year 's accounts .,1,neutral,neutral,0.9337888360023499,0.04457836225628853,0.021632811054587364,0.9337888360023499
"According to Swedish authorities , traces of the very toxic osmium tetroxide have been found on the coast of Per+ñmeri , the Northernmost part of the Gulf of Bothnia .",0,negative,negative,0.8409364223480225,0.025519460439682007,0.8409364223480225,0.13354414701461792
Basic banking activities continued as normal .,1,neutral,neutral,0.9182165861129761,0.061169035732746124,0.02061435952782631,0.9182165861129761
"Pretax loss totalled EUR 49.9 mn , compared to a loss of EUR 15.4 mn in the corresponding period in 2008 .",0,negative,negative,0.9583272337913513,0.0316360667347908,0.9583272337913513,0.010036671534180641
The annual net sales of the unit is some EUR 5 million and it currently employs some 55 people .,1,neutral,neutral,0.9427024722099304,0.034329529851675034,0.02296794205904007,0.9427024722099304
The order is included in Metso 's fourth quarter 2007 order backlog .,1,neutral,neutral,0.6424549221992493,0.01704436168074608,0.34050071239471436,0.6424549221992493
Other potential clients include public administration organizations investing in utility networks and services .,1,neutral,neutral,0.8626322746276855,0.12953387200832367,0.007833828218281269,0.8626322746276855
"The mill will have capacity to produce 500,000 tonnes of pulp per year .",1,neutral,neutral,0.8416661024093628,0.1505749523639679,0.007758968509733677,0.8416661024093628
Her last position in Nokia Siemens Networks was head of Business Human Resources NSN global IT .,1,neutral,neutral,0.9082947373390198,0.023890415206551552,0.06781482696533203,0.9082947373390198
The air traffic of Finland has been in stoppage since then .,0,negative,negative,0.9633232355117798,0.007405239623039961,0.9633232355117798,0.029271487146615982
"Previously , EB delivered a custom solution for LG Electronics and now is making it commercially available for other mobile terminal vendors as well as to wireless operators .",2,positive,neutral,0.7646742463111877,0.22808755934238434,0.007238246966153383,0.7646742463111877
"The company said that it will supply the WCDMA 3G-HSPA radio network , including the modular , high capacity Nokia Flexi WCDMA base station in East Java , Bali , Sumatra and Batam .",2,positive,neutral,0.7813727259635925,0.21200110018253326,0.006626220885664225,0.7813727259635925
"The OMX Helsinki index was down 0.34 pct at 8,256.02 on turnover of 813.191 mln eur .",0,negative,negative,0.9736167788505554,0.007129398174583912,0.9736167788505554,0.01925385557115078
Cash flow from business operations totalled EUR 0.4 mn compared to a negative EUR 15.5 mn in the first half of 2008 .,2,positive,positive,0.7831124067306519,0.7831124067306519,0.19938503205776215,0.017502563074231148
"The total value of the order , placed by Aspo ' marine transportation subsidiary ESL Shipping Oy , is EUR 60 million ( USD 77.5 m ) .",1,neutral,neutral,0.9404183626174927,0.044385503977537155,0.015196120366454124,0.9404183626174927
The parties have therefore agreed to leave Avena out of the deal .,1,neutral,neutral,0.8424384593963623,0.057397667318582535,0.10016383230686188,0.8424384593963623
The upgraded factory is scheduled to come on stream in the summer of 2008 .,1,neutral,neutral,0.6882556676864624,0.3041830062866211,0.0075613087974488735,0.6882556676864624
Inha Works has invested in its product development and market research .,1,neutral,neutral,0.8183369636535645,0.17457105219364166,0.007091966923326254,0.8183369636535645
"IT services firm TietoEnator was bucking the general trend , holding flat at 22.70 eur , after slipping back from earlier gains .",0,negative,negative,0.9535147547721863,0.0361732542514801,0.9535147547721863,0.010311988182365894
"Nokia will deliver a WCDMA 3G-HSPA radio network , including the modular , high capacity Nokia Flexi WCDMA base station to Indosat .",1,neutral,neutral,0.7400272488594055,0.2535106837749481,0.00646205386146903,0.7400272488594055
"It comes complete with an LCD touch screen system for selection of your chosen function and prices start at around the pounds 4,805 mark .",1,neutral,neutral,0.9307873845100403,0.055378545075654984,0.01383404154330492,0.9307873845100403
"Forestries were also higher , driven by yesterday 's bullish analyst comment on Stora Enso in Dagens Industri , dealers said .",2,positive,positive,0.9110777378082275,0.9110777378082275,0.06259910762310028,0.026323093101382256
"The combination of all services enabling us to offer a complex and strengthened service chain not only limited to the Baltic port connections but also for getting access to the world wide Grimaldi Network into the Mediterranean , Africa and North America `` says Uwe Bakosch .",2,positive,positive,0.9398055076599121,0.9398055076599121,0.012271339073777199,0.047923117876052856
The four-year contract between the bank and Ski Sport Finland will bring the bank 's advertisements to skiers helmets and caps .,1,neutral,neutral,0.6773009896278381,0.3139954209327698,0.008703569881618023,0.6773009896278381
"The Estonian beverages maker A. Le Coq today brought to the market a new premium class beer , A. Le Coq Special , investing 6 million kroons EUR 383,000 into its development and planning to sell three million liters of the beer during the next year .",1,neutral,positive,0.6471132636070251,0.6471132636070251,0.007548213005065918,0.34533852338790894
The company website is www.ahlstrom.com .,1,neutral,neutral,0.9495006799697876,0.02106926403939724,0.02943003922700882,0.9495006799697876
According to Deputy MD Pekka Silvennoinen the aim is double turnover over the next three years .,2,positive,positive,0.6922135353088379,0.6922135353088379,0.01565832458436489,0.2921281158924103
"Scanfil , a systems supplier and contract manufacturer to the communications sector , will start personnel negotiations in Oulu , in Finland , to lay off staff temporarily .",0,negative,negative,0.9646006226539612,0.006648898124694824,0.9646006226539612,0.0287504680454731
"Alma Media Corporation Press Release 15 March 2010 TYRVAAN SANOMAT AND PAIKALLISSANOMAT BEING BOUGHT BY SUOMEN PAIKALLISSANOMAT Two local papers , Tyrvaan Sanomat and Paikallissanomat , appearing in Sastamala and its neighbouring municipalities , are to be bought by Suomen Paikallissanomat Oy .",1,neutral,neutral,0.9533573985099792,0.028002938255667686,0.018639707937836647,0.9533573985099792
"Nokia shares hit 13.21 euros on Friday , down 50 percent from the start of the year in part because of the slow introduction of touch-screen models .",0,negative,negative,0.9762543439865112,0.007287065964192152,0.9762543439865112,0.016458619385957718
"The company offers payroll services , including payroll processing , payroll tax administration , and employee pay services , including direct deposit , check signing , and Readychex .",1,neutral,neutral,0.9269471764564514,0.028221292421221733,0.04483145847916603,0.9269471764564514
Finnish Cargotec 's Kalmar has received a significant order from the US Department of Defense .,2,positive,positive,0.9520083069801331,0.9520083069801331,0.018434641882777214,0.02955698035657406
"Consisting of seven interconnected units , Mega Image 's logistics center will be 347 metres in length and 12 metres in height .",1,neutral,neutral,0.9017455577850342,0.08898981660604477,0.009264635853469372,0.9017455577850342
Nordstjernan has used its option to buy another 22.4 % stake of Salcomp 's shares and votes .,1,neutral,neutral,0.9272416830062866,0.06118832156062126,0.01157005038112402,0.9272416830062866
The training modules aim at strengthening the public accounting abilities and fulfilling communal project management .,2,positive,positive,0.882428765296936,0.882428765296936,0.007450329605489969,0.11012089252471924
"According to Olvi 's Managing Director Lasse Aho , the company has an ongoing MMX Plus project that aims to find growth outside Finland .",2,positive,positive,0.8573191165924072,0.8573191165924072,0.006341853644698858,0.1363389790058136
In July it and Quadriga Capital sold their Lewa GmbH pump-making business to Japan 's Nikkiso Co. .,1,neutral,neutral,0.946742832660675,0.027090860530734062,0.026166383177042007,0.946742832660675
Yvonne Jones is owner of Chameleon Interiors .,1,neutral,neutral,0.9247180819511414,0.022928990423679352,0.0523529089987278,0.9247180819511414
"Our key geographical markets are Europe , Russian Federation , Middle-East , South-Africa and Japan .",1,neutral,neutral,0.9184536337852478,0.0715717002749443,0.00997468363493681,0.9184536337852478
"The reasons behind the estimate include the rise in 2008 rent levels and several fully-leased office and retail properties , which were completed and added to the company 's investment property portfolio .",1,neutral,positive,0.6910344362258911,0.6910344362258911,0.013397162780165672,0.2955683767795563
"+£lemiste City is the environment for a knowledge-based economy providing work for 3,300 people with the total turnover of its companies amounting to EEK 5.4 bn , '' said +£lo P+ñrnits , chairman of the supervisory board of +£lemiste City and Mainor .",1,neutral,neutral,0.6472786068916321,0.3429780602455139,0.00974330399185419,0.6472786068916321
The ISO certification demonstrates that we are moving forward in our quality commitments to our customers . ',2,positive,positive,0.908924400806427,0.908924400806427,0.009454225189983845,0.08162127435207367
Finnish handling systems company Cargotec Oyj ( HEL : CGCBV ) said today that it won a EUR 13 million ( USD 16.6 m ) contract to deliver MacGregor hatch covers for ships ordered by Norwegian shipowner Grieg Shipping .,2,positive,positive,0.9460781216621399,0.9460781216621399,0.019124871119856834,0.03479701653122902
"H1 '08 H1 '07 Q2 '08 Q2 '07 in mln euro , unless otherwise stated Net sales 386 328.6 201 160.7 Operating profit 46.3 35.8 23.2 9.5 Pre-tax profit 33.6 26.9 18.7 5.1 Net profit 25.1 25.4 14 4.0 EPS in euro 2.20 2.36 1.24 0.38 1.0 euro = $ 1.60 www.componenta.com",1,neutral,neutral,0.9153593182563782,0.02666940912604332,0.057971324771642685,0.9153593182563782
"Qualcomm estimated a first-quarter profit between 46 and 50 cents a share , excluding certain items , below the analyst estimate of 61 cents a share .",0,negative,negative,0.9701236486434937,0.011420508846640587,0.9701236486434937,0.01845572330057621
"The approximately 20,000 dwt vessel has been ordered from India .",1,neutral,neutral,0.8401385545730591,0.15110227465629578,0.008759192191064358,0.8401385545730591
FINANCING OF ASPOCOMP 'S GROWTH Aspocomp is aggressively pursuing its growth strategy by increasingly focusing on technologically more demanding HDI printed circuit boards PCBs .,2,positive,positive,0.8735625743865967,0.8735625743865967,0.007158035412430763,0.1192794218659401
"The contract includes software licences , application maintenance and training .",1,neutral,neutral,0.9345550537109375,0.052182093262672424,0.013262920081615448,0.9345550537109375
"Metsaliitto will sell 1.1 million B shares of Neomarkka , accounting for about 18.3 pct of Neomarkka 's equity and about 12.7 pct of the voting rights .",1,neutral,neutral,0.9437640309333801,0.04317769035696983,0.013058219105005264,0.9437640309333801
"The Swedish buyout firm has sold its remaining 22.4 percent stake , almost eighteen months after taking the company public in Finland .",1,neutral,neutral,0.9370194673538208,0.036637719720602036,0.02634277381002903,0.9370194673538208
Finnish glass technology group Glaston Corporation ( OMX Helsinki : GLA1V ) reported on Thursday ( 14 August ) an operating profit of EUR6 .5 m on net sales of EUR201 .5 m for the period January-September 2008 .,1,neutral,neutral,0.929226815700531,0.04974435269832611,0.021028783172369003,0.929226815700531
"In addition , MIDs are always online and enable full Internet browsing .",1,neutral,neutral,0.9359506964683533,0.05176710709929466,0.012282206676900387,0.9359506964683533
"Based in Helsinki , Finland , Ramirent has branches in 13 Nordic , central and Eastern European countries .",1,neutral,neutral,0.9245616793632507,0.06320034712553024,0.012238001450896263,0.9245616793632507
"HUHTAMAKI OYJ STOCK EXCHANGE RELEASE 16.12.2008 AT 09:30 Huhtamaki Oyj has resolved to clarify the Group structure by separating the Foodservice and Consumer Goods businesses in its production unit in Hameenlinna , Finland by transferring the businesses into its wholly owned subsidiaries .",1,neutral,neutral,0.9418933987617493,0.03595918044447899,0.022147471085190773,0.9418933987617493
Market data and analytics are derived from primary and secondary research .,1,neutral,neutral,0.9500176310539246,0.025211652740836143,0.024770740419626236,0.9500176310539246
Earnings per share ( EPS ) in 2005 decreased to EUR1 .87 from EUR1 .89 in 2003 .,0,negative,negative,0.9755257368087769,0.007094887550920248,0.9755257368087769,0.017379501834511757
It was decided that the auditors are reimbursed according to invoice .,1,neutral,neutral,0.9429420828819275,0.03931179642677307,0.017746154218912125,0.9429420828819275
The trade is in accordance with the agreement announced on 26 March 2008 .,1,neutral,neutral,0.9142556190490723,0.07423197478055954,0.01151236891746521,0.9142556190490723
"Jensen , Njastein and Mike Critch , the head of Dovre North America business unit , will report to Toivola .",1,neutral,neutral,0.9459922313690186,0.02418227307498455,0.02982553094625473,0.9459922313690186
"The planned facility , estimated to cost around $ 814 million , would be the largest biodiesel plant in the world , and use palm oil certified by the Roundtable on Sustainable Palm Oil ( RSPO ) .",2,positive,neutral,0.6242288947105408,0.36869969964027405,0.007071443367749453,0.6242288947105408
- Cash flow from operating activities before investments was EUR 7.6 million EUR 2.5 million .,1,neutral,neutral,0.9258103966712952,0.023736482486128807,0.050453122705221176,0.9258103966712952
"The adapter , awarded with the `` Certified Integration for SAP -« ; NetWeaver '' endorsement , integrates Basware s invoice automation and procurement solutions with more than 200 different ERP systems .",2,positive,positive,0.8564136028289795,0.8564136028289795,0.00612593675032258,0.13746041059494019
credit 20 November 2009 - Finnish glass technology company Glaston Oyj Abp ( HEL : GLA1V ) said today it concluded a EUR74m revolving credit facility agreement with its core banks .,2,positive,positive,0.9421817660331726,0.9421817660331726,0.021974090486764908,0.03584415465593338
"After completion of the acquisition , Poyry 's oil and gas expertise will cover multi-discipline engineering and consulting services across the complete oil and gas asset lifecycle , including deepwater engineering services .",1,neutral,neutral,0.8341549038887024,0.15842171013355255,0.007423394359648228,0.8341549038887024
"At this growth rate , paying off the national debt will be extremely painful .",0,negative,negative,0.9556336998939514,0.011385509744286537,0.9556336998939514,0.032980773597955704
Finnish electrical components maker Salcomp Oyj ( HEL : SAL1V ) announced today the launch of its latest Twist charger platform .,1,neutral,neutral,0.6318936347961426,0.3609897792339325,0.007116545923054218,0.6318936347961426
"According to preliminary information by the Finnish Forest Industries Federation , imports of roundwood to Finland increased to about 20 million m3 in 2005 , representing an increase of 15 % from 2004 .",1,neutral,positive,0.9534267783164978,0.9534267783164978,0.020704519003629684,0.025868741795420647
"A total of 750,330 new Citycon shares with a nominal value of EUR 1.35 per share were subscribed in December exercising the A-B-C options based on the company 's stock option plan 1999 .",1,neutral,neutral,0.9315304756164551,0.05599355325102806,0.012475928291678429,0.9315304756164551
Mr Lee said he hoped that Neste 's move will ` pave the way for more collaboration projects between our two countries ' .,2,positive,positive,0.9353703260421753,0.9353703260421753,0.012043171562254429,0.05258648842573166
"Honkarakenne 's customer in this project is one of the biggest real estate companies in Kazakhstan , according to the company .",1,neutral,neutral,0.8993012309074402,0.09278679639101028,0.00791198667138815,0.8993012309074402
Net sales of Finnish food industry company L+ñnnen Tehtaat 's continuing operations increased by 13 % in 2008 to EUR 349.1 mn from EUR 309.6 mn in 2007 .,2,positive,positive,0.9548366069793701,0.9548366069793701,0.023459527641534805,0.021703852340579033
"PCS Digital Guatemala has been using Tecnomen 's prepaid system in Telgua fixed networks as well as code division multiple access , or CDMA , and global system for mobile communication , or GSM , since 2003 .",1,neutral,neutral,0.9101369976997375,0.08067706972360611,0.009185892529785633,0.9101369976997375
Donations to universities The Annual General Meeting authorized the Board of Directors to donate max .,1,neutral,neutral,0.8914441466331482,0.09529095888137817,0.013264901004731655,0.8914441466331482
"Vaahto , which has entered the deal via its subsidiary Vaahto Pulp & Paper Machinery , will supply two of the units in the end of 2010 , while the remaining ones are expected for delivery in the beginning of 2011 .",2,positive,neutral,0.9336005449295044,0.0533183217048645,0.013081097044050694,0.9336005449295044
Capitex Kalmar will continue to be responsible for the maintenance and technical development of the services .,1,neutral,neutral,0.9092837572097778,0.08202317357063293,0.008693142794072628,0.9092837572097778
"M-real generated a turnover of EUR5 .6 bn in 2006 and has 15,500 employees .",1,neutral,neutral,0.9395133852958679,0.029832659289240837,0.03065388649702072,0.9395133852958679
"The Group owns and operates a fleet of more than 800dwt , while container capacity is 17,000 TEUs , and manages a diversified fleet of its own railway rolling stock of over 17,000 units .",1,neutral,neutral,0.9295185804367065,0.05974629893898964,0.010735128074884415,0.9295185804367065
Affecto has helped SKAT to set up the platform and has previously delivered several Business Intelligence projects for SKAT .,1,neutral,neutral,0.902443528175354,0.08766453713178635,0.009891893714666367,0.902443528175354
Earnings per share EPS in the first quarter amounted to a loss of EUR0 .20 .,1,neutral,negative,0.8988422751426697,0.024483272805809975,0.8988422751426697,0.0766744539141655
Industry Investment is very interested in Glaston 's solar energy projects .,2,positive,neutral,0.7704798579216003,0.22227460145950317,0.0072455573827028275,0.7704798579216003
Border Guard Service has banned the mooring of the company car-shipping ferry on its test travel at the railroad-car terminal of the Russian port as the border checkpoint is not yet ready .,0,negative,negative,0.9108859300613403,0.010319184511899948,0.9108859300613403,0.07879490405321121
Finnish-Swedish TietoEnator is expanding its business quickly in Russia .,2,positive,positive,0.8686211705207825,0.8686211705207825,0.007765494287014008,0.1236133724451065
"Operating profit totalled EUR 1.22 mn , down from EUR 3.56 mn in the first quarter of 2008 .",0,negative,negative,0.9768462777137756,0.009004593826830387,0.9768462777137756,0.014149174094200134
He said : `` It is for sale again and we will be actively marketing it .,1,neutral,positive,0.8026952147483826,0.8026952147483826,0.008823977783322334,0.1884808987379074
"In addition to its stake in MegaFon , Telecominvest currently owns 100 % of shares in Web Plus and St. Petersburg Payphones , 51 % in telecom equipment producer Peter-Servis and a number of other minor assets .",1,neutral,neutral,0.9527242183685303,0.02914016880095005,0.018135642632842064,0.9527242183685303
The Board of Directors has proposed the Extraordinary General Meeting to authorise the Board to decide on the issuance of a maximum of 30mn new shares in one or more share issues .,1,neutral,neutral,0.9259167909622192,0.06156525760889053,0.012517997063696384,0.9259167909622192
"Target company : Tieto Corporation , Business Identity Code : 0101138-5 Date of change in holding : 22 January 2010 Portion of the shares and votes : The current group holding of OP-Pohjola Group Central Cooperative ( OPK ) is 2982 587 shares , which represents 4.14 % of the shares and voting rights .",1,neutral,neutral,0.9565519094467163,0.023520920425653458,0.019927242770791054,0.9565519094467163
Danske Bank is Denmark 's largest bank with 3.5 million customers .,1,neutral,neutral,0.895061731338501,0.0937998965382576,0.011138330213725567,0.895061731338501
Kaupthing Bank will publish its annual results for 2007 before markets open on Thursday 31 January .,1,neutral,neutral,0.918742835521698,0.016850121319293976,0.06440705806016922,0.918742835521698
As a part of the agreement 10 employees from the John Deere Forestry documentation functions will transfer to DokuMentori Oy .,1,neutral,neutral,0.9264469146728516,0.06142731383442879,0.01212582178413868,0.9264469146728516
"Its main business area , the Glass Machinery Group of Glaston Technologies , is the global market leader in glass processing machines .",2,positive,positive,0.7619031667709351,0.7619031667709351,0.006823665928095579,0.23127317428588867
"Following the payment made in April , the company has a total of EUR 23.0 million in loans from financial institutions .",1,neutral,neutral,0.8636741638183594,0.1250612884759903,0.01126450952142477,0.8636741638183594
"The Web-Marela application handles invitations to quote , quote comparisons , agreements , purchases , invoice inspections , inventory management , and deliveries .",1,neutral,neutral,0.94688880443573,0.021158119663596153,0.031953126192092896,0.94688880443573
"Garmin fell 4.5 percent to $ 34.53 at 1:33 p.m. in New York , while Google slid 0.7 percent at $ 576.50 .",1,neutral,negative,0.9687970280647278,0.007388727739453316,0.9687970280647278,0.023814357817173004
The vessels are the largest and fastest ropax vessels in the world that will be built by Fincantieri .,1,neutral,neutral,0.7642289400100708,0.22814005613327026,0.0076309931464493275,0.7642289400100708
Finnish Outokumpu Technology has been awarded several new grinding technology contracts .,2,positive,positive,0.9500421285629272,0.9500421285629272,0.013916985131800175,0.03604089468717575
"Earlier today , Geberit 's Finnish rival Uponor OYJ cut its full-year sales growth forecast to 6 pct from 10 pct , blaming tough conditions in Germany and the US , as well as currency factors .",0,negative,negative,0.9734609723091125,0.008984334766864777,0.9734609723091125,0.01755462773144245
"According to Ringman , Finnish paper companies have acquired know-how and capacity in paper recycling , which has turned out to be a successful strategy .",2,positive,positive,0.9307768940925598,0.9307768940925598,0.010109183378517628,0.059113889932632446
Our purchase to pay solutions enable companies to gain visibility and control over business-critical financial processes .,1,neutral,positive,0.7551109790802002,0.7551109790802002,0.007139377295970917,0.23774968087673187
Consumption is forecast to grow by about 2 % .,2,positive,positive,0.9194737076759338,0.9194737076759338,0.00999737810343504,0.07052887231111526
"So , at the present time Nokian tires had the contract of tires production in China .",1,neutral,neutral,0.9253247976303101,0.061727263033390045,0.01294795423746109,0.9253247976303101
"Fortum holds 90.2 pct of the share capital and 94.4 pct of the voting rights in the company , which it now plans to delist from the Warsaw Stock Exchange .",1,neutral,neutral,0.9279903769493103,0.016245583072304726,0.05576407536864281,0.9279903769493103
"The Annual Report contains the financial statements , the consolidated financial statements , the report by the Board of Directors and the auditor 's report .",1,neutral,neutral,0.9432238936424255,0.01899934746325016,0.03777671977877617,0.9432238936424255
"The company said that currently the French distribution unit Ragot is located in Loudeac , Normandy , the distribution unit Waterqueen and line supplier Tortue in Saint Marcel in mid-France and the hook manufacturing unit VMC and hook distribution unit VMC Europe in Morvillars .",1,neutral,neutral,0.9534942507743835,0.023402787744998932,0.02310289442539215,0.9534942507743835
The earnings in the comparative period included a capital gain of EUR 8mn from the sale of OMX shares .,1,neutral,neutral,0.7642036080360413,0.2267225831747055,0.009073770605027676,0.7642036080360413
Finnish component supplier Componenta Corporation OMX Helsinki : CTH1V said on Monday 16 June that it is changing its pricing cycle due to the increase of raw material prices .,1,neutral,neutral,0.7289021611213684,0.10615630447864532,0.16494151949882507,0.7289021611213684
"Finnish property investor Sponda said it has agreed a 100 mln eur , five-year mln credit facility with Swedbank and a 50 mln eur , seven-year facility with OKO Bank .",1,neutral,positive,0.9272761940956116,0.9272761940956116,0.013097632676362991,0.05962609127163887
Pharmaceuticals - Czech Republic This brand-new market analysis gives a clear overview of the actual situation and future outlook of the pharmaceutical market in Czech Republic .,1,neutral,neutral,0.9306343793869019,0.054069265723228455,0.01529633067548275,0.9306343793869019
"The EBRD is using its own funds to provide a 21.6 million A loan while the B portion of 10 million Euros has been syndicated to two Finnish commercial banks , Nordea Bank Finland Plc 7.7 million Euros and Pohjola Bank Plc 2.3 million Euros .",1,neutral,neutral,0.9008776545524597,0.08737688511610031,0.011745479889214039,0.9008776545524597
"RK Group , headquartered in Vantaa , Finland , is one of Europe 's leading machinery rental services .",1,neutral,neutral,0.5739397406578064,0.4181997776031494,0.00786049198359251,0.5739397406578064
These module products will be available for trials during 3Q-07 and for volume deliveries during 4Q-07 .,1,neutral,neutral,0.8836709856987,0.10768565535545349,0.008643407374620438,0.8836709856987
The bridge will be 1.2 km long and is located between Anasmotet by the road E20 and the new traffic junction in Marieholm by the road E45 .,1,neutral,neutral,0.8960331082344055,0.09367548674345016,0.01029137708246708,0.8960331082344055
"According to CEO Matti Karppinen , Frozen Foods posted a good result in 2010 , as it did in 2009 .",2,positive,positive,0.9561248421669006,0.9561248421669006,0.020857153460383415,0.02301807515323162
The company specialises in temporary electrification and heating at construction sites .,1,neutral,neutral,0.9354107975959778,0.05049809068441391,0.01409104187041521,0.9354107975959778
"Citigroup , Inc ( NYSE : C ) has announced that its Global Transaction Services ( GTS ) business has been awarded a new mandate by Finland-based Pohjola Bank Group .",2,positive,positive,0.938544750213623,0.938544750213623,0.010110818780958652,0.05134442821145058
Juha Haapakoski will continue as Editor-in-Chief with budget responsibility also with the new publisher .,1,neutral,neutral,0.9526892304420471,0.028226546943187714,0.01908417046070099,0.9526892304420471
Pharmaceuticals - Poland This brand-new market analysis gives a clear overview of the actual situation and future outlook of the pharmaceutical market in Poland .,1,neutral,neutral,0.9281527400016785,0.057087209075689316,0.014760078862309456,0.9281527400016785
"Following the impact , the Altima hit a utility pole , causing a live electric line to fall onto the roadway .",1,neutral,negative,0.9014267325401306,0.016538888216018677,0.9014267325401306,0.08203432708978653
The aim is to convert the plants into flexible manufacturers of new and technologically demanding products .,2,positive,positive,0.6069212555885315,0.6069212555885315,0.007554369512945414,0.3855243921279907
"The deal , already approved by shareholders , will be carried out in the first half of 2011 .",1,neutral,neutral,0.8603169322013855,0.1309484988451004,0.008734608069062233,0.8603169322013855
"The Filter Tips cover the volume range from 0.1-1200 -Ál including new sizes for 10 , 20 , 100-120 , 200 , 300 , 1000 and 1200 -Ál volume capacities .",1,neutral,neutral,0.8516892194747925,0.1399286389350891,0.008382179774343967,0.8516892194747925
M+ñkel+ñ is demanding a new Board for the company as well as discussions on the merger of Alma media and media company Talentum .,1,neutral,neutral,0.9429247975349426,0.036384835839271545,0.020690297707915306,0.9429247975349426
The prices of stainless steel also rose in Europe .,1,neutral,positive,0.9095725417137146,0.9095725417137146,0.01991228014230728,0.07051514089107513
"The decision will have to be made whether the group agrees to the import of Estonian meat and meat products to Finland , the paper added .",1,neutral,neutral,0.8905563354492188,0.08706320822238922,0.022380491718649864,0.8905563354492188
VNH generates annual net sales of about 5 mln eur and employs 21 people .,1,neutral,neutral,0.9459455013275146,0.03735705465078354,0.016697390004992485,0.9459455013275146
"Scanfil , a systems supplier and contract manufacturer to the communications sector , will give notice to 20 productional employees , and temporarily lay off 15 employees at the company 's plant in Sievi , in Finland .",0,negative,negative,0.9675824642181396,0.0064067658968269825,0.9675824642181396,0.02601083554327488
UPM-Kymmene is one of the world 's leading printing paper producers with production in 15 countries and a sales network covering more than 170 companies .,2,positive,positive,0.5686236619949341,0.5686236619949341,0.007931039668619633,0.42344534397125244
"S&P has kept its `` sell '' rating , while Nordea and UBS have reaffirmed their `` buy '' recommendations .",1,neutral,neutral,0.6456997990608215,0.19795295596122742,0.15634730458259583,0.6456997990608215
"As of August 2008 , Glaston 's North Asian sales and service region is upgraded to a new market area , North Asia .",1,neutral,neutral,0.6522288918495178,0.3401423394680023,0.00762880127876997,0.6522288918495178
"According to product manager Lassi Hietanen , building a power plant that burns mixed waste in Helsinki may not be a good idea because this reduces the production of combined power plants using natural gas .",1,neutral,negative,0.5482907891273499,0.032364726066589355,0.5482907891273499,0.4193445146083832
"`` The industry is coming to an interesting fork in the road as both handset manufacturers and wireless carriers attempt to serve as the portal for Web-based service to your wireless handset , '' he wrote .",1,neutral,positive,0.4970422685146332,0.4970422685146332,0.011582993902266026,0.4913747310638428
"Finnish pulp and paper machinery maker Vaahto Group Oyj swung to a 1.1 mln euro $ 1.4 mln net profit in the fiscal 2005-06 , ended August 31 , 2006 , from a 249,000 euro $ 319,000 net loss in the fiscal 2004-05 .",2,positive,positive,0.9169297814369202,0.9169297814369202,0.06521595269441605,0.01785420998930931
"Operating profit was EUR 0.6 mn , up from a loss of EUR 19mn a year earlier .",2,positive,positive,0.9567199945449829,0.9567199945449829,0.021524151787161827,0.021755842491984367
"Shares of Standard Chartered ( STAN ) rose 1.2 % in the FTSE 100 , while Royal Bank of Scotland ( RBS ) shares rose 2 % and Barclays shares ( BARC ) ( BCS ) were up 1.7 % .",2,positive,positive,0.9487479329109192,0.9487479329109192,0.01801108568906784,0.03324095904827118
"In 2007 , Alma Media 's operating profit was about EUR 53mn .",1,neutral,neutral,0.9398916363716125,0.02958536148071289,0.03052295744419098,0.9398916363716125
Finland 's Poyry Energy has won a contract to advise builders of a new cogeneration power plant in Lithuania 's second-biggest city of Kaunas and to supervise the construction process .,2,positive,positive,0.9337964057922363,0.9337964057922363,0.01266791857779026,0.05353568121790886
"After the transaction , Herttaassa 's holding in Alma Media has fallen below the flagging limit of 5 % .",1,neutral,negative,0.7479724287986755,0.2122458517551422,0.7479724287986755,0.039781682193279266
Operating profit improved to EUR 20.3 mn from EUR 11.4 mn .,2,positive,positive,0.9540868997573853,0.9540868997573853,0.025803780183196068,0.0201092716306448
The company does not at present hold any of its own shares .,1,neutral,neutral,0.943428099155426,0.016225388273596764,0.040346529334783554,0.943428099155426
hu will offer a further discount of between 25 % and 50 % on selected books .,1,neutral,neutral,0.886065661907196,0.10421712696552277,0.009717212989926338,0.886065661907196
The company is presently examining whether the project would be financially feasible .,1,neutral,neutral,0.755581259727478,0.22915087640285492,0.015267891809344292,0.755581259727478
The solution will be installed in the USA to support the North American operations of the customer .,1,neutral,positive,0.5018223524093628,0.5018223524093628,0.006874736398458481,0.4913029670715332
Sales rose 10 pct to 566 mln eur on the back of strong volume and favourable currency effects .,2,positive,positive,0.9538790583610535,0.9538790583610535,0.019987409934401512,0.026133567094802856
"According to HK Ruokatalo , almost all the meat used by the company comes from Finland .",1,neutral,neutral,0.9454874992370605,0.03266361355781555,0.021848881617188454,0.9454874992370605
The initial estimated total value was 1744900 EUR and the final award value was 1744900 EUR .,1,neutral,neutral,0.9507933259010315,0.03060368448495865,0.018603026866912842,0.9507933259010315
"In the Baltic countries , development of operations and reorganisation continued , and non-recurring items related to the takeover process lowered earnings .",0,negative,negative,0.9700708389282227,0.010895914398133755,0.9700708389282227,0.019033189862966537
Pretax loss totalled EUR 162.3 mn compared to a profit of EUR 253.5 mn in 2007 .,0,negative,negative,0.974513590335846,0.01692754589021206,0.974513590335846,0.008558924309909344
"Further concrete cooperation is also carried out through various projects , doctoral theses and diploma dissertations .",1,neutral,positive,0.541927695274353,0.541927695274353,0.0075644622556865215,0.4505078196525574
"`` Each year , personal entertainment plays a more significant role in determining whether a fitness facility 's workout experience is pleasurable or a chore , '' said Brian Wilson , director of marketing for Precor 's Entertainment & Services Division .",1,neutral,neutral,0.872107982635498,0.11037501692771912,0.017516998574137688,0.872107982635498
Cash flow from operations rose to EUR 52.7 mn from EUR 15.6 mn in 2007 .,2,positive,positive,0.9517328143119812,0.9517328143119812,0.0284213088452816,0.019846012815833092
"As a result of the merger , the largest professional electronics and telecommunications technology contract manufacturing center in Finland will be formed in Sievi .",1,neutral,neutral,0.7262797355651855,0.26642748713493347,0.007292780559509993,0.7262797355651855
Country : ; Germany Sector : Construction-Real Estate ; Machinery-Engineering Target : Caverion GmbH Buyer : YIT Oyj Deal size in USD : 90.3 m Type : Corporate acquisition Status : Agreed,1,neutral,neutral,0.9041731953620911,0.08535614609718323,0.0104706771671772,0.9041731953620911
"Finnish Larox has signed a contract with the Talvivaara Project for the delivery of filters to the Talvivaara nickel mine in Sotkamo , in Finland .",2,positive,positive,0.9395426511764526,0.9395426511764526,0.015185886062681675,0.04527135565876961
Finnair 's total traffic decreased by 8.7 % in terms of revenue passenger kilometres .,0,negative,negative,0.9756550788879395,0.007589016109704971,0.9756550788879395,0.01675594039261341
Saunalahti is a part of the Elisa group .,1,neutral,neutral,0.943960964679718,0.04171047359704971,0.014328574761748314,0.943960964679718
"Entire paper mills may be set up , especially in the new EU member states .",1,neutral,neutral,0.8670332431793213,0.12345504015684128,0.009511713869869709,0.8670332431793213
The combined company had pro-forma net sales of 140 mln euro $ 188.9 mln and an operating profit of 13 mln euro $ 17.5 mln for 2006 .,1,neutral,neutral,0.9264833331108093,0.05713124945759773,0.016385436058044434,0.9264833331108093
"However , the company saw its net profit for the third quarter down to EUR1 .4 m from EUR1 .5 m for the corresponding period of 2009 .",0,negative,negative,0.974240243434906,0.012996925972402096,0.974240243434906,0.012762813828885555
Sanoma News ' advertising sales decreased by 22 % during the year .,0,negative,negative,0.9743121266365051,0.006723445374518633,0.9743121266365051,0.018964499235153198
"Nordea Bank ( STO : NDA ) and Sampo Bank have helped Finnish real estate investment company Sponda ( HEL : SDA1V ) place a EUR100m ( USD125 .4 m ) domestic bond , the company said Friday .",2,positive,positive,0.9080352187156677,0.9080352187156677,0.011504734866321087,0.08046011626720428
This PC application allows users to copy files and other data from their Nokia mobile device to their computer as well as create backup content .,1,neutral,neutral,0.9496544003486633,0.026739930734038353,0.02360566146671772,0.9496544003486633
M. and a Master of Business Administration MBA .,1,neutral,neutral,0.8551403880119324,0.11172816902399063,0.03313145786523819,0.8551403880119324
"The Brazilian unit of Finnish security solutions provider F-Secure signed up 1,500 new clients last year , online news source Reseller Web quoted the division 's commercial director , Vladimir Brand+úo , as saying .",2,positive,positive,0.8825005292892456,0.8825005292892456,0.013261514715850353,0.10423795133829117
Elcoteq expects its net sales for the last quarter of 2010 to be on the level of the third quarter .,1,neutral,positive,0.7724137306213379,0.7724137306213379,0.016557661816477776,0.211028590798378
"Finnish newspaper publisher Sanoma , of media group SanomaWSOY , is merging its free sheets Uutislehti 100 and Metro as of mid-September 2008 to form a new free sheet to be named Metro .",1,neutral,neutral,0.9362135529518127,0.05178498104214668,0.012001465074717999,0.9362135529518127
The company may at any time have in its possession one tenth of all its shares at the maximum .,1,neutral,neutral,0.9461577534675598,0.02026006393134594,0.033582158386707306,0.9461577534675598
The planned ethanol and energy production plant can operate in correlation with a waste treatment unit or a paper mill .,1,neutral,neutral,0.9376553297042847,0.05053092911839485,0.011813727207481861,0.9376553297042847
"Currently , the plant operates on full capacity .",1,neutral,neutral,0.7675377130508423,0.22367258369922638,0.008789663203060627,0.7675377130508423
"Cohen & Steers , Inc. : 5 534 626 shares representing 4.985 % of the share capital and voting rights .",1,neutral,neutral,0.9499040246009827,0.035699378699064255,0.014396553859114647,0.9499040246009827
Runway Visual Range is a calculated assessment of the distance that a pilot can see down a runway .,1,neutral,neutral,0.9022215604782104,0.027691923081874847,0.0700865238904953,0.9022215604782104
He said things will be different when new Finnish nuclear power stations go into operation and the large hydro powered stations of northern Europe have a good year .,1,neutral,neutral,0.7718892097473145,0.21348652243614197,0.014624216593801975,0.7718892097473145
Teleste was set up in 1954 and is divided into Broadband Cable Networks and Video Networks business areas .,1,neutral,neutral,0.9535356760025024,0.02865535207092762,0.017808955162763596,0.9535356760025024
The objective of the planned measures is to achieve significant savings in the next few years .,2,positive,positive,0.9061747193336487,0.9061747193336487,0.00998985767364502,0.0838354229927063
The company now estimates its net sales in 2010 to increase considerably from 2009 and its operating result to be clearly positive .,2,positive,positive,0.9530561566352844,0.9530561566352844,0.020629918202757835,0.02631390653550625
"Net sales surged by 18.5 % to EUR167 .8 m. Teleste said that EUR20 .4 m , or 12.2 % , of the sales came from the acquisitions made in 2009 .",2,positive,positive,0.949585497379303,0.949585497379303,0.01519611943513155,0.03521842509508133
The StoneGate product is centrally manageable and suited for both physical and virtual environments .,1,neutral,neutral,0.8176619410514832,0.17439644038677216,0.007941619493067265,0.8176619410514832
Finnish operator Elisa and Aker Yards have signed a long-term service deal through which Elisa will deliver all necessary voice and data services for Aker Yards in Finland .,2,positive,positive,0.9379358291625977,0.9379358291625977,0.015062367543578148,0.047001853585243225
Basware offers full support for all SAP versions starting from SAP 4.5 .,1,neutral,neutral,0.8669873476028442,0.12485317140817642,0.008159464225172997,0.8669873476028442
"Nokia OYJ 's production site at Bochum , Germany , posted profit before interest of 134 mln eur for 2007 , Capital reported in an excerpt of an article to be released tomorrow , citing internal documents .",1,neutral,neutral,0.9062528610229492,0.04438465088605881,0.04936256632208824,0.9062528610229492
Operating profit increased by 145.1 % to EUR 8.3 mn from EUR 3.4 mn .,2,positive,positive,0.9523863792419434,0.9523863792419434,0.0234939344227314,0.024119731038808823
Two of these contracts are for turntable anode vibrocompactors that will be delivered to Gansu Hualu Aluminum Co Ltd and another unnamed costumer .,1,neutral,neutral,0.8555628657341003,0.1344774216413498,0.009959784336388111,0.8555628657341003
"The most important export markets are Norway , Germany , Russia and France .",1,neutral,neutral,0.8914298415184021,0.09724926948547363,0.011320878751575947,0.8914298415184021
"Finnish Suominen Corporation that makes wipes , nonwovens , and flexible packaging , expects changes in the market situation to reduce sales of Suominen 's nonwovens and wet wipes from the previously estimated volumes .",0,negative,negative,0.9655092358589172,0.013119439594447613,0.9655092358589172,0.021371377632021904
"N +1 Group will pay EUR16 .5 m of the transaction price upon closing , and the remaining sum in 2012 .",1,neutral,neutral,0.9463992714881897,0.033770982176065445,0.0198297668248415,0.9463992714881897
"Finnish AC drives manufacturer Vacon is acquiring the AC drives business of TB Wood 's , part of the US group Altra Holdings .",1,neutral,neutral,0.9042853713035583,0.08616790175437927,0.009546681307256222,0.9042853713035583
"The business is organised , as of February 1 , 2011 , in a way that production of design services is combined into one entity , Etteplan Operations .",1,neutral,neutral,0.9526245594024658,0.031663928180933,0.015711545944213867,0.9526245594024658
The company said it estimates to make a slight profit thanks to cost-cutting measures .,2,positive,positive,0.9522435665130615,0.9522435665130615,0.021304642781615257,0.026451796293258667
"Finnish consulting and engineering group Poyry Plc ( OMX Helsinki : POY ) said on Wednesday ( 1 October ) that it has been awarded a contract by Tanqia Dibba FZC as owner-engineer for the wastewater system of Dibba , Emirate of Fujairah , UAE .",2,positive,positive,0.9400418400764465,0.9400418400764465,0.017458772286772728,0.04249940440058708
"ALEXANDRIA , Va. , Oct. 6 -- United States Patent no. 7,804,288 , issued on Sept. 28 , was assigned to Vacon Oyj ( Vaasa , Finland ) .",1,neutral,neutral,0.9421484470367432,0.04089117795228958,0.01696041040122509,0.9421484470367432
Talvivaara is listed on the London Stock Exchange Main Market and NASDAQ OMX Helsinki and is included in the FTSE 250 Index .,1,neutral,neutral,0.9461051225662231,0.0384259968996048,0.015468863770365715,0.9461051225662231
Also the development of online businesses will continue .,1,neutral,neutral,0.6807847619056702,0.3124927878379822,0.0067224400117993355,0.6807847619056702
Aktia forecasts Finland 's inflation at 1.1 % in 2010 .,1,neutral,neutral,0.7254142761230469,0.2183711677789688,0.05621461197733879,0.7254142761230469
"`` Indo-Russia trade can cross the targeted 10 billion dollars by 2010 and double to 20 billion dollars by 2015 , if trade irritants and procedural hassles are resolved , '' the chamber said in its survey on obstacles to trade with Russia .",2,positive,positive,0.7682305574417114,0.7682305574417114,0.1381339728832245,0.09363552182912827
Operating profit excluding non-recurring items was EUR 7.8 million compared to EUR 11.2 million .,0,negative,negative,0.8841903209686279,0.09798366576433182,0.8841903209686279,0.017825961112976074
"We offer our clients integrated management consulting , total solutions for complex projects and efficient , best-in-class design and supervision .",1,neutral,neutral,0.6698927283287048,0.3233165442943573,0.006790689658373594,0.6698927283287048
"They are responsible for their own operations , customer relationships , and the development of these .",1,neutral,neutral,0.9482066631317139,0.035756416618824005,0.016036881133913994,0.9482066631317139
"The sale will result in a capital loss of EUR5m for Solidium , which obtained Tikkurila shares in March 2010 .",0,negative,negative,0.5353637337684631,0.024212278425693512,0.5353637337684631,0.44042396545410156
"The study evaluated the safety , tolerability and pharmacokinetics of repeated doses of intravenously administered antibody in 26 patients with active plaque psoriasis .",1,neutral,neutral,0.7034022808074951,0.27745524048805237,0.01914246752858162,0.7034022808074951
"The Nokia Music Store begins trading on Tuesday , selling singles and albums as well as live music streaming .",1,neutral,neutral,0.9249008893966675,0.0561763159930706,0.01892278529703617,0.9249008893966675
"For the purposes of the possible acquisition , PKC would establish a subsidiary in Poland .",1,neutral,neutral,0.9174800515174866,0.07316017895936966,0.009359834715723991,0.9174800515174866
"Deutsche Beteiligungs , as well as a private equity fund it manages , first bought 75 % of MCE in a secondary buyout from White Plains , N.Y. , financial investor Andlinger & Co. in 2007 .",1,neutral,neutral,0.9177822470664978,0.07041352242231369,0.011804167181253433,0.9177822470664978
The total investment of the project will be approximately EUR 36m .,1,neutral,neutral,0.9046082496643066,0.08675146102905273,0.008640248328447342,0.9046082496643066
With the new production plant the company would increase its capacity to meet the expected increase in demand and would improve the use of raw materials and therefore increase the production profitability .,2,positive,positive,0.9478998184204102,0.9478998184204102,0.012433970347046852,0.03966613858938217
Repeats sees 2008 EBITA above 18 pct of sales .,2,positive,positive,0.9502188563346863,0.9502188563346863,0.020194681361317635,0.02958645112812519
"Cramo , headquartered in Vantaa , Finland , rents construction machinery and equipment , as well as rents and sells modular space .",1,neutral,neutral,0.9465648531913757,0.03599393367767334,0.017441270872950554,0.9465648531913757
L&T also acquired a 50 pct stake in local sector company Salvor Oy at the beginning of September 2007 .,1,neutral,neutral,0.9069191813468933,0.08364611864089966,0.009434668347239494,0.9069191813468933
"A spokesman said : `` The food store center , subject to council and local support , could comprise a supermarket or smaller store and other niche outlets , and this will be firmed up following consultation with the council and local community regarding appropriate uses and occupiers . ''",1,neutral,neutral,0.774852991104126,0.21576721966266632,0.009379817172884941,0.774852991104126
"The interim report for the first quarter is published on May 8 , 2009 .",1,neutral,neutral,0.9291000962257385,0.018003622069954872,0.052896298468112946,0.9291000962257385
It is also in the process of taking a seat on CapMan 's board - a course which has the support of CapMan management .,1,neutral,neutral,0.8745816946029663,0.1172514259815216,0.008166906423866749,0.8745816946029663
"industry in Asia +ó Pakistan , Malaysia , Taiwan and Philippines Today , Global Research & Data Services is going to publish several market analyses about the cement markets in Asia .",1,neutral,neutral,0.9369810819625854,0.04866457358002663,0.014354311861097813,0.9369810819625854
"Pre-tax loss totaled EUR 0.3 mn , compared to a loss of EUR 2.2 mn in the first quarter of 2005 .",2,positive,negative,0.5936274528503418,0.38824939727783203,0.5936274528503418,0.01812313124537468
`` The flex is a small price to pay for happy lenders . '',1,neutral,neutral,0.825350821018219,0.137376606464386,0.037272632122039795,0.825350821018219
"For the first nine months of 2010 , the company 's net profit rose to EUR41m from EUR30m for the corresponding period of 2009 .",2,positive,positive,0.9487900733947754,0.9487900733947754,0.025567296892404556,0.025642653927206993
"The contract covers the manufacturing , surface-treatment and installation of the steel structures .",1,neutral,neutral,0.9388770461082458,0.04607140272855759,0.015051565133035183,0.9388770461082458
"In January-September 2007 , operating profit totaled EUR 20.5 mn .",1,neutral,neutral,0.8909701704978943,0.04984549805521965,0.05918434262275696,0.8909701704978943
"Following the acquisitions , Panostaja will establish a new business unit which will focus on heat treatment of metals .",1,neutral,neutral,0.8865705132484436,0.1054895892739296,0.007939882576465607,0.8865705132484436
"The launch of the plant in June went well , and it has been producing the advanced fuel for a couple of weeks .",2,positive,positive,0.8355069160461426,0.8355069160461426,0.00791066512465477,0.15658247470855713
"Therefore , Phase III of the research will not be conducted by Abbott .",1,neutral,neutral,0.9558197855949402,0.026692092418670654,0.017488136887550354,0.9558197855949402
"Earnings per share for January-June 2010 were EUR0 .30 , an increase of 20 % year-on-year EUR0 .25 .",2,positive,positive,0.9564048647880554,0.9564048647880554,0.019037222489714622,0.024557940661907196
The contract will take effect in 2009 for a five or ten year period .,1,neutral,neutral,0.9356848001480103,0.04785307124257088,0.016462132334709167,0.9356848001480103
The total value of the project is valued at SEK 30bn ( EUR 2.83 bn USD 3.81 bn ) .,1,neutral,neutral,0.9100267887115479,0.08037342876195908,0.009599778801202774,0.9100267887115479
"M-real Corporation Press release on 3 November at 10:35 am M-real Corporation was the second best company in the materials sector including e.g. forest industry companies in the Carbon Disclosure Leadership Index CDLI , Nordic Report 2009 .",2,positive,positive,0.8913909792900085,0.8913909792900085,0.013010319322347641,0.0955987349152565
"The dividend will be paid on April 15 , 2008 to each of the shareholders who on the record date of April 8 , 2008 have been entered in the list of shareholders kept by the Finnish Central Securities Depository Ltd. .",1,neutral,neutral,0.9556184411048889,0.01881813071668148,0.025563431903719902,0.9556184411048889
The loss for the third quarter of 2007 was EUR 0.3 mn smaller than the loss of the second quarter of 2007 .,2,positive,negative,0.9328733682632446,0.05264122411608696,0.9328733682632446,0.01448539923876524
COMPTEL CORPORATION Sami Ervio President and CEO Distribution : NASDAQ OMX Helsinki Major media Comptel Dynamic OSS solutions enable telecom service providers to deliver services flexibly and charge them effectively .,1,neutral,neutral,0.7251673936843872,0.2668289542198181,0.008003671653568745,0.7251673936843872
"Finnish Suominen Corporation that specialises in wet wipes , nonwovens , and flexible packaging reports net sales of EUR 44.1 mn in the second quarter of 2010 , up from EUR 43.3 mn in the second quarter of 2009 .",2,positive,positive,0.9502047300338745,0.9502047300338745,0.03138267621397972,0.018412603065371513
Loss after taxes amounted to EUR 1.2 mn compared to a loss of 2.6 mn .,2,positive,positive,0.816045343875885,0.816045343875885,0.16230317950248718,0.02165144681930542
The business area 's net sales were slightly over 2m in 2006 .,1,neutral,neutral,0.8571479916572571,0.09877105802297592,0.044080957770347595,0.8571479916572571
"The order also covers design services , hardware , software licences , as well as maintenance services over six years .",1,neutral,neutral,0.9387901425361633,0.04916565865278244,0.012044214643537998,0.9387901425361633
SAMPO PLC Jarmo Salonen Head of Investor Relations and Group Communications tel. +358 10 516 0030 Distribution : NASDAQ OMX Helsinki The principal media Financial Supervisory Authority www.sampo.com This announcement is distributed by Thomson Reuters on behalf of Thomson Reuters clients .,1,neutral,neutral,0.9520226716995239,0.018585767596960068,0.02939155511558056,0.9520226716995239
Tracker G400 is a GPS collar for hunting dogs allowing to monitor the dog 's position and movements with a map application for mobile phones .,1,neutral,neutral,0.9291922450065613,0.05681415647268295,0.013993608765304089,0.9291922450065613
The divestment of Raisio 's margarine business in May 2009 gave the company a clearer focus on grain-based products .,2,positive,positive,0.8403609395027161,0.8403609395027161,0.0071980031207203865,0.15244099497795105
23 April 2010 - Finnish construction and engineering company Outotec Oyj HEL : OTE1V said today it slipped to a net loss of EUR7 .3 m in the first quarter of 2010 from a net profit of EUR12 .5 m in the corresponding period last year .,0,negative,negative,0.9764386415481567,0.01242476049810648,0.9764386415481567,0.01113667618483305
Uponor maintains its full-year guidance for 2010 .,1,neutral,neutral,0.927045464515686,0.052120640873909,0.020833870396018028,0.927045464515686
The result before taxes was a loss of 25.0 million euros .,1,neutral,neutral,0.7405359745025635,0.06865127384662628,0.19081270694732666,0.7405359745025635
"Raute posted a net profit of 1.8 mln euro $ 2.6 mln for the third quarter of 2007 , compared to a net loss of 299,000 euro $ 430,000 for the corresponding period of 2006 .",2,positive,positive,0.6499646902084351,0.6499646902084351,0.3230381906032562,0.026997163891792297
"The vessels also have to be environmentally friendly , fast , and have all modern conveniences .",1,neutral,neutral,0.8778789043426514,0.10874298214912415,0.013378052040934563,0.8778789043426514
1 Block lamp Harri Koskinen 's light was introduced in 1996 and has been a bestseller ever since .,2,positive,neutral,0.8727037906646729,0.11117776483297348,0.01611841283738613,0.8727037906646729
The company did not disclose the price of the acquisition .,1,neutral,neutral,0.9506288170814514,0.024280734360218048,0.025090496987104416,0.9506288170814514
"In Europe , the paper industry 's situation is paradoxical .",1,neutral,negative,0.6480674743652344,0.028385845944285393,0.6480674743652344,0.32354670763015747
"`` I am very pleased and proud of our performance last year , '' Chief Executive Juha Rantanen said in a statement .",2,positive,positive,0.9363347291946411,0.9363347291946411,0.017649546265602112,0.04601570963859558
"Under the deal , Know IT will pay SEK90m ( USD12 .8 m-EUR8 .6 m ) in cash and stock .",1,neutral,neutral,0.904561460018158,0.084183469414711,0.011255098506808281,0.904561460018158
"` This order is included in Wartsila 's order book in the second quarter , ' the company added .",1,neutral,neutral,0.9352940320968628,0.04743550717830658,0.017270471900701523,0.9352940320968628
No financial details were reported .,1,neutral,neutral,0.9165880084037781,0.020482417196035385,0.06292956322431564,0.9165880084037781
"`` Small firms are suffering at the moment because they are likely to have money trouble , '' he added .",0,negative,negative,0.9630458354949951,0.01409126352518797,0.9630458354949951,0.022862859070301056
"The address location is provided to a local controller , preferably by wireless transmission , which then uses the address location to access the appliance control module .",1,neutral,neutral,0.9530867338180542,0.02706943266093731,0.019843867048621178,0.9530867338180542
Some of the lay-offs will be implemented using part-time employment contracts .,1,neutral,negative,0.8619591593742371,0.018726032227277756,0.8619591593742371,0.11931480467319489
"The maximum obligated total trades per day is ISK 400,000,000 market value .",1,neutral,neutral,0.9499608874320984,0.02043878845870495,0.029600350186228752,0.9499608874320984
"A replay will be available until 27 October 2006 in the following numbers : US callers : +1 617-á801-á6888 , non-US callers : +44 20 7365 8427 , access code : 2659 5401 .",1,neutral,neutral,0.9547008872032166,0.025177735835313797,0.020121382549405098,0.9547008872032166
"At 1.33 pm , the OMX Helsinki 25 was 0.30 pct lower at 2,463.67 and the OMX Helsinki was down 0.37 pct at 8,537.42 on volume of 256 mln eur .",0,negative,negative,0.9686756134033203,0.007454067934304476,0.9686756134033203,0.023870350793004036
"Finnish property investment company Citycon will expand and refurbish +àkersberga shopping center in Stockholm , in Sweden .",1,neutral,positive,0.5567207932472229,0.5567207932472229,0.008764662779867649,0.434514582157135
EBIT excluding non-recurring items was estimated to increase from 2009 .,2,positive,positive,0.9557980895042419,0.9557980895042419,0.01940636709332466,0.024795521050691605
"As part of the transaction , M-real and Sappi have also signed a long-term agreement on the supply of pulp and BCTMP and other smaller services and supplies .",2,positive,positive,0.9232187867164612,0.9232187867164612,0.011576786637306213,0.06520441174507141
Return on capital employed ROCE was a negative 2.3 % compared to 11.3 % in 2007 .,0,negative,negative,0.9721020460128784,0.009463408961892128,0.9721020460128784,0.01843447797000408
"M-real , which is part of Finnish paper maker Metsaliitto Group , is due to release its second-quarter report at around 12:00 EET on 5 August 2010 .",1,neutral,neutral,0.9133206605911255,0.015673803165555,0.07100555300712585,0.9133206605911255
"Operating profit was EUR 24.5 mn , up from EUR 23.0 mn .",2,positive,positive,0.9562891721725464,0.9562891721725464,0.023152563720941544,0.02055823802947998
Commission income rose by 25.7 % to EUR 16.1 mn from EUR 12.8 mn in 2004 .,2,positive,positive,0.9529046416282654,0.9529046416282654,0.024094849824905396,0.02300049178302288
The capital structure of Solidium may be complemented by other financial instruments in the future .,1,neutral,neutral,0.8079731464385986,0.18459336459636688,0.007433564402163029,0.8079731464385986
The beers differ slightly from mainstream beers .,1,neutral,neutral,0.9048613905906677,0.07128075510263443,0.023857854306697845,0.9048613905906677
"Cramo is a service company specialising in construction machinery and equipment rental and rental-related services , as well as the rental and sale of modular space .",1,neutral,neutral,0.9383785724639893,0.04837174713611603,0.013249718584120274,0.9383785724639893
"At first , Solteq 's services to companies operating in the St. Petersburg area will include maintenance and material management systems and data collection solutions .",1,neutral,neutral,0.8604825139045715,0.13172930479049683,0.007788199931383133,0.8604825139045715
"Product deliveries will not be interrupted , the refiner said , giving no financial details .",1,neutral,neutral,0.8656734824180603,0.02681107260286808,0.10751548409461975,0.8656734824180603
"The Marubeni Group focuses on creating `` value chain '' from upstream to downstream , encompassing a wide variety of business fields , including oil & gas , metals , mineral resources , foods , pulp & paper and chemicals , among others .",1,neutral,neutral,0.8784055709838867,0.11365163326263428,0.007942857220768929,0.8784055709838867
No financial details were revealed .,1,neutral,neutral,0.9313795566558838,0.020156845450401306,0.048463620245456696,0.9313795566558838
"Tieto offers Aktia a good foundation and the required support services for implementing the update project , ' says Juha Volotinen , responsible for Aktia 's web services .",2,positive,positive,0.8913025259971619,0.8913025259971619,0.008145042695105076,0.10055247694253922
`` These developments partly reflect the government 's higher activity in the field of dividend policy . '',1,neutral,positive,0.7524203658103943,0.7524203658103943,0.013881961815059185,0.23369762301445007
"Tekla 's software solutions make customers ' core processes more effective in building and construction , energy distribution , infrastructure management and water supply .",1,neutral,neutral,0.6362708806991577,0.3561539351940155,0.007575221825391054,0.6362708806991577
A realignment of interests in the sector is clearly under way .,2,positive,positive,0.8885127305984497,0.8885127305984497,0.01075870729982853,0.10072849690914154
The proportion of Estonian and Lithuanian passengers on the Tallinn-Helsinki route also grew in July .,2,positive,positive,0.9567816257476807,0.9567816257476807,0.01571926288306713,0.027499036863446236
He joined Rautakirja in 1997 to lead one of its four business areas and took up the position of President and CEO in 2001 .,1,neutral,neutral,0.9199522137641907,0.06622198224067688,0.01382577233016491,0.9199522137641907
"Boomeranger Boats Oy specialises in boat building and designs , manufactures and sells customised Rigid Inflatable Boats RIB primarily for the Baltic Sea market .",1,neutral,neutral,0.9379912614822388,0.0472530871629715,0.014755667187273502,0.9379912614822388
Delivery will start immediately in June 2008 and will be completed in 2008 .,1,neutral,neutral,0.9116454720497131,0.07754271477460861,0.010811829008162022,0.9116454720497131
"Finnish plumbing and heating systems supplier Uponor 's net sales in continuing business operations decreased to EUR 249.1 mn in July-September 2008 , compared to EUR 262.1 mn in the third quarter of 2007 .",0,negative,negative,0.9759048819541931,0.0074910968542099,0.9759048819541931,0.016604097560048103
"Finnish W+ñrtsil+ñ that provides power solutions for the marine and energy markets has opened a Service Centre in Murmansk , in Russia .",1,neutral,neutral,0.7683140635490417,0.2242017537355423,0.007484192959964275,0.7683140635490417
No service pricing details were disclosed .,1,neutral,neutral,0.9427970051765442,0.02192234806716442,0.035280704498291016,0.9427970051765442
Roshan 's net sales in 2006 were $ 191 million and EBITDA was $ 66.5 million .,1,neutral,neutral,0.9438585638999939,0.033761028200387955,0.022380368784070015,0.9438585638999939
"October-December sales were 302 mln eur , or a 25.3 pct increase year on year .",2,positive,positive,0.9456830024719238,0.9456830024719238,0.031639598309993744,0.022677361965179443
"This new representation extends Comptel 's global presence to a total of 18 countries , serving over 250 customers in over 80 countries worldwide .",2,positive,positive,0.8931047916412354,0.8931047916412354,0.006273836828768253,0.10062143206596375
"The most loyal customers were found in the Bank of +àland , with an index of 8.0 .",2,positive,positive,0.7376688122749329,0.7376688122749329,0.01138194277882576,0.25094929337501526
Profit for the period increased from EUR 2.9 mn to EUR 10.5 mn .,2,positive,positive,0.9552605152130127,0.9552605152130127,0.020085467025637627,0.024653971195220947
"However , the brokers ' ratings on the stock differ .",1,neutral,neutral,0.9195079803466797,0.029803836718201637,0.05068816989660263,0.9195079803466797
`` We are pleased with the efforts of both negotiating teams and look forward to a productive four years ahead . '',2,positive,positive,0.9447519183158875,0.9447519183158875,0.014412217773497105,0.04083597660064697
"Handelsbanken ranked before Local Cooperative Banks and Aktia in customer loyalty this time too , however .",2,positive,positive,0.9273974895477295,0.9273974895477295,0.014981466345489025,0.057621076703071594
The German subsidiary will produce software development services for Ixonos Telecommunications Business Unit 's client projects .,1,neutral,neutral,0.9055658578872681,0.08557590842247009,0.008858276531100273,0.9055658578872681
A & euro ; 4.8 million investment in 13.6 % of Lewa netted Deutsche Beteiligungs & euro ; 21 million .,2,positive,neutral,0.928093433380127,0.055760107934474945,0.0161464661359787,0.928093433380127
Aspo has also investigated the sales opportunities of Kaukomarkkinat 's electronics business .,1,neutral,neutral,0.8918256163597107,0.08276434242725372,0.02541004680097103,0.8918256163597107
"`` We will continue to make it easier for users to explore services on their handsets and will work towards bringing Internet to a wider range of devices including mid and low-end devices , '' said Kallasvuo .",1,neutral,positive,0.8198587894439697,0.8198587894439697,0.006459120661020279,0.17368216812610626
"Under Finnish law , Parliament grants licences to build nuclear power plants .",1,neutral,neutral,0.8740131855010986,0.11521559208631516,0.01077121403068304,0.8740131855010986
"According to HKScan Finland , the plan is to increase J+ñrvi-Suomen Portti 's net sales to EUR 80mn to EUR 100mn .",2,positive,positive,0.9491135478019714,0.9491135478019714,0.015327764675021172,0.0355587974190712
The name of the buyer was not disclosed .,1,neutral,neutral,0.9400535225868225,0.02268407493829727,0.037262365221977234,0.9400535225868225
"The value of the deal exceeds EUR500 ,000 , the company said .",1,neutral,neutral,0.5471416711807251,0.44094544649124146,0.011912839487195015,0.5471416711807251
"The executive said that countries such as Brazil , Chile , Argentina and Mexico will lead the adoption in the business Ethernet services segment , while Brazil and Mexico will be the early adopters of carrier Ethernet for mobile backhaul .",1,neutral,neutral,0.7620697021484375,0.2299593687057495,0.007970921695232391,0.7620697021484375
The Group 's cash flow from operations will be positive .,2,positive,positive,0.948260486125946,0.948260486125946,0.01565941981971264,0.036080170422792435
"Country : , Finland Sector : Construction-Real Estate Target : Pohjolan Design-Talo Oy Buyer : CapMan Oyj Vendor : Ruukki Group Oyj Deal size in USD : 102.6 m Type : Divestment Status : Agreed",1,neutral,neutral,0.9390605092048645,0.04473751038312912,0.01620195247232914,0.9390605092048645
The new activity will incur an investment of about 5 MEUR .,1,neutral,neutral,0.8935279250144958,0.09820260107517242,0.008269465528428555,0.8935279250144958
"The business has sales of about ( Euro ) 35 million ( $ 44million ) , and has been responsible for sales and marketing of Lanxess 's paper chemicals business , which Kemira bought for ( Euro ) 88 million early this year ( CW , Jan. 11 , p. 22 ) .",1,neutral,neutral,0.9335486888885498,0.05387039855122566,0.012580877169966698,0.9335486888885498
"Honkarakenne mainly exports large luxury log houses to Russia to be used as one-family houses or holiday homes ; 70 % of sales go to the Moscow region , about 20 % to the St Petersburg region , and the remainder to other locations .",1,neutral,neutral,0.9428335428237915,0.04270586743950844,0.014460516162216663,0.9428335428237915
"According to Vauramo , the plant 's lifting equipment is suitable for Asian and for some Chinese trucks .",1,neutral,neutral,0.7208813428878784,0.27195093035697937,0.007167757023125887,0.7208813428878784
"Operating profit decreased to nearly EUR 1.7 mn , however .",0,negative,negative,0.9746065139770508,0.009417201392352581,0.9746065139770508,0.01597626693546772
And that 's exactly what happened on a recent weekday when an East Haven baker was brought in to remind residents about the Easter tradition of making wheat and rice pies .,1,neutral,neutral,0.8743904232978821,0.07849156856536865,0.04711800441145897,0.8743904232978821
"After the takeover , Cramo will become the second largest rental services provider in the Latvian market .",2,positive,positive,0.6822664141654968,0.6822664141654968,0.007438349537551403,0.3102952837944031
A new production line is being completed for the contract production of hormone treatments .,2,positive,positive,0.6867821216583252,0.6867821216583252,0.009521362371742725,0.3036966025829315
"Operating profit for the six-month period decreased from EUR21m , while net sales increased from EUR436 .9 m , as compared to the corresponding period in 2007 .",0,negative,negative,0.9741350412368774,0.009626354090869427,0.9741350412368774,0.01623854786157608
"The plant will go on stream in November 2008 and its estimated daily production will be 120,000 litres of bioethanol .",1,neutral,neutral,0.8922250270843506,0.09893868863582611,0.008836258202791214,0.8922250270843506
"Water Treatment Products In Australia Today , Global Research & Data Services is going to publish a market analysis about the market for chemical water treatment products in Australia .",1,neutral,neutral,0.9422178864479065,0.042614586651325226,0.015167606063187122,0.9422178864479065
Unilever 's Turun Sinappi that is made in Sweden holds 40 % of the market .,1,neutral,neutral,0.950308084487915,0.03234167769551277,0.01735018938779831,0.950308084487915
EUR 220 million of the transaction consideration was paid in the form of four-year interest-bearing vendor notes .,1,neutral,neutral,0.9442868232727051,0.03534369915723801,0.020369429141283035,0.9442868232727051
"UPM is the biggest producer of magazine paper in Europe , with a market share of over 30 pct , and it is likely to say that prices in the segment were at best flat during the quarter , analysts said .",1,neutral,positive,0.6106014847755432,0.6106014847755432,0.2877857983112335,0.10161269456148148
"( ADP News ) - Jan 22 , 2009 - Finnish mobile phones maker Nokia Oyj ( OMX : NOK1V ) said today its operating profit decreased to EUR 5 billion ( USD 6.5 bn ) for 2008 from EUR 8 billion for 2007 .",0,negative,negative,0.9757040739059448,0.007337329443544149,0.9757040739059448,0.016958581283688545
Sanoma Corporation wants a new and better frequency for the Helsinki metropolitan area .,1,neutral,neutral,0.5225546956062317,0.46801045536994934,0.009434826672077179,0.5225546956062317
Technical indicators for the stock are bullish and S&P gives NOK a positive 4 STARS out of 5 buy ranking .,2,positive,positive,0.9392371773719788,0.9392371773719788,0.022640284150838852,0.03812259063124657
Finnish department store chain Stockmann Oyj Abp net profit rose to 39.8 mln euro ( $ 56.8 mln ) for the first nine months of 2007 from 37.4 mln euro ( $ 53.4 mln ) for the same period of 2006 .,2,positive,positive,0.9525766372680664,0.9525766372680664,0.027723701670765877,0.01969967968761921
"Nokia bought Chicago-based Navteq in 2008 , acquiring a maps database to compete with Google s maps as well as with navigation device companies such as TomTom NV and Garmin Ltd. .",2,positive,positive,0.6791386604309082,0.6791386604309082,0.007908610627055168,0.3129527270793915
"POYRY PLC Additional information by : Martin Kuzaj , President , Industry Business Group , Finland Tel. +358 10 33 21179 Sanna Paivaniemi , Director , Investor Relations , Poyry PLC , Finland Tel. +358 10 33 23002 Poyry is a global consulting and engineering company dedicated to balanced sustainability .",1,neutral,neutral,0.8867113590240479,0.10507915914058685,0.008209416642785072,0.8867113590240479
"Paychex has more than 100 offices serving approximately 554,000 payroll clients nationwide as of May 31 , 2009 .",1,neutral,neutral,0.9320956468582153,0.05373746156692505,0.014166906476020813,0.9320956468582153
The transaction value is CAD 15 million approximately EUR 10 million .,1,neutral,neutral,0.9529340863227844,0.023779066279530525,0.023286903277039528,0.9529340863227844
"Wayne Greensmith , Fiskars Brands UK senior brand manager , said : `` We have launched this as we want to give something back to the community .",1,neutral,positive,0.6282908916473389,0.6282908916473389,0.009032774716615677,0.36267632246017456
Finnish beverage company Olvi is introducing a new long drink Olvi Kultalonkero ( `` golden long drink '' ) in the market in Finland in the spring of 2009 .,1,neutral,neutral,0.6850135922431946,0.30722373723983765,0.00776266073808074,0.6850135922431946
"The casing comprises a first side casing member provided with the first side vat segment and a second side casing member provided with the second side vat segment , at least the first side casing member being pivotable about a rotation axis .",1,neutral,neutral,0.9491347670555115,0.02668914571404457,0.024176103994250298,0.9491347670555115
"The total headcount reduction will be 50 persons , the company said .",0,negative,negative,0.9378759264945984,0.010508250445127487,0.9378759264945984,0.05161578580737114
Operating profit for continuing operations fell to EUR 48.3 mn from EUR 72.4 mn in the first half of 2007 .,0,negative,negative,0.9766149520874023,0.00804903544485569,0.9766149520874023,0.015335990116000175
"Tikkurila has an interesting growth strategy , which we support .",1,neutral,positive,0.7754033207893372,0.7754033207893372,0.008374383673071861,0.21622224152088165
SKF 6 April 2010 - Alandsbanken has given a `` buy '' recommendation on Swedish industrial company SKF AB ( STO : SKF B ) with a share price target of SEK150 .,2,positive,positive,0.9273674488067627,0.9273674488067627,0.01330596674233675,0.05932655557990074
The original patent was filed in Finland under application No. .,1,neutral,neutral,0.9478356242179871,0.03337900713086128,0.01878531649708748,0.9478356242179871
"At this stage , a maximum of 60,000 Tulikivi Series A shares will be acquired , representing about 0.16 per cent of the company -¦ s shares outstanding .",1,neutral,neutral,0.932788610458374,0.05506300926208496,0.01214844174683094,0.932788610458374
"`` Adjustment to the fall in price level , in contrast , has been less effective .",0,negative,negative,0.9415247440338135,0.023175878450274467,0.9415247440338135,0.03529936447739601
The first of the two project phases is expected to be completed by the end of 2012 .,1,neutral,neutral,0.8456918597221375,0.1438673436641693,0.010440774261951447,0.8456918597221375
"The Dutch broker noted that Nokian Tyres reported a good first quarter in 2006 , above or in line with consensus .",2,positive,positive,0.9571593999862671,0.9571593999862671,0.021679695695638657,0.021160997450351715
`` Our aim is to understand different traffic patterns based on the use of each building .,1,neutral,neutral,0.9280499219894409,0.05976346507668495,0.012186601758003235,0.9280499219894409
"The company 's profit totaled Ls 578,100 in H1 2007 , down 30.9 % year-on-year .",0,negative,negative,0.9758013486862183,0.006967558059841394,0.9758013486862183,0.01723107136785984
The contract is for next year .,1,neutral,neutral,0.9413830637931824,0.0440010204911232,0.014615905471146107,0.9413830637931824
"The company 's plant in Russia will continue to make tyres for its near markets , while the plant in Nokia in Finland will manufacture tyres for other markets .",1,neutral,neutral,0.8616272211074829,0.12978419661521912,0.008588521741330624,0.8616272211074829
The annual Thesis contest is aimed to enhance the thesis quality and to strengthen the thesis culture in polytechnics .,2,positive,positive,0.8573872447013855,0.8573872447013855,0.00671539967879653,0.13589739799499512
The retail chain launched in 2007 does not correspond to profit and sales forecasts of the company .,1,neutral,neutral,0.8719007968902588,0.018860062584280968,0.10923920571804047,0.8719007968902588
The program 's target is structural cost reductions of about EUR 30mn in 2009 .,2,positive,positive,0.7489688992500305,0.7489688992500305,0.17248374223709106,0.0785473883152008
Elisa CEO Sami Seppanen said EMT 's slogan `` Best coverage across Estonia '' clearly gives misleading information to consumers .,0,negative,negative,0.9335027933120728,0.010893585160374641,0.9335027933120728,0.055603593587875366
"Both operating profit and net sales for the six-month period increased , respectively from EUR0 .4 m and EUR3 .2 m , as compared to the corresponding period in 2005 .",2,positive,positive,0.9584648609161377,0.9584648609161377,0.02182362973690033,0.019711561501026154
According to the announcement of the Helsinki Stock Exchange the share of Sentera shall be delisted from the NM-list of the Helsinki Stock Exchange accordingly .,1,neutral,neutral,0.8351801037788391,0.01637517474591732,0.1484447568655014,0.8351801037788391
- The Group -¦ s result before taxes was EUR -1.9 ( -3.0 ) million .,0,negative,neutral,0.8162686228752136,0.06933225691318512,0.11439917981624603,0.8162686228752136
"He does not believe , however , that HKScan or Atria will start to use imported meat as Finnish consumers prefer domestic products .",1,neutral,neutral,0.902194619178772,0.07654674351215363,0.021258629858493805,0.902194619178772
Nordic Walking was first used as a summer training method by cross-country skiers .,1,neutral,neutral,0.9183881878852844,0.04125162214040756,0.040360260754823685,0.9183881878852844
"- The Group 's sales during the period were EUR 37.5 million ( EUR 48.2 million , 1-9/2008 ) and result before taxes was a loss of EUR -3.5 ( +1.2 ) million .",0,negative,negative,0.9534845948219299,0.011164465919137001,0.9534845948219299,0.03535093739628792
"The gross area of eight houses will be 12,167 m2 .",1,neutral,neutral,0.9470005035400391,0.03977495804429054,0.013224514201283455,0.9470005035400391
"GS Engineering will install the valves at a liquefied natural gas LNG plant it has built for UAE LNG extraction and gas plants operator GASCO in Ruwais , UAE .",1,neutral,neutral,0.7017837762832642,0.29065820574760437,0.0075580039992928505,0.7017837762832642
"ADPnews - Sep 28 , 2009 - Finnish silicon wafers maker Okmetic Oyj HEL : OKM1V said it will reduce the number of its clerical workers by 22 worldwide as a result of personnel negotiations completed today .",0,negative,negative,0.9605286717414856,0.010615871287882328,0.9605286717414856,0.02885543182492256
"Profit before taxes was EUR 5.4 mn , up from EUR 3.6 mn a year earlier .",2,positive,positive,0.9569025635719299,0.9569025635719299,0.022575201466679573,0.020522156730294228
The SeaWind that was en route from the Finnish port of Turku to Stockholm got stuck in ice already around 4 p.m. on Wednesday and the Regal Star 's journey from the Swedish port of Kapellskar to Paldiski in northwestern Estonia was cut short at 2 a.m. on Thursday .,0,negative,negative,0.9621085524559021,0.00790341291576624,0.9621085524559021,0.02998797409236431
` By separating side businesses we will be able to faster expand and develop Tapro retail network .,2,positive,positive,0.8457892537117004,0.8457892537117004,0.006481879856437445,0.147728830575943
"Argentine agricultural export company Calafate has tapped compatriot firm Finnegans for a software solution , the latter company said in a statement .",1,neutral,positive,0.8709110021591187,0.8709110021591187,0.01085308101028204,0.11823583394289017
"Seller is the Finnish Elcoteq Group , the largest European electronics manufacturing services company .",1,neutral,neutral,0.9003572463989258,0.0902516096830368,0.009391081519424915,0.9003572463989258
The fair value of the company 's investment properties went down to EUR2 .769 bn at the end of September 2009 from EUR2 .878 bn a year earlier .,0,negative,negative,0.9724980592727661,0.008155020885169506,0.9724980592727661,0.019346829503774643
It will combine and renew the contents and functionality of the current systems for funding and online service as well as their maintenance .,2,positive,neutral,0.6883804798126221,0.30467236042022705,0.006947179790586233,0.6883804798126221
Finnish food industry companies HK Ruokatalo and Atria will form a joint venture company called L+ñnsi-Kalkkuna to produce turkey meat .,2,positive,neutral,0.7268028855323792,0.2653767168521881,0.007820314727723598,0.7268028855323792
`` I am extremely delighted with this project and the continuation of cooperation with Viking Line .,2,positive,positive,0.9103408455848694,0.9103408455848694,0.011377502232789993,0.07828167825937271
"A Flurry Analytics spokesperson said that , as it was only measuring Windows Phone 7 data for some weeks , the firm double-checked the data to make sure the 66 per cent rise was not an aberration .",1,neutral,neutral,0.7460730671882629,0.09176734834909439,0.16215963661670685,0.7460730671882629
"According to Tiimari , consumers are advised to cut away the rabbits bow tie that contains the formadehyde and dispose of it .",1,neutral,neutral,0.6818691492080688,0.025657499209046364,0.29247334599494934,0.6818691492080688
The EPS outlook was increased by 5.6 pct for 2007 and 7.0 pct for 2008 .,2,positive,positive,0.9502228498458862,0.9502228498458862,0.014238356612622738,0.03553880378603935
"The Inventors are Ridge Justin , Bao Yiliang and Karczewicz Marta .",1,neutral,neutral,0.9321789145469666,0.05371290072798729,0.014108171686530113,0.9321789145469666
"The report profiles 614 companies including many key and niche players worldwide such as Black & Decker Corporation , Fiskars Corporation , Fiskars Brands , Inc. , Husqvarna Outdoor Products Inc. , K+S Group , Ryobi Technologies , Inc. , The Scotts Miracle-Gro Company , and Van Group , Inc. .",1,neutral,neutral,0.9240403175354004,0.0620061531662941,0.013953549787402153,0.9240403175354004
The deliveries are scheduled for the summer and autumn of 2008 .,1,neutral,neutral,0.9457386136054993,0.03722492977976799,0.017036424949765205,0.9457386136054993
"Both operating profit and turnover for the six-month period increased , respectively , from EUR17 .6 m and EUR1149 .9 m , as compared to the corresponding period in 2007 .",2,positive,positive,0.9579417705535889,0.9579417705535889,0.022608568891882896,0.01944962702691555
`` Our customer has been satisfied with Basware Invoice Automation solution and extends the implementation to new geographies .,2,positive,positive,0.9418473839759827,0.9418473839759827,0.011143149808049202,0.047009456902742386
"It will be operated by Nokia , and supported by its Nokia NetAct network and service management system .",1,neutral,neutral,0.8809976577758789,0.11129245907068253,0.0077099003829061985,0.8809976577758789
"It includes the company 's new , highly powerful , compact and scalable Flexi Multiradio 10 Base Station .",1,neutral,neutral,0.5152125954627991,0.47793906927108765,0.006848372519016266,0.5152125954627991
The options might include a partial or total divestment of their shareholdings in Ovako .,1,neutral,neutral,0.9415450692176819,0.018783558160066605,0.03967135027050972,0.9415450692176819
"The move will be carried out by transferring HKScan 's production-related property , plant , equipment , as well as its holdings in subsidiaries and associate companies in the country to HKScan Finland .",1,neutral,neutral,0.9304768443107605,0.05933021754026413,0.010192900896072388,0.9304768443107605
A meeting of Glisten shareholders to vote on the bid will be held on 12 March .,1,neutral,neutral,0.9458065629005432,0.036394327878952026,0.017799146473407745,0.9458065629005432
"Incap Contract Manufacturing will carry out the manufacturing for these agreements at its factory in Tumkur , near Bangalore .",1,neutral,neutral,0.92036372423172,0.0681079551577568,0.011528356932103634,0.92036372423172
"Finnish Sampo Bank , of Danish Danske Bank group , reports profit before taxes of EUR 152.3 mn in 2010 , up from EUR 32.7 mn in 2009 .",2,positive,positive,0.9519317150115967,0.9519317150115967,0.02852714993059635,0.019541112706065178
The Finnish company previously said its operating result will be lower than the break-even posted a year earlier .,0,negative,negative,0.974618673324585,0.008654209785163403,0.974618673324585,0.01672716811299324
Ingen is an established medical device manufacturer with an emerging new medical product line for the respiratory market worth an estimated $ 4 billion in the U.S. and $ 8 billion globally .,1,neutral,positive,0.5894373655319214,0.5894373655319214,0.007877390831708908,0.4026852548122406
"At the end of March 2009 , the company 's loans amounted to EUR 10.113 mn .",1,neutral,neutral,0.939123809337616,0.03824421763420105,0.02263195440173149,0.939123809337616
"The equipment is designated to Bollore Africa Logistics terminal Societe d'Exploitation du Terminal de Vridi SETV in Abidjan , Ivory Coast and the delivery is scheduled to start in March 2010 .",1,neutral,neutral,0.9293872117996216,0.05883067846298218,0.0117821479216218,0.9293872117996216
"As part of the reorganization , Kauko-Telko Ltd will be divided into Telko Ltd , Leipurin Ltd , Hamina Terminal Services Ltd and Kaukomarkkinat Ltd. .",1,neutral,neutral,0.9529275894165039,0.02254643663764,0.024526024237275124,0.9529275894165039
"In 2006 , the company intends to invest significantly in expanding its distribution and maintenance network .",2,positive,positive,0.9019802808761597,0.9019802808761597,0.0082266079261899,0.0897931382060051
The company has some 410 employees and an annual turnover of EUR65 .4 m. Vaahto Group is listed on the Nordic Exchange in Helsinki .,1,neutral,neutral,0.9487475752830505,0.023576676845550537,0.027675781399011612,0.9487475752830505
Lemmink+ñinen started the manufacture of roofing felt in 1920 and the production of asphalt in the 1930s .,1,neutral,neutral,0.9369089603424072,0.041948139667510986,0.021142831072211266,0.9369089603424072
"After the reporting period , BioTie North American licensing partner Somaxon Pharmaceuticals announced positive results with nalmefene in a pilot Phase 2 clinical trial for smoking cessation .",2,positive,positive,0.9427525997161865,0.9427525997161865,0.015313507989048958,0.04193384200334549
"The company operates a U.S. division in Lisle , Ill. .",1,neutral,neutral,0.9431268572807312,0.0357513390481472,0.021121755242347717,0.9431268572807312
"ADP News - Nov 6 , 2008 - Finnish retail software developer Aldata Solution Oyj OMX : ALD1V said today that it swung to a net profit of EUR 2.1 million USD 2.7 m for the first nine months of 2008 versus a net loss of EU",2,positive,positive,0.9465920925140381,0.9465920925140381,0.02766789309680462,0.025740070268511772
The hack had been extra nefarious because the tweets activated without being clicked on - it was enough for Web surfers to move their mouse cursors over them .,0,negative,negative,0.8926183581352234,0.011340000666677952,0.8926183581352234,0.09604153037071228
"The group intends to relocate warehouse and office space in Loudeac and Saint Marcel to Morvillars , in the east of the country , where it already operates a hook manufacturing and distribution unit .",1,neutral,neutral,0.7959238886833191,0.19422359764575958,0.009852512739598751,0.7959238886833191
The plant will collect raw material from the Baltic Sea region .,1,neutral,neutral,0.8684840798377991,0.12371797114610672,0.007797902915626764,0.8684840798377991
The layoffs were aimed at reaching an annual savings target of 1.5 billion euros $ 2 billion by the end of 2010 .,2,positive,positive,0.9291357398033142,0.9291357398033142,0.025987643748521805,0.04487660527229309
Swedish Wallenberg family controlled Investor has bought a large stake of C shares in Swedish retail bank SEB .,1,neutral,neutral,0.9155985116958618,0.07390542328357697,0.010496086440980434,0.9155985116958618
Sales of security and system packaging increased slightly .,2,positive,positive,0.9569178819656372,0.9569178819656372,0.019485782831907272,0.02359628863632679
"Nordic banks have already had to write off sizable loans in Latvia , with Swedbank , Nordea , DnB NOR and SEB reporting combined losses in excess of $ 1.35 billion in the period 2007 to 2010 against a backdrop of near economic meltdown in Latvia .",0,negative,negative,0.9738994836807251,0.009084539487957954,0.9738994836807251,0.017015991732478142
Earnings per share EPS in 2005 decreased to EUR0 .66 from EUR1 .15 in 2004 .,0,negative,negative,0.9752654433250427,0.006854030303657055,0.9752654433250427,0.017880544066429138
"HELSINKI Thomson Financial - Shares closed little changed , with Cargotec and Huhtamaki dropping sharply on disappointing second-quarter reports .",0,negative,negative,0.9743914604187012,0.009222621098160744,0.9743914604187012,0.016386015340685844
"Myllykoski , with one paper plant in Finland , one in the US and three in Germany , had revenues of EUR286m in the first half of 2010 and an operating loss of EUR12m , Reuters said .",0,negative,negative,0.9708424806594849,0.011032458394765854,0.9708424806594849,0.018125170841813087
"Body ES Vostok also owns stakes in power sales companies MosenergosbytBody ( RTS : MSSB ) ( 50.9 % ) , Altaienergosbyt ( 100 % ) , Saratovenergo ( RTS : SARE ) Body ( 48.36 % ) and Tambov Power Sales Company ( RTS : TASB ) ( 49.01 % ) , all ofBodywhich it received from the distribution balance .",1,neutral,neutral,0.9404237270355225,0.04591042548418045,0.013665862381458282,0.9404237270355225
The company has committed to further expanding the Apollo portfolio .,2,positive,positive,0.9316308498382568,0.9316308498382568,0.011636747978627682,0.05673240125179291
"The growth in the activeness of Talentum 's customers , which started at the end of 2009 , continued during the reporting period , the company stated .",2,positive,positive,0.9416771531105042,0.9416771531105042,0.01296921819448471,0.04535355046391487
"HELSINKI AFX - Cargotec said it has bought a 95 pct stake in Indital Construction Machinery Ltd , a Bangalore-based company that makes fork lift trucks and mobile cranes , for an undisclosed sum .",1,neutral,neutral,0.906648576259613,0.08380044251680374,0.009551025927066803,0.906648576259613
Consumers are now increasingly interested in what they can do with heir phones .,1,neutral,neutral,0.890566349029541,0.09701532870531082,0.012418316677212715,0.890566349029541
Finnish Rautaruukki has been awarded a contract to supply and install steel superstructures for the Partihallsf+Ârbindelsen bridge in Gothenburg in Sweden .,2,positive,positive,0.9447462558746338,0.9447462558746338,0.013478651642799377,0.04177512601017952
"With the Basware Connectivity services , companies gain visibility to an audit trail that can be traced from order to goods delivery and invoice .",1,neutral,neutral,0.8294031023979187,0.1617463082075119,0.008850564248859882,0.8294031023979187
"Mr. Mikko Saavalainen , head of Comptel 's Global Sales concludes : `` Gibtelecom provides a perfect illustration of the variety of business , technical and regulatory challenges operators are facing in their OSS today .",1,neutral,neutral,0.5506165027618408,0.4008334279060364,0.04855003580451012,0.5506165027618408
21 October 2010 - Finnish fishing tackle company Rapala VMC Corp ( HEL : RAP1V ) said today its net profit rose to EUR18 .9 m for the first nine months of 2010 from EUR15 .1 m for the same period a year earlier .,2,positive,positive,0.9465400576591492,0.9465400576591492,0.0280923992395401,0.025367578491568565
Tekla will implement the renewal in software versions which will be introduced in spring 2011 .,2,positive,positive,0.538786768913269,0.538786768913269,0.008959941565990448,0.4522533714771271
"Favourable currency rates also contributed to higher net sales , '' CEO Kari Kauniskangas said .",2,positive,positive,0.9574507474899292,0.9574507474899292,0.02326773852109909,0.019281484186649323
Finnish industrial group Ruukki Group has brought counter action against Finnish metal company Rautaruukki in the dispute concerning the names of the companies .,0,negative,negative,0.894855797290802,0.013806921429932117,0.894855797290802,0.09133726358413696
"The acquired business main asset is a mobile authentication and signing solution , branded as Tectia MobileID , which provides authentication to web e-mail , SSL-VPN , MS SharePoint , Tectia Secure Solutions and other applications and resources .",1,neutral,neutral,0.893744945526123,0.09821204841136932,0.008043002337217331,0.893744945526123
Finnish plumbing and heating systems supplier Uponor Corporation ( OMX Helsinki : UNR1V ) said on Tuesday ( 12 August ) that its board of directors has authorised the management to proceed with a company-wide cost reduction program .,2,positive,positive,0.9192367196083069,0.9192367196083069,0.022283563390374184,0.058479685336351395
"LONDON ( AFX ) - Intertek Group PLC , a testing and inspection company , said its commercial and electrical division has bought Finland-based company Natlabs Oy from Etteplan Oyj for 1.3 mln eur in cash .",1,neutral,neutral,0.5935149788856506,0.3939470052719116,0.012537983246147633,0.5935149788856506
"In 2006 , Kone received an order from Aker Yards to supply 43 customised elevators for the very first Genesis cruise ship which is scheduled to be completed in 2009 .",2,positive,positive,0.8360865712165833,0.8360865712165833,0.00690771359950304,0.15700571238994598
The products have a low salt and fat content .,1,neutral,neutral,0.9096894264221191,0.03922388330101967,0.05108676105737686,0.9096894264221191
"In addition , Cramo and Peab have signed exclusive five-year rental agreements in Finland and have extended their existing rental agreements in the Swedish market for another five years .",2,positive,positive,0.9491959810256958,0.9491959810256958,0.015377641655504704,0.035426437854766846
`` We want to serve K-citymarket customers by offering them interesting and topical selections .,1,neutral,neutral,0.8222874402999878,0.16995109617710114,0.0077614858746528625,0.8222874402999878
"Tikkurila Powder Coatings has some 50 employees at its four paint plants , which generated revenues of EUR2 .4 m USD3 .3 m in 2010 .",1,neutral,neutral,0.93380206823349,0.04774506017565727,0.018452860414981842,0.93380206823349
"Jul. 18 -- Police are looking for a man who they say terrorized three males at gunpoint on East Maple Avenue this afternoon , shooting one of them and kidnapping another .",0,negative,negative,0.8798227310180664,0.016859956085681915,0.8798227310180664,0.10331730544567108
"We now have both the opportunity and the responsibility to create a new journalistic culture to serve the readers of Alma Media 's newspapers , `` says Hannu Ollikainen , head of the new Helsinki desk .",1,neutral,positive,0.7473807334899902,0.7473807334899902,0.007811543066054583,0.24480769038200378
"The mall will be financed on a parity basis by Pearl Plaza LLC , the joint venture company established by the Chinese investor Shanghai Industrial Investment Holdings Co Ltd , and SRV Group .",1,neutral,neutral,0.8534566760063171,0.13894478976726532,0.0075985137373209,0.8534566760063171
"Agricultural newspaper Maaseudun Tulevaisuus had 318,000 readers , representing a decrease of 6 % .",0,negative,negative,0.9657704830169678,0.01690356619656086,0.9657704830169678,0.01732601411640644
"The seminar introduced modern , clean technologies and products , financial tools and sponsorship programs for energy and environment projects as well as the potential to develop clean energy in Vietnam .",2,positive,positive,0.5626720190048218,0.5626720190048218,0.00836208462715149,0.42896586656570435
"The utility will also provide services related to electricity management , such as hedging trades and risk management and reporting .",1,neutral,neutral,0.9259803891181946,0.06255072355270386,0.011468879878520966,0.9259803891181946
"Seventy-three of those also have more extensive training in products built on the latest ArchestrA technologies , such as the Wonderware System Platform .",1,neutral,neutral,0.8816360235214233,0.10768064856529236,0.01068330742418766,0.8816360235214233
The maritime administration said the ships had ignored warnings about the icy conditions .,0,negative,negative,0.9018798470497131,0.02694162167608738,0.9018798470497131,0.07117847353219986
Pohjola will act as the manager of the issue and the bond will be listed on NASDAQ OMX Helsinki Ltd. .,1,neutral,neutral,0.9575554728507996,0.02750624343752861,0.014938265085220337,0.9575554728507996
"For 2009 , net profit was EUR3m and the company paid a dividend of EUR1 .30 apiece .",1,neutral,neutral,0.9440947771072388,0.032054051756858826,0.023851098492741585,0.9440947771072388
Finnish Rautaruukki 's engineering division Ruukki Engineering will re-organise its operations in the Mo i Rana plant in Norway .,1,neutral,neutral,0.8736473321914673,0.1113915666937828,0.014961060136556625,0.8736473321914673
"The estimated value of the contract is EUR12 .4 m. Vaisala , headquartered in Helsinki in Finland , develops and manufactures electronic measurement systems for meteorology , environmental sciences , traffic and industry .",1,neutral,neutral,0.9413021206855774,0.04352070018649101,0.015177161432802677,0.9413021206855774
"Finnish metal products company Componenta Oyj ( HEL : CTH1V ) said today its net loss narrowed to EUR 500,000 ( USD 680,000 ) in the last quarter of 2010 from EUR 5.3 million for the same period a year earlier .",2,positive,positive,0.9409767389297485,0.9409767389297485,0.036607708781957626,0.022415587678551674
"When this investment is in place , Atria plans to expand into the Moscow market .",1,neutral,neutral,0.5969049334526062,0.3965243995189667,0.006570740137249231,0.5969049334526062
"It is a member of the OneWorld alliance , which includes American Airlines and British Airways .",1,neutral,neutral,0.9069465398788452,0.08284886926412582,0.010204583406448364,0.9069465398788452
"The dollar bounced back after hitting another record low against the euro , which reached $ 1.41 for the first time .",1,neutral,negative,0.7028601765632629,0.22140423953533173,0.7028601765632629,0.07573560625314713
"Lember said the matter was topical also in Estonia , where a bill has been drafted at the Social Affairs Ministry that would scrap old-age pensions on favorable conditions .",1,neutral,neutral,0.62006014585495,0.06262051314115524,0.317319393157959,0.62006014585495
"Karachi , Sept. 14 -- Ixonos , a world leader in the development and integration of solutions for handheld devices , announced that it is implementing a touch screen mobile user interface solution for the Intel Atom processor Z6xx based smartphones .",1,neutral,positive,0.6141616702079773,0.6141616702079773,0.010342364199459553,0.37549588084220886
The changes in readership were not significant .,1,neutral,neutral,0.8079351186752319,0.1611221879720688,0.030942723155021667,0.8079351186752319
"`` With this agreement , we can continue our good cooperationand at the same time release capital that has been tied up in ourmachinery operation .",2,positive,positive,0.8834007978439331,0.8834007978439331,0.008560694754123688,0.10803841799497604
Finnish and Swedish construction markets are still experiencing an estimated 4 % annual growth in 2008 .,2,positive,positive,0.9453694224357605,0.9453694224357605,0.013477307744324207,0.04115322232246399
"`` We have a group of 120 volunteers made up of Digicel employees who will manage the distribution ... Over the next week , they will distribute the 19,000 tents to more than 150 organizations , '' Digicel Haiti CEO Maarten Boute said .",1,neutral,neutral,0.7034937143325806,0.284597247838974,0.011909040622413158,0.7034937143325806
"According to latest information , Benefon will launch its Twig device on 20 September 2006 .",1,neutral,neutral,0.9128530025482178,0.07807246595621109,0.009074552915990353,0.9128530025482178
A huge issue for us is the button placement .,1,neutral,neutral,0.8987933993339539,0.058266669511795044,0.0429399237036705,0.8987933993339539
"The employer , together with health personnel , supports quitting and pays part of the cost of nicotine treatments .",1,neutral,neutral,0.8434247970581055,0.03263843059539795,0.12393675744533539,0.8434247970581055
Eriikka S+Âderstr+Âm has previously held several positions in finance and control at Nokia Networks including acting as the Business Group Controller and having the corporate controller position at Nokia Siemens Networks .,1,neutral,neutral,0.9488793611526489,0.03269413858652115,0.018426503986120224,0.9488793611526489
The Company said that previously EB delivered a custom solution for LG Electronics and now is making it commercially available for other mobile terminal vendors as well as to wireless operators .,1,neutral,neutral,0.6796503067016602,0.31332704424858093,0.007022609934210777,0.6796503067016602
It is a disappointment to see the plan folded .,0,negative,negative,0.9473507404327393,0.013696815818548203,0.9473507404327393,0.03895241767168045
"( ADP News ) - Nov 3 , 2008 - Finnish paper , packaging and forest products company Stora Enso Oyj ( OMX : STERV ) said today that it would invest EUR 137 million ( USD 176.6 m ) in the building of a power plant at its Ostroleka Mi",1,neutral,neutral,0.786139965057373,0.20589517056941986,0.00796482339501381,0.786139965057373
"The EBRD is using its own funds to provide a 21.6 million A loan while the B portion of 10 million Euros has been syndicated to two Finnish commercial banks , Nordea Bank Finland Plc and Pohjola Bank Plc. .",1,neutral,neutral,0.8977720737457275,0.09151241928339005,0.010715468786656857,0.8977720737457275
It inspects the companys strategic strengths and weaknesses .,1,neutral,neutral,0.6824414134025574,0.03829275816679001,0.27926579117774963,0.6824414134025574
"When dialing in , the participants should quote 877417 as conference ID .",1,neutral,neutral,0.9509178400039673,0.02222481183707714,0.0268574021756649,0.9509178400039673
"On the following workday customers can check from their home computers how their purchases are divided between different ingredient groups , how much energy various products contain and what is the nutritional content of all purchases .",1,neutral,neutral,0.949686586856842,0.0198929812759161,0.03042050078511238,0.949686586856842
"Within the framework of the partnership , Nokia Siemens Networks has signed an initial framework purchase agreement with Sitronics subsidiary , JSC Mikron , which is the largest manufacturer and exporter of microelectronic components in Russia .",2,positive,positive,0.9268775582313538,0.9268775582313538,0.012985238805413246,0.060137201100587845
"ALEXANDRIA , Va. , Nov. 19 -- Erkki Aho , Elimaki , Finland , has developed a method and apparatus in conjunction with a shoe press .",1,neutral,neutral,0.9102771282196045,0.07578043639659882,0.013942374847829342,0.9102771282196045
"The authorisation is in force until the end of the next Annual General Meeting and repeals the authorisation to acquire own shares given by the General Meeting held on April 4 , 2007 .",1,neutral,neutral,0.6231352090835571,0.025127608329057693,0.35173720121383667,0.6231352090835571
Otherwise the situation is under control .,1,neutral,neutral,0.8991227746009827,0.051838573068380356,0.049038659781217575,0.8991227746009827
NWC ANALYSIS :,1,neutral,neutral,0.9392062425613403,0.020421339198946953,0.04037238284945488,0.9392062425613403
The contract covers new energy-efficient AC drives that have been designed in cooperation between the companies .,1,neutral,neutral,0.5347244143486023,0.45739686489105225,0.007878723554313183,0.5347244143486023
This bold spinning 360 red fabric design is set beautifully on Ercols Napoli sofa .,2,positive,neutral,0.8580325841903687,0.1290649175643921,0.012902495451271534,0.8580325841903687
"SSH Communications Security Corporation is headquartered in Helsinki , Finland .",1,neutral,neutral,0.9487332105636597,0.028459742665290833,0.02280701883137226,0.9487332105636597
"Presentation materials will be posted on the company 's website : www.seahawkdrilling.com in the `` Investor Relations '' section , on the `` Webcast & Presentations '' tab .",1,neutral,neutral,0.9553273320198059,0.02857699990272522,0.016095684841275215,0.9553273320198059
The company is reportedly searching for a replacement for CEO Olli-Pekka Kallasvuo .,1,neutral,neutral,0.5133618116378784,0.025193560868501663,0.461444616317749,0.5133618116378784
"Under a memorandum of understanding MoU the parties will collaborate in preparing and implementing joint projects in the fields of combined power and heat generation , environmental protection and energy efficient technologies .",2,positive,positive,0.83172607421875,0.83172607421875,0.00879205297678709,0.15948186814785004
Medical Devices - Russia This brand-new market analysis gives a clear overview of the actual situation and future outlook of the medical device market in Russia .,1,neutral,neutral,0.9206393361091614,0.06584426760673523,0.013516430743038654,0.9206393361091614
"Cargotec 's brands , Hiab , Kalmar and MacGREGOR , are global market leaders in their fields and their solutions are used on land and at sea - wherever cargo is on the move .",1,neutral,neutral,0.705414891242981,0.28660571575164795,0.007979314774274826,0.705414891242981
"The operator is one of 6 operators to have been granted a WiMAX license in Taiwan , and hopes to be the first to launch commercial services in early 2009 .",1,neutral,positive,0.8246156573295593,0.8246156573295593,0.005782509222626686,0.16960182785987854
It appears from statistics of the Technical Surveillance Authority that customers who switch service providers mostly transfer their numbers to Elisa 's network .,1,neutral,neutral,0.9138797521591187,0.026911653578281403,0.05920867994427681,0.9138797521591187
"The government started the sell-off last month , putting an 8 percent stake in TeliaSonera on the auction bloc .",1,neutral,neutral,0.9141188263893127,0.06683184951543808,0.019049353897571564,0.9141188263893127
"Once your plants are in the ground they will continue to grow , but the success of any garden lies in how well it 's maintained .",1,neutral,neutral,0.8058990240097046,0.18349559605121613,0.010605360381305218,0.8058990240097046
"Demand seems to have hit bottom now , and some signs of improvement can be seen .",2,positive,positive,0.940334677696228,0.940334677696228,0.040663544088602066,0.019001789391040802
"According to Schmardin , Nordea will most likely try to win customers over from other pension fund providers .",2,positive,positive,0.8961254358291626,0.8961254358291626,0.009958230890333652,0.09391625225543976
The social plan negotiations were part of the three year turn-around program which is expected to ensure Salomon 's future competitiveness .,2,positive,positive,0.7730852365493774,0.7730852365493774,0.007791657000780106,0.21912309527397156
Finnish Bank of +àland reports its operating profit rose to EUR 21.3 mn in the second quarter of 2009 from EUR 6.1 mn in the corresponding period in 2008 .,2,positive,positive,0.9499520659446716,0.9499520659446716,0.02897680550813675,0.021071113646030426
Mobile communication and wireless broadband provider Nokia Inc NYSE : NOK today set new financial targets and forecasts for Nokia and the mobile device industry and also for Nokia Siemens Networks and the mobile and fixed infrastructure and related services market .,1,neutral,neutral,0.804082989692688,0.18310166895389557,0.012815340422093868,0.804082989692688
"Prothious Engineering ( www.prothious.com ) employs more than 1,000 and has a large portfolio of projects and an annual detailing capacity of more than 100,000 tonnes .",1,neutral,neutral,0.9037535786628723,0.08565151691436768,0.010594968684017658,0.9037535786628723
The previous offer was 3.4 % of voting rights and 12.3 % of capital .,1,neutral,neutral,0.9441221952438354,0.04087280109524727,0.015004952438175678,0.9441221952438354
"2010 16 July 2010 - Finnish steel maker Rautaruukki Oyj HEL : RTRKS , or Ruukki , said today it turned to a net profit of EUR20m in the second quarter of 2010 from a net loss of EUR94m in the corresponding period last year .",2,positive,positive,0.9433387517929077,0.9433387517929077,0.02782353200018406,0.028837615624070168
"Revenue in July to September grew 14 percent to ( EURO ) 467 million from a year earlier , the company said Thursday .",2,positive,positive,0.9556383490562439,0.9556383490562439,0.01994311809539795,0.024418484419584274
"We have also cut our price projections for paper and packaging , '' an analyst with Goldman Sachs said on a note on Monday .",0,negative,negative,0.9629293084144592,0.011007694527506828,0.9629293084144592,0.02606292814016342
National sponsors for The Big Read include National Endowment for the Arts in cooperation with the Institute of Museum and Library Services and Arts Midwest .,1,neutral,neutral,0.8255273699760437,0.1657463163137436,0.008726335130631924,0.8255273699760437
Finnish meat company Atria can no longer promise a sufficient amount of domestic beef to its customers .,0,negative,neutral,0.7383177876472473,0.04147571325302124,0.22020651400089264,0.7383177876472473
"Typical end-uses include roof structures , floorings , walls and ceilings , non-visible structures in vehicles , packaging and boxes , construction site structures , fencing and shelters , and formwork with a limited number of concrete pourings .",1,neutral,neutral,0.9499671459197998,0.02520039677619934,0.024832498282194138,0.9499671459197998
This new partnership agreement represents a significant milestone for both parties .,2,positive,positive,0.9293785691261292,0.9293785691261292,0.012548722326755524,0.058072783052921295
Self-service and automation are in a bigger role now and Fujitsu 's global resources will be exploited effectively .,2,positive,positive,0.7565003037452698,0.7565003037452698,0.007690464146435261,0.23580925166606903
"The new facility , to be known as Technopolis Pulkovo , will introduce to the Russian market an entirely new concept of creating , operating and growing a commercially-funded science and technology park to support the growth of knowledge-intensive companies .",1,neutral,positive,0.507072389125824,0.507072389125824,0.00739890243858099,0.4855286777019501
EuroChem Head of Corporate Finance Alexander Gavrilov said : `` I am pleased that we have once again confirmed that EuroChem is able to attract long-term funds at attractive rates .,2,positive,positive,0.9481436610221863,0.9481436610221863,0.018015645444393158,0.033840667456388474
"Finnish Ponsse has signed an agreement with Babcock Africa for the distribution and support of Ponsse forest machines , harvester heads , and information systems in South Africa .",2,positive,positive,0.9220629930496216,0.9220629930496216,0.010977381840348244,0.0669596716761589
"As a part of the plan , the Board of Directors decided to transfer a maximum of 330,000 shares held by the company in a share issue against payment directed to Aspo Management Oy , a holding company acquired by the management .",1,neutral,neutral,0.9372221827507019,0.03986445069313049,0.02291334979236126,0.9372221827507019
The administrators have indicated a need for 900 job cuts at the Irish insurer over the next 15 months .,0,negative,negative,0.9682438373565674,0.008729735389351845,0.9682438373565674,0.023026473820209503
Ramirent is the leading construction machinery rental company in Finland with annual sales of EUR 134 million in 2009 and operating nationwide through 83 outlets and 612 employees .,2,positive,neutral,0.6457130312919617,0.345929890871048,0.008357107639312744,0.6457130312919617
Finnish Vacon has signed significant deals with Norwegian Scandinavian Electric Systems ( SES ) on the supply of AC drives .,2,positive,positive,0.9479840993881226,0.9479840993881226,0.015181289985775948,0.036834586411714554
`` There is no room to modify the share component as we have already indicated . '',1,neutral,neutral,0.9200215935707092,0.03961118683218956,0.04036722332239151,0.9200215935707092
The new organization consists of two business units : Charging & Messaging and Finance & Administration .,1,neutral,neutral,0.9512054920196533,0.033773280680179596,0.015021276660263538,0.9512054920196533
"In addition to software development , the new design unit will provide for mechanical engineering and electronics design .",1,neutral,neutral,0.9138152003288269,0.07639715075492859,0.009787597693502903,0.9138152003288269
"Due to rapid expansion , the market share of Tallink in terms of passenger carriage through Tallinna Sadam Port of Tallinn totaled 55 percent in November against 45.7 percent in November 2005 .",2,positive,positive,0.9229491353034973,0.9229491353034973,0.04640449956059456,0.030646290630102158
"At the end of March 2007 , the group 's order book was at EUR 39.6 mn , up 42 % from the corresponding period in 2006 .",2,positive,positive,0.9569885730743408,0.9569885730743408,0.020999034866690636,0.022012362256646156
"In the end of 2006 , the number of outlets will rise to 60-70 .",2,positive,positive,0.8272417187690735,0.8272417187690735,0.007917207665741444,0.16484113037586212
COPYRIGHT AFX News and AFX Financial News Logo are registered trademarks of AFX News Limited,1,neutral,neutral,0.926708996295929,0.021806934848427773,0.051484040915966034,0.926708996295929
"EQ Bank forecasts Olvi 's net sales at EUR 67mn in the second quarter of 2009 , and operating profit at EUR 6.4 mn .",1,neutral,neutral,0.90390944480896,0.0759131908416748,0.020177362486720085,0.90390944480896
"The podcast , sees Harple provide the low-down on GyPSii 's platform , which takes someone 's location and demographic information to produce a contextual index of the world around them .",1,neutral,neutral,0.9328405857086182,0.04987267777323723,0.017286699265241623,0.9328405857086182
"The e-commerce site and flagship will be managed by Marimekko North America Retail LLC , a subsidiary established in the U.S. last year .",1,neutral,neutral,0.9361633658409119,0.05350195989012718,0.010334695689380169,0.9361633658409119
Finnish bank Alandsbanken said Monday it will buy the Swedish operations of Iceland 's troubled Kaupthing Bank for 414 million kronor $ 49.5 million in cash .,1,neutral,neutral,0.919952929019928,0.06460509449243546,0.015442010946571827,0.919952929019928
The District Court of Helsinki dismissed all charges as the court of first instance in 2005 .,2,positive,neutral,0.6493393778800964,0.11493279039859772,0.23572789132595062,0.6493393778800964
`` The combined activities will create value for shareholders and be good for our employees and customers .,2,positive,positive,0.8807770013809204,0.8807770013809204,0.00838729739189148,0.11083575338125229
"Tekla 's defense business employs over 20 persons and is located in Espoo , Finland .",1,neutral,neutral,0.9454419612884521,0.029173782095313072,0.025384211912751198,0.9454419612884521
Nokia Messaging 1.1 enables customers to receive e-mails from up to 10 e-mail accounts on their mobile phone supporting all POP or IMAP e-mail services .,1,neutral,neutral,0.8889634013175964,0.10119779407978058,0.0098388297483325,0.8889634013175964
Operating profit totaled EUR 17.7 mn compared to EUR 17.6 mn in the corresponding period in 2007 .,2,positive,negative,0.635456919670105,0.3465927541255951,0.635456919670105,0.01795036531984806
Panostaja did not disclose the purchase price .,1,neutral,neutral,0.9516238570213318,0.024149002507328987,0.02422718144953251,0.9516238570213318
"During the rally , which was authorized by the city administration , a consulate official came out to the workers , spoke to them and took a letter from them .",1,neutral,neutral,0.7852830290794373,0.09946392476558685,0.1152530312538147,0.7852830290794373
"GENEVA , Feb. 10 -- Tero Aaltonen , Finland has developed a radio resource control method .",1,neutral,neutral,0.8757546544075012,0.11368200182914734,0.010563284158706665,0.8757546544075012
Finnish developer and manufacturer of mobile phone chargers Salcomp Plc OMX Helsinki : SAL1V on Wednesday 19 November lowered its full-year net sales estimate .,0,negative,negative,0.9695081114768982,0.007501632906496525,0.9695081114768982,0.02299027517437935
The adjustments concern staff in both the Specialty Papers and the Fiber Composites segments .,1,neutral,negative,0.9527314305305481,0.009061712771654129,0.9527314305305481,0.038206782191991806
"Markets had been expecting a poor performance , and the company 's stock was up 6 percent at  x20ac 23.89 US$ 33.84 in early afternoon trading in Helsinki .",2,positive,positive,0.9546211361885071,0.9546211361885071,0.024629058316349983,0.02074974775314331
"www.countryelements.co.uk Designed by Patricia Burt , this is just one of a selection of distinctive hooked rugs created with recycled materials and dyed natural dyes .",1,neutral,neutral,0.9390113353729248,0.045582178980112076,0.015406518243253231,0.9390113353729248
"Russian export duties will activate harvesting in Finland , and sales in Russia will increase also .",2,positive,positive,0.944668710231781,0.944668710231781,0.01861419342458248,0.036717142909765244
"It is part of the development of the world-class magnetite deposit at Karara , which has the known potential for over 30 million metric tons of annual processing of magnetite over its estimated 30-year life .",1,neutral,neutral,0.7442061305046082,0.24877245724201202,0.007021416909992695,0.7442061305046082
Operating profit rose to EUR 4.7 mn from EUR 3.6 mn .,2,positive,positive,0.953498363494873,0.953498363494873,0.024214014410972595,0.02228756621479988
"In January-November 2009 , the group 's sales totalled EUR 7,801.7 mn , which was a drop of 12.6 % from the same period of 2008 .",0,negative,negative,0.9761853814125061,0.01502477377653122,0.9761853814125061,0.008789782412350178
"The fair value of the investment properties totaled EUR 2,534.9 mn , up from EUR 2,455.1 mn in 2006 .",2,positive,positive,0.9531696438789368,0.9531696438789368,0.024848580360412598,0.021981729194521904
"Fiskars is also engaged in the global supply of marine and energy equipment solutions and services through its associated company , Wartsila Corporation .",1,neutral,neutral,0.8946894407272339,0.09593809396028519,0.009372469037771225,0.8946894407272339
The Commission is to be applauded for applying a fact-based and data-driven approach and for providing clarity for future petitions .,2,positive,positive,0.9137575030326843,0.9137575030326843,0.014318468980491161,0.0719241201877594
"We know that it exists , '' Artemyev said .",1,neutral,neutral,0.9160784482955933,0.06567541509866714,0.018246153369545937,0.9160784482955933
"The decision of the French Court relates to the claims raised by twenty-one former Aspocomp S.A.S employees , the company said .",1,neutral,neutral,0.8207444548606873,0.03258958086371422,0.146666020154953,0.8207444548606873
It has80 branches in Finland with annual revenue in Finland of ?,1,neutral,neutral,0.9205191135406494,0.06642385572195053,0.013057013042271137,0.9205191135406494
Aldata to Share Space Optimization Vision at Apollo User Group and 2009 Category Management Association Conferences ; Company Will Unveil New Solution that Combines Business Intelligence with Space Planning Data at Conferences,1,neutral,positive,0.7230039834976196,0.7230039834976196,0.008034579455852509,0.26896142959594727
This wood lacquered clock comes with a stripy hand-crocheted cover .,1,neutral,neutral,0.9272021055221558,0.05152459070086479,0.021273281425237656,0.9272021055221558
Earnings per share were at loss of EUR0 .24 .,0,negative,neutral,0.8315554261207581,0.029819922521710396,0.1386246532201767,0.8315554261207581
"In January , traffic , measured in revenue passenger kilometres RPK , went up by 3.2 % and capacity , measured in available seat kilometres ASK , rose by 12.2 % .",2,positive,positive,0.9588885307312012,0.9588885307312012,0.016903160139918327,0.02420836314558983
Diluted EPS rose to EUR3 .68 from EUR0 .50 .,2,positive,positive,0.9523400068283081,0.9523400068283081,0.024429813027381897,0.023230209946632385
Sales by Seppala diminished by 6 per cent .,0,negative,negative,0.9727591276168823,0.01114210207015276,0.9727591276168823,0.01609872281551361
"Pioneer Library System was one of 127 libraries , municipalities , arts , culture and higher education and science organizations to have been awarded grants to participate in The Big Read , the largest federal reading program in U.S. history .",2,positive,positive,0.8718856573104858,0.8718856573104858,0.009634768590331078,0.1184796392917633
"The antibody , administered at repeated doses of up to 8 mg-kg , was generally well tolerated , and the pharmacokinetic characteristics of BTT-1023 in psoriasis patients were consistent with those observed in a previously completed study in rheumatoid arthritis RA patients .",1,neutral,positive,0.8728672862052917,0.8728672862052917,0.01519609522074461,0.11193659901618958
You will hear the latest insights and updates on Citycon 's strategy as well as the latest news from all the business units .,1,neutral,neutral,0.9243771433830261,0.06421943008899689,0.011403396725654602,0.9243771433830261
No financial details were disclosed .,1,neutral,neutral,0.9409186840057373,0.021921999752521515,0.03715934976935387,0.9409186840057373
"In January-September 2009 , the Group 's net interest income increased to EUR 112.4 mn from EUR 74.3 mn in January-September 2008 .",2,positive,positive,0.9477782249450684,0.9477782249450684,0.027090275660157204,0.02513142302632332
"Viking Line 's cargo revenue increased by 5.4 % to EUR 21.46 mn , and cargo volume increased by 2.4 % to 70,116 cargo units .",2,positive,positive,0.9567638635635376,0.9567638635635376,0.017344104126095772,0.025891954079270363
"The prerequisite for inclusion in the program and for receipt of any gains is that key employees acquire Aspo shares to the amount determined by the Board in advance , in the maximum .",1,neutral,neutral,0.9356364011764526,0.05361658334732056,0.010747055523097515,0.9356364011764526
"A. Le Coq Special was developed for the bicentenary of the company and the trade mark , the brewer said .",1,neutral,neutral,0.8870782256126404,0.10191745311021805,0.01100431103259325,0.8870782256126404
The purchase price was not disclosed .,1,neutral,neutral,0.9516158699989319,0.02353137731552124,0.024852773174643517,0.9516158699989319
"The reductions will be implemented immediately , beginning in October 2009 .",1,neutral,neutral,0.8239293694496155,0.10713054239749908,0.06894009560346603,0.8239293694496155
"The total floor area of the plant expansion is 29,000 square metres .",1,neutral,neutral,0.9234638214111328,0.06676174700260162,0.009774402715265751,0.9234638214111328
"We offer challenging and interesting employment for over 20,000 people in 20 countries throughout Europe .",1,neutral,neutral,0.581779420375824,0.4078257083892822,0.01039482094347477,0.581779420375824
"The value of the contract is about EUR1 .0 m. Poyry , headquartered in Vantaa , Finland provides consulting and engineering services to the energy , forestry and infrastructure & environment sectors .",1,neutral,neutral,0.9388741850852966,0.04436995089054108,0.016755813732743263,0.9388741850852966
"Finland 's national carrier Finnair PLC carried a record 8.5 million passengers in 2005 , an increase of 4.5 percent on the previous year , the airline reported Tuesday .",2,positive,positive,0.9497625827789307,0.9497625827789307,0.02216271683573723,0.028074773028492928
"Cuts equivalent to the costs of about 35-45 employees are the target , the company said .",0,negative,negative,0.9558538794517517,0.012266923673450947,0.9558538794517517,0.031879257410764694
"Together , Yahoo and Nokia said they will continue to deliver Internet experiences that address the core needs of consumers , developers , operators and advertisers .",1,neutral,positive,0.6496930122375488,0.6496930122375488,0.007854335010051727,0.3424527049064636
The group reiterated its forecast that handset manufacturers will sell around 915 mln units this year globally .,1,neutral,positive,0.8271641731262207,0.8271641731262207,0.007021731697022915,0.16581404209136963
"Nokia will provide Indosat turnkey services , including civil works , network planning , implementation and integration of a WCDMA 3G-HSPA network .",1,neutral,neutral,0.7869696617126465,0.20644624531269073,0.006584105547517538,0.7869696617126465
Operating profit rose to 22.1 mln eur from 19.9 mln .,2,positive,positive,0.9530327916145325,0.9530327916145325,0.02478739805519581,0.02217983826994896
"The company , which celebrates its fiftieth anniversary next year , has been exporting distinctive detached homes to Central Europe for several decades .",2,positive,positive,0.5044046640396118,0.5044046640396118,0.010696684941649437,0.48489871621131897
6 October 2010 - Finnish paints and coatings company Tikkurila Oyj HEL : TIK1V announced today the launch of Tikkurila ProHouse method for protection of wooden surfaces via treatment with Ultra Pro waterborne products .,1,neutral,neutral,0.6791576743125916,0.3131331205368042,0.007709236815571785,0.6791576743125916
"Glaston 's share GLA1V is listed on the NASDAQ OMX Helsinki , Mid Cap List .",1,neutral,neutral,0.9502751231193542,0.027244530618190765,0.022480368614196777,0.9502751231193542
Finnair was able to operate most of its leisure flights despite the strike .,2,positive,positive,0.9001985192298889,0.9001985192298889,0.05874350294470787,0.04105798527598381
"Tallink Silja attributes the significant drop to problems with the booking system that was taken into operation in October , the sale of trailer ferry ` Sky Wind ' and the route between Stockholm and Riga , which has won passengers from the Helsinki-Stockholm route .",0,negative,negative,0.9744201898574829,0.013960253447294235,0.9744201898574829,0.011619552038609982
"To prove the efficiency of the China Mobile system , Rod Baber , an English climber , climbed to the Mount Everest summit and successfully made calls .",2,positive,positive,0.6230127215385437,0.6230127215385437,0.01189309824258089,0.3650941550731659
"SSH Communications Security Corporation is headquartered in Helsinki , Finland .",1,neutral,neutral,0.9487332105636597,0.028459742665290833,0.02280701883137226,0.9487332105636597
"Net profit in the three months through March 31 fell to (  x20ac ) 103 million ( US$ 165 million ) from (  x20ac ) 131 million a year earlier , the Finnish company said .",0,negative,negative,0.9761320948600769,0.006741708144545555,0.9761320948600769,0.01712617836892605
The transactions would increase earnings per share in the first quarter by some EUR0 .28 .,2,positive,positive,0.9538818597793579,0.9538818597793579,0.015354352071881294,0.030763782560825348
"An estimated 30 pct of mobile calls are made from the home , and France Telecom hopes that 15 pct of its Orange clients will sign up for the service by the end of 2008 .",1,neutral,neutral,0.5278419852256775,0.4636457860469818,0.008512302301824093,0.5278419852256775
"18 May 2010 - Finnish electronics producer Elcoteq SE HEL : ELQAV said today that it has signed an extensive cooperation agreement on industrialisation , manufacturing , distribution and after-market services for mobile phones with Japan 's Sharp TYO : 6753 .",2,positive,positive,0.9428107738494873,0.9428107738494873,0.019259387627243996,0.037929926067590714
"After the split , the number of K shares will be 9 540 000 and the number of A shares 26 885 540 .",1,neutral,neutral,0.956183135509491,0.020955584943294525,0.022861270233988762,0.956183135509491
Changes to the as-built models from the design were communicated to the subcontractors to accommodate them into the steel and GRC fabrication process .,1,neutral,neutral,0.8359931111335754,0.15466313064098358,0.009343775920569897,0.8359931111335754
International operations accounted for over 80 % of net sales .,1,neutral,neutral,0.9061422348022461,0.08178737014532089,0.01207046490162611,0.9061422348022461
"Outotec 's scope of delivery covers the engineering , supply of special equipment and services for a calcination plant with two circulating fluid bed calciners .",1,neutral,neutral,0.935061514377594,0.05453686788678169,0.010401641950011253,0.935061514377594
Bioheapleaching makes extraction of metals from low grade ore economically viable .,1,neutral,neutral,0.5735657811164856,0.4177463948726654,0.008687812834978104,0.5735657811164856
"The subsidiary will be responsible for filter sales , local assembly of filters and after market services in China .",1,neutral,neutral,0.9489396810531616,0.03753190115094185,0.013528360985219479,0.9489396810531616
"Paper companies were in negative territories , with Stora Enso R shedding 1.62 pct to 12.73 eur , UPM-Kymmene down 0.80 pct at 18.64 eur and M-real B 0.18 pct lower at 5.57 eur .",0,negative,negative,0.9722822308540344,0.0075737591832876205,0.9722822308540344,0.020144060254096985
"HELSINKI AFX - KCI Konecranes said it has raised its stake in MMH Holdings Inc , the owner of US-based Morris Materials Handling , to 90.9 pct from 74.5 pct .",2,positive,positive,0.9469501376152039,0.9469501376152039,0.021880703046917915,0.031169217079877853
"In the first nine months of 2010 , the company 's net loss narrowed to EUR415 ,000 from EUR7 .4 m for the corresponding period of 2009 .",2,positive,positive,0.9397594928741455,0.9397594928741455,0.03899552673101425,0.021244967356324196
"`` The new structure provides better communication , faster decision-making and cost savings , '' Proha said .",2,positive,positive,0.8964062929153442,0.8964062929153442,0.007969461381435394,0.0956241637468338
"Following the move , Stora Enso holding in NewPage will remain unchanged .",1,neutral,neutral,0.9488683342933655,0.029972516000270844,0.021159209311008453,0.9488683342933655
"HKScan is one of the leading food companies in northern Europe with homemarkets in Finland , Sweden , the Baltic countries and Poland .",1,neutral,neutral,0.5771160125732422,0.41563501954078674,0.007248963229358196,0.5771160125732422
Nokia - the world 's largest mobile phone manufacturer - and China Postel - China 's largest mobile phone distributor - have a long-standing partnership that continues to grow stronger over time .,2,positive,positive,0.9448325634002686,0.9448325634002686,0.018094049766659737,0.037073396146297455
"At the moment , Valio is not worried , but if the ban continues for long , it may become quite a problem .",0,negative,negative,0.9312773942947388,0.016838714480400085,0.9312773942947388,0.05188389867544174
"The Vuokatti unit will be developed to focus especially on the manufacture of prototypes , the ramp-up of new products and the demanding testing and after-sales services .",1,neutral,neutral,0.8062715530395508,0.18643563985824585,0.0072928485460579395,0.8062715530395508
"Both operating profit and net sales for the 12-month period increased , respectively from EUR20 .8 m and EUR177 .7 m , as compared to the financial year 2004 .",2,positive,positive,0.957729697227478,0.957729697227478,0.022475311532616615,0.019795011729002
"ALEXANDRIA , Va. , Oct. 23 -- Hans-Otto Scheck of Espoo , Finland , has developed a method of identifying remote radio units in a communication system .",1,neutral,neutral,0.8956767916679382,0.08874310553073883,0.015580128878355026,0.8956767916679382
"The GeoSolutions technology will leverage Benefon 's GPS solutions by providing Location Based Search Technology , a Communities Platform , location relevant multimedia content and a new and powerful commercial model .",2,positive,positive,0.6744750142097473,0.6744750142097473,0.007304743863642216,0.31822025775909424
The net sales of the whole fiscal year 2008 will be lower than in 2007 and operating profit is estimated to be negative .,0,negative,negative,0.9726865291595459,0.006989840883761644,0.9726865291595459,0.020323539152741432
The secondary antenna can also be used for reception of the high power signal of the radar to calibrate the transmission channels of the radar . '',1,neutral,neutral,0.9339754581451416,0.051680587232112885,0.014343932271003723,0.9339754581451416
The contract includes heating plant equipment and associated installation work .,1,neutral,neutral,0.9107815027236938,0.07304857671260834,0.016169918701052666,0.9107815027236938
"Ramirent 's net sales in the second quarterended June 30 were EURO 128.7 million about U.S. $ 163 million , a 3.3-percent increase compared with EURO 124.6 million for thesecond quarter last year .",2,positive,positive,0.9552369117736816,0.9552369117736816,0.023375211283564568,0.021387889981269836
Scanfil holdings include 100 % of contract electronics manufacturer Scanfil EMS Group .,1,neutral,neutral,0.9518018960952759,0.0319717675447464,0.016226354986429214,0.9518018960952759
Net sales in 2006 totaled EUR 302 million and the operating margin was 16 % .,1,neutral,neutral,0.8361788392066956,0.14289818704128265,0.02092294953763485,0.8361788392066956
"The remaining amount will be funded through debt , the Danish bank said .",1,neutral,neutral,0.924049973487854,0.06408665329217911,0.011863327585160732,0.924049973487854
"`` We love Activision 's fresh , colorful approach to Rapala : We Fish , '' said Kelly Brockpahler , Rapala .",2,positive,positive,0.8198109865188599,0.8198109865188599,0.013612226583063602,0.1665768325328827
Finnish silicon wafer technology company Okmetic Oyj OMX Helsinki : OKM1V said on Wednesday 17 September that it will invest EUR6m in its sensor wafer business during 2009 .,1,neutral,neutral,0.8802480101585388,0.1110445037484169,0.008707456290721893,0.8802480101585388
"The total number of voting rights is 74,612,523 .",1,neutral,neutral,0.9535041451454163,0.02351921796798706,0.022976644337177277,0.9535041451454163
UPM 's aim is to secure Botnia 's strategic development and investments .,1,neutral,positive,0.7883931994438171,0.7883931994438171,0.007119710091501474,0.20448707044124603
"Finnish construction machinery and equipment rental group Cramo Oyj said on March 21 , 2007 its Swedish sector subsidiary Cramo AB will sell its Dutch subsidiary Cramo Nederland B.V. ( CNL ) to Dutch rental and scaffolding company Jaston Groep B.V. for an undisclosed sum .",1,neutral,neutral,0.943274736404419,0.03655947372317314,0.020165875554084778,0.943274736404419
"Tecnomen 's system features a new range of value-added services for prepaid and post-paid billing , charging and rating of voice calls , data traffic , or any kind of content services in both mobile and fixed networks .",1,neutral,neutral,0.8323355317115784,0.16004781424999237,0.007616641465574503,0.8323355317115784
"Quarterly diluted EPS on continuing operations came in at 0.21 eur , compared with last year 's 0.12 eur .",2,positive,positive,0.6778067350387573,0.6778067350387573,0.2936209440231323,0.02857234701514244
"According to CEO Kai Telanne , the company 's newspapers achieved the best financial result ever .",2,positive,positive,0.9523110389709473,0.9523110389709473,0.01942725107073784,0.02826165035367012
The expanded plant is scheduled to be operational by the middle of October 2009 .,1,neutral,neutral,0.7906043529510498,0.19970084726810455,0.009694828651845455,0.7906043529510498
"Cencorp would focus on the development , manufacture and marketing of standard products for production automation .",1,neutral,neutral,0.91433185338974,0.07684807479381561,0.00882009882479906,0.91433185338974
Neste Shipping is the most likely to remain Finnish as the oil sector and its transports are significant for emergency supply .,1,neutral,negative,0.3832310140132904,0.274538516998291,0.3832310140132904,0.3422304391860962
"The company is in charge of all natural gas storage activities in France , Great Britain , and Germany .",1,neutral,neutral,0.9503093957901001,0.03552107885479927,0.014169516041874886,0.9503093957901001
"Our in-depth expertise extends to the fields of energy , industry , urban & mobility and water & environment .",1,neutral,neutral,0.9252943992614746,0.06386392563581467,0.010841628536581993,0.9252943992614746
The newspaper 's best sales asset is high quality journalism and journalistic content .,1,neutral,neutral,0.6352989673614502,0.3563200831413269,0.008380953222513199,0.6352989673614502
A memorandum of understanding on cooperation between the Finnish Global Chemical Company KEMIRA and Vietnam National Chemicals Group ( Vinachem ) was signed on this occasion .,2,positive,positive,0.9321885108947754,0.9321885108947754,0.015760481357574463,0.05205098167061806
City CU Welcomes DART Members DALLAS-City CU welcomes the members of DART FCU as they merge with City CU .,1,neutral,neutral,0.8825319409370422,0.10410147905349731,0.013366601429879665,0.8825319409370422
Pharmaceutical market in Poland Global Research & Data Services published recently a market analysis about the pharmaceutical markets in Poland .,1,neutral,neutral,0.9352744817733765,0.04766453430056572,0.017060941085219383,0.9352744817733765
EB will hold the exclusive rights to market the new entity 's product .,1,neutral,neutral,0.8981265425682068,0.09460882097482681,0.007264668121933937,0.8981265425682068
"Music is provided by all major international and regional labels including Universal Music Group , Sony Music Entertainment , Warner Music , EMI Music , Rotana , Mazzika , Melody Music , Platinum Records , and leading content aggregator The Orchard , as well as thousands of independent labels .",1,neutral,neutral,0.9081825613975525,0.08112883567810059,0.010688556358218193,0.9081825613975525
"Okmetic closed its plant in Espoo in early 2004 , and all production lines from the site were moved to Okmetic 's plants in Vantaa , Finland and Texas , USA .",1,neutral,neutral,0.6254411339759827,0.02109352871775627,0.35346534848213196,0.6254411339759827
Raisio 's malting capacity was in full use in 2008 .,2,positive,positive,0.8710676431655884,0.8710676431655884,0.007996746338903904,0.12093551456928253
"Net interest income was EUR 39.3 mn , up from EUR 32.7 mn .",2,positive,positive,0.9556911587715149,0.9556911587715149,0.0216013602912426,0.02270740084350109
The MET is located in the Central Business District ( CBD ) of Bangkok .,1,neutral,neutral,0.9347169399261475,0.05198961868882179,0.013293427415192127,0.9347169399261475
"Both operating profit and net sales for the six-month period increased , respectively from EUR18 .1 m and EUR127 .6 m , as compared to the corresponding period in 2006 .",2,positive,positive,0.9580706357955933,0.9580706357955933,0.02217923291027546,0.019750183448195457
"EUR928 ,000 in Q1 2010 6 May 2010 - Finnish textile and clothing design company Marimekko Oyj ( HEL : MMO1V ) said today its net profit rose to EUR928 ,000 in the first quarter of 2010 from EUR13 ,000 in the corresponding period a year earlier .",2,positive,positive,0.9479404091835022,0.9479404091835022,0.027964696288108826,0.024094892665743828
Quality chargers under CHARGZ brand are sold in selected retail stores and other sales locations world-wide .,1,neutral,neutral,0.9165287017822266,0.07410085946321487,0.009370366111397743,0.9165287017822266
"In addition , the production at the Varpaisj+â rvi factory will be stopped at the beginning of April 2009 .",0,negative,negative,0.8736810684204102,0.010025355964899063,0.8736810684204102,0.1162935271859169
"Additionally , retailers can use the same hardware across all tasks in stores and throughout the warehouse , providing substantial savings on support and infrastructure costs .",1,neutral,positive,0.8174999952316284,0.8174999952316284,0.006933983881026506,0.17556598782539368
The acquisition is expected to improve access to chrome ore resources in Turkey .,2,positive,positive,0.9422509670257568,0.9422509670257568,0.009834959171712399,0.047914035618305206
"I am looking forward to contribute to SRV 's success with my competence '' , says Taneli Hassinen .",2,positive,positive,0.8092095255851746,0.8092095255851746,0.008528830483555794,0.18226173520088196
"ADPnews - Jul 17 , 2009 - Finland-based steel maker Rautaruukki Oyj Ruukki HEL : RTRKS said today it slipped to a net loss of EUR 184 million USD 259.7 m for the first half of 2009 from a net profit of EUR 2",0,negative,negative,0.9749993681907654,0.008729346096515656,0.9749993681907654,0.016271263360977173
CapMan made its initial investment in OneMed in June 2006 .,1,neutral,neutral,0.9288707971572876,0.06015768647193909,0.010971572250127792,0.9288707971572876
"Simultaneously with this merger plan another merger plan has been signed , according to which Suomen Projektivuokraus Oy , a subsidiary of VTM-Rakennuskonevuokraamo Oy , would be merged with VTM-Rakennuskonevuokraamo Oy .",1,neutral,neutral,0.935488224029541,0.04879216104745865,0.015719585120677948,0.935488224029541
Earnings per share EPS rose to EUR 0.11 from EUR 0.03 .,2,positive,positive,0.9541828632354736,0.9541828632354736,0.0238591767847538,0.02195795439183712
"The new company , DiaPol S.r.l. , would manufacture tools meant for glass and stone pre-processing .",1,neutral,neutral,0.8991695642471313,0.0915023535490036,0.009328152053058147,0.8991695642471313
Work on the assignment has already started and is due for completion in spring 2011 .,1,neutral,neutral,0.8749753832817078,0.11015499383211136,0.014869572594761848,0.8749753832817078
"Cooper SH , the UK distributor for lift equipment manufacturer Konecranes , won the five-year deal which involves low maintenance and fuel saving technologies .",2,positive,positive,0.8789880871772766,0.8789880871772766,0.007923191413283348,0.11308867484331131
Finnish paints and coatings company Tikkurila Oyj ( HEL : TIK1V ) announced today the launch of Tikkurila ProHouse method for protection of wooden surfaces via treatment with Ultra Pro waterborne products .,1,neutral,neutral,0.6772294640541077,0.31536757946014404,0.007402951829135418,0.6772294640541077
Dutch publisher De Vijver said today it has agreed to buy a 49 % stake in Belgian weekly magazine Humo from Finnish media company Sanoma HEL : SAA1V .,1,neutral,neutral,0.7943808436393738,0.19547152519226074,0.010147628374397755,0.7943808436393738
"Due to the rapid decrease in net sales , personnel reductions have been carried out on a wider scale than initially expected .",0,negative,negative,0.9681777954101562,0.010028603486716747,0.9681777954101562,0.021793609485030174
Deliveries have started and the network will be ready for a launch soon .,2,positive,positive,0.5860551595687866,0.5860551595687866,0.0099954130128026,0.40394940972328186
"`` In Ukraine , too , we act as a partner for major bakery clients in both production and product development .",1,neutral,neutral,0.5346299409866333,0.4575728178024292,0.0077972980216145515,0.5346299409866333
"Kemira Coatings is the leading supplier of paints in Northern and Eastern Europe , providing consumers and professionals with branded products in approx .",2,positive,positive,0.76161789894104,0.76161789894104,0.005956779699772596,0.23242531716823578
"Back then , Tikkurila 's former owner , Finnish chemicals company Kemira Oyj HEL : KRA1V , distributed an 86 % stake to Kemira shareholders to facilitate the divestment and listing of Tikkurila .",1,neutral,neutral,0.9151240587234497,0.07261718064546585,0.012258751317858696,0.9151240587234497
Finnish retail software developer Aldata Solution Oyj reported a net loss of 11.7 mln euro $ 17.2 mln for 2007 versus a net profit of 2.5 mln euro $ 3.7 mln for 2006 .,0,negative,negative,0.9683352708816528,0.02086542546749115,0.9683352708816528,0.010799356736242771
"agreement with SHB 30 December 2009 - Finnish financial services group Aktia HEL : AKTAV has concluded a market making agreement with Svenska Handelsbanken STO : SHB A , or SHB , the two parties said today .",2,positive,positive,0.9363969564437866,0.9363969564437866,0.016624590381979942,0.04697844758629799
Stora is due to release its fourth-quarter and 2009 full-year earnings on Feb. 4 .,1,neutral,neutral,0.9415441751480103,0.02572786621749401,0.0327279195189476,0.9415441751480103
The stock was hit by the profit warning of Finnish rival Rautaruukki Oyj ( OMX : RTRKS ) .,0,negative,negative,0.9716413021087646,0.008790852501988411,0.9716413021087646,0.01956789940595627
An EU law on the issue may be introduced around 2010 .,1,neutral,neutral,0.8863124847412109,0.09912122040987015,0.014566349796950817,0.8863124847412109
Nokia said the outcome was a `` fair and responsible social plan . '',1,neutral,neutral,0.6910936236381531,0.2974545657634735,0.011451814323663712,0.6910936236381531
"The company is in the process of building a new fleet and has placed orders for 10 P-Max tankers of 65,200 dwt .",2,positive,positive,0.7971519231796265,0.7971519231796265,0.008046423085033894,0.1948017179965973
"Nordea Pankki Suomi Oyj , according to previously announced , has made forward contracts on Alma Media Corporation shares .",1,neutral,positive,0.563540518283844,0.563540518283844,0.016722634434700012,0.41973677277565
"It started with software that was capable of retrieving the data typed into the computer keyboard ( `` keyloggers '' ) , and then more complex mechanisms arrived on the scene , such as phishing and pharming .",1,neutral,neutral,0.912109375,0.0648605152964592,0.023030098527669907,0.912109375
"Salo , Finland , 29 August 2006 - Benefon has today announced its plans to further strengthen its in-house technology platform , by licensing the complete mobile software platform , Opna , from its long-standing technology partner , Pollex .",2,positive,positive,0.9365324974060059,0.9365324974060059,0.012186487205326557,0.05128100514411926
"Excluding non-recurring items , pre-tax profit surged 45 % to EUR80m .",2,positive,positive,0.9576560258865356,0.9576560258865356,0.021208113059401512,0.02113587036728859
`` I 'm not sure what 's happening .,1,neutral,negative,0.5738080739974976,0.035542674362659454,0.5738080739974976,0.3906492292881012
"Tampere Science Parks is a Finnish company that owns , leases and builds office properties and it specialises in facilities for technology-oriented businesses .",1,neutral,neutral,0.9488577842712402,0.03649807348847389,0.014644074253737926,0.9488577842712402
These share transactions are part of the company 's strategy of relinquishing assets that are not part of its core business .,1,neutral,neutral,0.9401413798332214,0.046325426548719406,0.013533161953091621,0.9401413798332214
"The business had gross written premiums of EUR152 .4 m (  91.5 m ) in 2000 , a net combined ratio of 133 % and 175 staff in total with offices in the UK , Germany and Benelux .",1,neutral,neutral,0.9195834994316101,0.06574399024248123,0.014672510325908661,0.9195834994316101
The company 's net sales in 2010 totalled MEUR 311.4 with an operating margin of 13.9 per cent .,1,neutral,neutral,0.9043261408805847,0.07994572818279266,0.015728168189525604,0.9043261408805847
"The number of class A shares remains unchanged at 9,526,089 shares .",1,neutral,neutral,0.918286919593811,0.032596930861473083,0.049116101115942,0.918286919593811
"In Middle East & North Africa , Tecnotree has grown considerably in the recent years .",2,positive,positive,0.9106462001800537,0.9106462001800537,0.007603198289871216,0.08175064623355865
The company 's strength is its Apetit brand .,2,positive,positive,0.5072194337844849,0.5072194337844849,0.008243287913501263,0.4845373034477234
The report contains category level company and brand share as well as distribution share information for 2007 and 2008 .,1,neutral,neutral,0.9501996040344238,0.02585296891629696,0.023947397246956825,0.9501996040344238
The optimization of the steel components heating process will reduce the energy consumption .,2,positive,positive,0.8757596015930176,0.8757596015930176,0.009459096007049084,0.11478124558925629
The non-recurring costs caused to Talentum 's Premedia business area by the restructuring will amount to 2.0 mln euro $ 2.7 mln and will be included in the company 's financial results for the second quarter of 2007 .,1,neutral,neutral,0.9263885617256165,0.030140813440084457,0.043470609933137894,0.9263885617256165
YIT Construction and the town of Riihim+ñki have signed a lease contract whereby the town will occupy the Travel Centre office facilities .,2,positive,positive,0.8943809270858765,0.8943809270858765,0.012440782971680164,0.09317829459905624
The deal is subject to approval by the Norwegian competition authorities .,1,neutral,neutral,0.9112568497657776,0.07718881219625473,0.011554352939128876,0.9112568497657776
Metsaliitto said that it will book a minor gain of less than EUR1 .0 m from the transaction .,2,positive,positive,0.9121332168579102,0.9121332168579102,0.013272376731038094,0.0745943933725357
Finnish-Swedish Stora Enso does not understand the decision issued by a federal judge in Brazil concerning Stora Enso 's associated pulp company Veracel .,0,negative,negative,0.9148279428482056,0.010867740958929062,0.9148279428482056,0.07430431991815567
Automation makes it possible to conduct several tests simultaneously .,1,neutral,neutral,0.9398053884506226,0.04128045216202736,0.018914146348834038,0.9398053884506226
The soapstone deposits in the Medvezhyegorsk area are expected to increase Tulikivi 's current reserves considerably .,2,positive,positive,0.9523037075996399,0.9523037075996399,0.015653183683753014,0.03204311057925224
"Later on , about 150 Finnish-made houses will be build in the area .",1,neutral,neutral,0.9225772023200989,0.060995250940322876,0.01642759144306183,0.9225772023200989
"SDM offers general rental equipment , aluminium scaffolding , power generator and hoists to customers in the construction sector .",1,neutral,neutral,0.9252410531044006,0.06339868903160095,0.01136026717722416,0.9252410531044006
"In the reporting period , the company 's operating profit grew by 43.2 % to EUR 6 million .",2,positive,positive,0.955447256565094,0.955447256565094,0.017040714621543884,0.02751198410987854
The value of the deal is estimated at between SEK25m and SEK50m .,1,neutral,neutral,0.9359806776046753,0.05106880143284798,0.012950544245541096,0.9359806776046753
Finnish Benefon denies claims made in the press that the company is giving up its mobile handset business .,1,neutral,neutral,0.8183883428573608,0.030893415212631226,0.1507183164358139,0.8183883428573608
"During the strike , Finnair estimates to incur a net loss of between EUR2m and EUR2 .5 m per day .",0,negative,negative,0.9645459651947021,0.01728234253823757,0.9645459651947021,0.018171710893511772
"France T+®l+®com spent more time studying TeliaSonera than other potential takeover targets because it has a shareholder that wants to sell , Pellissier said .",1,neutral,neutral,0.8745331764221191,0.09311407804489136,0.03235269710421562,0.8745331764221191
Ruukki forecast a 15-20 % annual sales growth and a positive pretax result for 2010 .,2,positive,positive,0.9547516107559204,0.9547516107559204,0.017847232520580292,0.027401192113757133
"The company serves customers in various industries , including process and resources , industrial machinery , architecture , building , construction , electrical , transportation , electronics , chemical , petrochemical , energy , and information technology , as well as catering and households .",1,neutral,neutral,0.9448538422584534,0.0375257208943367,0.01762048900127411,0.9448538422584534
"The outsourcing agreement , which covers equipment and depots in Turku and Tampere , will run for five years , Cramo said on Thursday .",1,neutral,neutral,0.5108939409255981,0.478444367647171,0.01066170446574688,0.5108939409255981
"So far Norwegian Norske Skog has reduced the staff levels by 1,000 people and plans to reduce production by 200,000 tons in 2008 , while Finnish-Swedish Stora Enso is to cut staff by 1,700 people and production by 500,000 tons .",0,negative,negative,0.967671275138855,0.0067949541844427586,0.967671275138855,0.025533653795719147
Net sales are expected to remain on the same level as in 2007 .,1,neutral,positive,0.5914896726608276,0.5914896726608276,0.021841375157237053,0.3866690397262573
The energy sector accounted for approximately 33 % and the steel industry for about 57 % of the transportation volume .,1,neutral,neutral,0.9472181797027588,0.028593534603714943,0.024188200011849403,0.9472181797027588
Stockmann was established in 1862 in Finland and it became the first foreign company to enter Russia 's retail trade market in 1989 .,1,neutral,neutral,0.7171033620834351,0.2756617069244385,0.007234848104417324,0.7171033620834351
"Finnair PLC carried a record 8.8 million passengers in 2006 , an increase of 3.5 percent on the previous year , the Finnish national carrier reported Tuesday .",2,positive,positive,0.9511358141899109,0.9511358141899109,0.02068168669939041,0.02818240411579609
It therefore seems that Finnish shipping company Viking Line will get the subsidy it needs to order its new LNG-fuelled vessel .,2,positive,positive,0.9442554712295532,0.9442554712295532,0.012327492237091064,0.0434170700609684
The company expects its net sales in 2008 to increase 5-10 % from 2007 .,2,positive,positive,0.9542987942695618,0.9542987942695618,0.019206330180168152,0.026494840160012245
"Under the transaction agreement , Metsaliitto will purchase 24.7 % of Metsa-Botnia 's shares from UPM and 3 % from M-real .",1,neutral,neutral,0.898307740688324,0.09158981591463089,0.010102376341819763,0.898307740688324
"Auburn 's sales in 2007 were CAD 41 million ( approximately EUR 27 million ) , and the company employs some 150 people .",1,neutral,neutral,0.9405701160430908,0.03636252135038376,0.023067329078912735,0.9405701160430908
"`` In the newly formed company YIT Stavo the local contact network , expertise and market know how of Euro Stavokonsult will be combined with YIT 's housing concept , '' said Juha Kostiainen , Yit 's Vice President , Corporate Communications and Business Development .",2,positive,positive,0.6055670380592346,0.6055670380592346,0.007664690259844065,0.38676831126213074
"`` We have come out with a decision which is based on our preliminary economic , operational and environmental findings , '' Karvinen said .",1,neutral,positive,0.5056780576705933,0.5056780576705933,0.015083790756762028,0.4792381823062897
"In Finland , Martela offers a comprehensive service that can cover the entire process of change from initial inventory and design to removal and maintenance .",1,neutral,neutral,0.9371935129165649,0.04962584003806114,0.013180647976696491,0.9371935129165649
"In addition , we will launch a versatile online service to complete the traditional printed newspaper , Mr. Valkama says .",1,neutral,positive,0.5391380786895752,0.5391380786895752,0.007836056873202324,0.45302578806877136
Welcome !,1,neutral,neutral,0.8289241790771484,0.1501949578523636,0.020880907773971558,0.8289241790771484
Metso Paper 's delivery will comprise an Advantage DCT 200 tissue machine including quality control and distributed control systems ( QCS-DCS ) .,1,neutral,neutral,0.8641848564147949,0.12876242399215698,0.007052678614854813,0.8641848564147949
This release is not an offer of securities for sale into the United States or elsewhere .,1,neutral,neutral,0.9497478604316711,0.02624659612774849,0.024005496874451637,0.9497478604316711
"The Group 's consolidated net sales for 2008 totaled 3.4 billion euros and it employs approximately 13,000 persons .",1,neutral,neutral,0.9459394216537476,0.031138738617300987,0.022921869531273842,0.9459394216537476
Finnish property investment company Citycon plans to issue directed subordinated convertible bonds to institutional investors .,1,neutral,neutral,0.8944759964942932,0.09706752747297287,0.008456476964056492,0.8944759964942932
"Stora Enso has also had meetings with the labor authorities , Employment and Economic Development Centres and representatives of the government in order to find solutions .",1,neutral,neutral,0.6602218151092529,0.3120816946029663,0.027696503326296806,0.6602218151092529
`` Our design team has long admired Marimekko 's vivid patterns and colors .,2,positive,positive,0.8499335646629333,0.8499335646629333,0.011742412112653255,0.13832402229309082
"In addition , the company will reduce a maximum of ten jobs .",0,negative,negative,0.9688695073127747,0.009344677440822124,0.9688695073127747,0.02178574912250042
Operating profit in the fourth quarter went down to EUR3m from EUR4 .2 m for the corresponding period of 2009 as it included costs of growth projects .,0,negative,negative,0.975330650806427,0.007217453792691231,0.975330650806427,0.017451854422688484
"The new company will buy from Baltic Pearl CJSC a lease right to 8.1 hectares for the construction of a mall with a gross area of 140,000 sq m 1.5 million sq ft .",1,neutral,neutral,0.7498044967651367,0.24250830709934235,0.007687191944569349,0.7498044967651367
"In the Homeware area , Fiskars provides leading branded products for home , kitchen , and interior design .",2,positive,neutral,0.6869140267372131,0.30520716309547424,0.007878763601183891,0.6869140267372131
The handset maker did not disclose any financial details .,1,neutral,neutral,0.9193419218063354,0.020017454400658607,0.060640599578619,0.9193419218063354
"The report also said Nokia 's operations comprising the sites at Bochum , Ulm , Dusseldorf , Munich and Frankfurt posted operating profit after interest of 246 mln eur .",1,neutral,positive,0.7183696627616882,0.7183696627616882,0.04253748059272766,0.23909293115139008
Finnish paper maker UPM-Kymmene Corp. on Monday announced the sale of its wrapping unit Walki Wisa to the CapMan investment group in a move to further concentrate on its core business .,1,neutral,neutral,0.8664611577987671,0.1238030344247818,0.009735846891999245,0.8664611577987671
`` The additional flight linking Mumbai with Helsinki was dictated by the strong traffic demand between Asia and Europe .,2,positive,negative,0.5802510976791382,0.24999657273292542,0.5802510976791382,0.16975237429141998
"The businesses to be divested offer dairy , edible fats , ready-meal and ice-cream packaging to multinational and local customers .",1,neutral,neutral,0.9440955519676208,0.03750406578183174,0.018400346860289574,0.9440955519676208
"However , he expects banks to provide alternative financing .",2,positive,positive,0.8991869688034058,0.8991869688034058,0.00961755495518446,0.0911954864859581
"The program , which was started in the summer of 2007 , was originally estimated to last approximately two years .",1,neutral,neutral,0.9025762677192688,0.08195493370294571,0.015468769706785679,0.9025762677192688
The terms and conditions of the year 2003 stock option scheme were published in a stock exchange release on 31 March 2003 .,1,neutral,neutral,0.9552503228187561,0.021648991852998734,0.02310067228972912,0.9552503228187561
The value of the order is EUR 4mn .,1,neutral,neutral,0.9405108094215393,0.04603339359164238,0.013455720618367195,0.9405108094215393
"The bank also expects additional costs , related to the Dash 8 - Q400 jets , which the group shelved in October 2007 .",1,neutral,negative,0.7145903706550598,0.04431780055165291,0.7145903706550598,0.24109181761741638
Finnish technology company Raute Corporation ( OMX Helsinki : RUTAV ) issued on Tuesday ( 23 September ) a profit warning for the financial year 2008 .,0,negative,negative,0.9679438471794128,0.017405575141310692,0.9679438471794128,0.014650548808276653
The tower 's engineers have created an 18 degree westward lean - four times the inclination on the Leaning Tower of Pisa - using diagrid structures that are aligned geometrically using Tekla Structures BIM ( Building Information Modeling ) software .,1,neutral,neutral,0.8738898634910583,0.11480215191841125,0.011307982727885246,0.8738898634910583
"`` This is super nasty , '' said Eric Schultze , chief technology officer at Shavlik Technologies LLC , a St. Paul , Minn.-based maker of patch management tools .",0,negative,negative,0.9520165324211121,0.010921696200966835,0.9520165324211121,0.03706177696585655
Financial details were not disclosed .,1,neutral,neutral,0.9348273873329163,0.021358318626880646,0.04381433129310608,0.9348273873329163
The acquisition of Boomeranger Boats Oy is in line with the Done Solutions strategy of developing its business through company acquisitions .,2,positive,positive,0.6960240006446838,0.6960240006446838,0.006652346812188625,0.29732364416122437
"Seppala 's revenue increased by 0.2 % to EUR10 .1 m. In Finland , revenue went down by 2.4 % to EUR6 .8 m , while sales abroad rose by 6.2 % to EUR3 .3 m. Sales increased in all the Baltic countries as well as in Russia and Ukraine .",2,positive,negative,0.6781295537948608,0.28549981117248535,0.6781295537948608,0.036370597779750824
Diluted earnings per share ( EPS ) declined to EUR 0.78 from EUR 1.76 .,0,negative,negative,0.9705179929733276,0.010599187575280666,0.9705179929733276,0.018882835283875465
Pharmaceuticals group Orion Corp reported a fall in its third-quarter earnings that were hit by larger expenditures on R&D and marketing .,0,negative,negative,0.975307285785675,0.007764237932860851,0.975307285785675,0.01692850887775421
Grapevine city officials in September approved $ 35 million in tax rebates and grants for the expansion .,2,positive,positive,0.8568827509880066,0.8568827509880066,0.01305812131613493,0.1300591379404068
"In addition , the existing service counter area in the reception hall will be rebuilt and access provided to local rail connections .",1,neutral,positive,0.8400049805641174,0.8400049805641174,0.00892748311161995,0.1510675698518753
The value of the contract is in total USD12m .,1,neutral,neutral,0.9416027665138245,0.04209471493959427,0.016302572563290596,0.9416027665138245
"Sales VAT inclusive expanded by 19 percent , to 351 million euros .",2,positive,positive,0.9582602977752686,0.9582602977752686,0.01436722930520773,0.02737237513065338
"SOUTHFIELD , Mich. -- Central Corporate Credit Union will again distribute patronage dividends to members by waiving all service fees incurred during the months of July and November 2008 , to the tune of an estimated $ 1 million .",2,positive,positive,0.9218564629554749,0.9218564629554749,0.0144130764529109,0.06373041123151779
The ore body is sufficient to support anticipated production for at least 46 years .,1,neutral,positive,0.733340322971344,0.733340322971344,0.00832326989620924,0.25833645462989807
"Apartments of YIT Home may be purchased in 5 regions of Russia , where YIT subsidiaries carry out their activities : Moscow and Moscow region , St. Petersburg , Ekaterinburg , Kazan and Rostov-on-Don .",1,neutral,neutral,0.946777880191803,0.041518762707710266,0.011703348718583584,0.946777880191803
"The scope of the project is to find the most cost-efficient method for phosphorous removal and to deliver the storing and dosing equipment , which can be used in continuous operation at the plants .",1,neutral,neutral,0.6553747653961182,0.33739563822746277,0.0072296392172575,0.6553747653961182
"In 2008 , Kemira recorded revenue of approximately EUR 2.8 billion and had a staff of 9,400 .",1,neutral,neutral,0.9433827996253967,0.033044856041669846,0.023572314530611038,0.9433827996253967
The orders also include a few high-power drives for the control of seismic compressors .,1,neutral,neutral,0.8664708733558655,0.12341514229774475,0.010113915428519249,0.8664708733558655
The shipyard hopes the regional government in Andalusia can offer its some form of financial support .,1,neutral,positive,0.919640064239502,0.919640064239502,0.010904869064688683,0.06945505738258362
An Apple spokeswoman said the company declined to comment .,1,neutral,neutral,0.7528082728385925,0.024754613637924194,0.22243709862232208,0.7528082728385925
"26 January 2011 - Finnish metal products company Componenta Oyj ( HEL : CTH1V ) said yesterday its net loss narrowed to EUR500 ,000 in the last quarter of 2010 from EUR5 .3 m for the same period a year earlier .",2,positive,positive,0.9378015995025635,0.9378015995025635,0.03879866749048233,0.023399755358695984
"Participants at any of the book discussions or other special events , or visitors to the car dealership were eligible to enter the drawing for the 2005 silver , four-door Altima .",1,neutral,neutral,0.9468672871589661,0.03209654986858368,0.021036168560385704,0.9468672871589661
"`` We hope to clarify our policies to Finnish businesses where there are any gray areas , '' Motlanthe said .",1,neutral,neutral,0.5719975233078003,0.3813273310661316,0.0466751828789711,0.5719975233078003
In the meantime the CEO 's duties will be assumed by Outotec 's Deputy CEO Seppo Rantakari .,1,neutral,neutral,0.9362528324127197,0.01910392753779888,0.04464322328567505,0.9362528324127197
"`` This is a significant milestone for Benefon , helping us to secure critical USP 's for our personal navigation product roadmap for 2007 and beyond , '' commented Simon Button , Chief Technology Officer at Benefon .",2,positive,positive,0.945440411567688,0.945440411567688,0.015363942831754684,0.039195675402879715
GenVec is a biopharmaceutical company developing novel therapeutic drugs and vaccines .,1,neutral,neutral,0.8462998867034912,0.14522984623908997,0.008470322005450726,0.8462998867034912
He is a member of the Board of numerous com-panies and a shareholder of the Boardman Ltd board specialist net-work .,1,neutral,neutral,0.9448387026786804,0.0367395281791687,0.018421756103634834,0.9448387026786804
"The Russian gas giant invested another 46 million litas in the company in late 2004 and now owns 99.5 percent of its stock capital , which amounts to 86.936 million litas .",1,neutral,neutral,0.9222120046615601,0.06663116067647934,0.011156892403960228,0.9222120046615601
"The company booked April-June new orders worth 949 mln eur , compared with 786 mln eur in the same period a year ago .",2,positive,positive,0.9092801809310913,0.9092801809310913,0.07106751203536987,0.019652292132377625
"The total size of the complex is around 25,000 m2 and the project will be constructed in stages .",1,neutral,neutral,0.9144365787506104,0.07477939128875732,0.010783962905406952,0.9144365787506104
"According to Atria 's President and CEO Matti Tikkakoski , the company 's Swedish operations significantly improved in the first quarter .",2,positive,positive,0.9615761041641235,0.9615761041641235,0.017402546480298042,0.02102130651473999
"A light , bright and pretty addition to your life , it will also keep a few pennies in your bank account .",1,neutral,neutral,0.8707584142684937,0.11865466833114624,0.010586881078779697,0.8707584142684937
The company then said it will focus its resources on clinical research .,1,neutral,neutral,0.8992133140563965,0.09049934893846512,0.010287373326718807,0.8992133140563965
Merrill Lynch analyst Campbell Morgan upgraded his recommendation on PaperlinX from `` neutral '' to `` buy '' in May .,2,positive,positive,0.9463567137718201,0.9463567137718201,0.019926002249121666,0.03371736407279968
"The order includes a steel frame , load-bearing roof structures and partition wall elements , and Rautaruukki said it expects to complete installation as early as May next year .",1,neutral,neutral,0.8208548426628113,0.16922277212142944,0.009922322817146778,0.8208548426628113
The companies signed the letter of intent for the sale on 17 September 2010 and envisaged to seal the actual agreement on 1 January 2011 .,1,neutral,neutral,0.6818597912788391,0.30690523982048035,0.011234989389777184,0.6818597912788391
Rapala aims to move the distribution unit Ragot from Loudeac in Bretagne and the distribution unit Waterqueen and the fishing line supplier Tortue from Saint Marcel in Central France to Morvillars .,1,neutral,neutral,0.912884533405304,0.07327145338058472,0.0138440802693367,0.912884533405304
"Based on the design of previous handsets , the Nokia E72 and Nokia E63 this Symbian-based model is promised to offer direct access to over 90 per cent of the world s corporate email through Mail for Exchange and IBM Lotus Notes Traveler .",1,neutral,neutral,0.705881655216217,0.2866211235523224,0.007497206795960665,0.705881655216217
The site will cover over six hectares .,1,neutral,neutral,0.9279663562774658,0.061150677502155304,0.010882957838475704,0.9279663562774658
Microsoft last week also issued the first patch for the Windows 7 operating system beta it had released days earlier .,1,neutral,neutral,0.7609924077987671,0.20880663394927979,0.030200939625501633,0.7609924077987671
Componenta 's objective with this agreement is to increase business on its existing production lines .,2,positive,positive,0.9287466406822205,0.9287466406822205,0.008415781892836094,0.06283752620220184
"Simmons Elected DCUC Chairman PORTSMOUTH , N.H.-Gordon A. Simmons , CEO of Service Credit Union , has been elected chairman of the Defense Credit Union Council for the 2007-2008 term .",1,neutral,neutral,0.9320869445800781,0.04555907100439072,0.022354047745466232,0.9320869445800781
The value of the orders is about EUR 70mn .,1,neutral,neutral,0.9421167969703674,0.04174692556262016,0.01613631844520569,0.9421167969703674
"It now owns 80,565 shares in Amer Sports Corporation , equaling 0.11 % of the company 's share capital and voting rights .",1,neutral,neutral,0.9195858240127563,0.06936292350292206,0.011051279492676258,0.9195858240127563
"Compared with the FTSE 100 index , which fell 35.2 points ( or 0.6 % ) on the day , this was a relative price change of 0.6 % .",1,neutral,negative,0.9223862886428833,0.042333874851465225,0.9223862886428833,0.0352797769010067
Nokian Capacitors ' equipment will be used to raise the capacity and reliability of the Indian grid .,2,positive,positive,0.8607599139213562,0.8607599139213562,0.006563786882907152,0.13267630338668823
"The gross area of the Innova 2 project will be about 10,000 sq m ( 107,600 sq ft ) .",1,neutral,neutral,0.9408625364303589,0.04847213625907898,0.010665375739336014,0.9408625364303589
"The company operates its business through two reportable segments , including Banking and Investment Services , and Non-Life Insurance .",1,neutral,neutral,0.9462259411811829,0.03950957581400871,0.014264514669775963,0.9462259411811829
"The business transfer will take effect from 1 January 2007 , and in connection with this 47 employees will transfer from Elisa to Daxtum as continuing employees .",1,neutral,neutral,0.9412312507629395,0.046408675611019135,0.012360050342977047,0.9412312507629395
"At 3:37 p.m. Eastern time , a block of 2,400 contracts changed hands at a bid price of $ 0.45 .",1,neutral,neutral,0.8969349265098572,0.07424013316631317,0.028824998065829277,0.8969349265098572
"The orange-handled scissors from Fiskars are part of the permanent design collection of the Museum of Modern Art in New York , as well as the Philadelphia Museum of Art .",1,neutral,neutral,0.9266812801361084,0.038519587367773056,0.034799132496118546,0.9266812801361084
The issue came up in connection with discussion with local municipalities concerning the sale of water to industrial facilities .,1,neutral,neutral,0.9267883896827698,0.05434809997677803,0.018863588571548462,0.9267883896827698
"The floor area of the Yliopistonrinne project will be 7,900 sq m and the building 's gross area will total 12,800 sq m. A total 25.1 % of the facilities have been let .",1,neutral,neutral,0.9412854313850403,0.040680691599845886,0.018033811822533607,0.9412854313850403
"HELSINKI AFX - Cramo said it has agreed to sell Cramo Nederland BV CNL , its Dutch machinery and equipment rental unit , to Jaston Groep for an undisclosed sum .",1,neutral,neutral,0.8803669214248657,0.10809413343667984,0.01153896190226078,0.8803669214248657
The sale price was not disclosed .,1,neutral,neutral,0.9512166976928711,0.02297840639948845,0.025804925709962845,0.9512166976928711
The Remote Radio head module will be available at 4W power for 2.5 GHz and 3.5 GHz TDD frequency bands .,1,neutral,neutral,0.9176035523414612,0.07265716791152954,0.009739226661622524,0.9176035523414612
Rapala said it estimates it will make savings of 1-2 mln eur a year by centralising its French operations at one site .,2,positive,positive,0.9134541749954224,0.9134541749954224,0.008780992589890957,0.0777648538351059
The subscription period of Amer Sports ' 2002 warrant scheme will end on 31 December 2007 .,1,neutral,neutral,0.9138250946998596,0.016198623925447464,0.06997627019882202,0.9138250946998596
"Net sales in 2010 were about EUR 2.0 billion , of which international operations accounted for roughly a quarter .",1,neutral,neutral,0.9383710026741028,0.03977080062031746,0.02185823768377304,0.9383710026741028
"The above mentioned shareholders will suggest that a monthly salary of EUR 1,400 would be paid for the Board members outside the company .",1,neutral,neutral,0.9130876064300537,0.050954483449459076,0.03595792502164841,0.9130876064300537
"These new units will be built at Cargotec 's state of the art manufacturing facility in San Antonio , Texas , USA , which started operations in 2009 .",1,neutral,neutral,0.6502637267112732,0.34222671389579773,0.0075095705687999725,0.6502637267112732
We have made long-term investments in developing the system 's implementation model .,1,neutral,positive,0.8363692760467529,0.8363692760467529,0.007914315909147263,0.1557164341211319
Pohjola could increase its stake to 45 % in 2013 .,1,neutral,positive,0.8766720294952393,0.8766720294952393,0.007432279177010059,0.11589578539133072
Construction is scheduled to start in April-June 2007 and to be completed in early 2008 .,1,neutral,neutral,0.8997307419776917,0.0877528116106987,0.01251641009002924,0.8997307419776917
"Net income from life insurance doubled to EUR 6.8 mn from EUR 3.2 mn , and net income from non-life insurance rose to EUR 5.2 mn from EUR 1.5 mn in the corresponding period in 2009 .",2,positive,positive,0.9523158073425293,0.9523158073425293,0.025670407339930534,0.0220138318836689
"According to Arokarhu , some of the purchases that had been scanned into the cash register computer disappeared when the total sum key was pressed .",0,negative,negative,0.8618226647377014,0.0128965238109231,0.8618226647377014,0.12528079748153687
"The 718,430 new Series A shares will become subject to trading on the Helsinki Stock Exchange 's Main List , together with the old Series A shares , on July 3 , 2006 .",1,neutral,neutral,0.9568549990653992,0.02365526556968689,0.01948973909020424,0.9568549990653992
"L+ñnnen Tehtaat 's Food Division was reorganised into two strategic business units , Apetit Frozen Foods and Jams , and Apetit Fish .",1,neutral,neutral,0.9379023313522339,0.044817276298999786,0.017280321568250656,0.9379023313522339
Finnish metal products company Componenta Oyj net profit rose to 26.1 mln euro ( $ 35.9 mln ) for the first quarter of 2007 from 5.3 mln euro ( $ 7.3 mln ) for the same period of 2006 .,2,positive,positive,0.9518585801124573,0.9518585801124573,0.028630921617150307,0.019510414451360703
`` Ixonos has a rich heritage in developing leadership experiences in the smartphone segment .,2,positive,positive,0.6973525881767273,0.6973525881767273,0.007677322253584862,0.2949700355529785
"The acquisition does not have to be from the frozen foods or fish sector , as long as it has synergies with L+ñnnen Tehtaat 's other businesses .",1,neutral,neutral,0.8755388855934143,0.11685626953840256,0.007604833226650953,0.8755388855934143
"The size of the extension , 18.5 % of which already has been let , will have a gross area of about 2,830 sq m 30,460 sq ft .",1,neutral,neutral,0.8915178775787354,0.10000340640544891,0.008478764444589615,0.8915178775787354
The company will use the assets for strengthening its balance sheet and financial position .,2,positive,positive,0.9283186197280884,0.9283186197280884,0.011351793073117733,0.060329537838697433
"Svyturys-Utenos Alus , which is controlled by the Nordic group Baltic Beverages Holding ( BBH ) , posted a 4.7-per-cent growth in beer sales for January-May to 46.22 million litres .",2,positive,positive,0.952388346195221,0.952388346195221,0.01967565156519413,0.027936004102230072
"HK Ruokatalo produces many turkey products , such as cold cuts .",1,neutral,neutral,0.9238269925117493,0.059057943522930145,0.017115045338869095,0.9238269925117493
"Thus the method will cut working costs , and will fasten the planning and building processes .",2,positive,positive,0.8113608360290527,0.8113608360290527,0.016955498605966568,0.17168362438678741
"`` P&O Ferries now has a very efficient and powerful vessel for its Dover to Calais route , '' head of the shipbuilder 's Rauma yard , Timo Suistio , said .",2,positive,positive,0.9332315921783447,0.9332315921783447,0.011092375963926315,0.05567597225308418
"The total investment necessary will be EUR40m , the company estimated .",1,neutral,neutral,0.8816401958465576,0.10936953127384186,0.008990306407213211,0.8816401958465576
"CHS Expo Freight is a major Finnish fair , exhibition and culture logistics company that provides logistics services to various events by land , air and sea .",1,neutral,neutral,0.9235242605209351,0.06638123095035553,0.010094543918967247,0.9235242605209351
Salcomp Manufacturing Oy will pay EUR 35 million in cash to Salcomp in connection with the implementation of the sale and transfer of the Business .,1,neutral,neutral,0.891805112361908,0.09789247065782547,0.010302405804395676,0.891805112361908
The combined capital of these funds is expected to be EUR 100mn-150mn .,1,neutral,neutral,0.9118462800979614,0.07866746187210083,0.009486258961260319,0.9118462800979614
"The plant will be fired with a combination of spruce bark , chipped logging residues or milled peat .",1,neutral,neutral,0.93819659948349,0.04444683715701103,0.017356576398015022,0.93819659948349
"The antibody , given at repeated doses of up to 8 mg-kg , was generally well tolerated , and the pharmacokinetic characteristics of BTT-1023 in psoriasis patients were consistent with those observed in a previously completed study in rheumatoid arthritis RA patients .",2,positive,positive,0.8792701363563538,0.8792701363563538,0.015095321461558342,0.10563451051712036
Lieksaare Oy has earlier been regarded under the control of Saarelainen Oy and the individual shareholders under the shareholder agreement .,1,neutral,neutral,0.9543459415435791,0.021148232743144035,0.024505803361535072,0.9543459415435791
Subject-matter of the invention furthermore is the use of the cyclone for separating partly molten particles . '',1,neutral,neutral,0.9269665479660034,0.05901498347520828,0.014018450863659382,0.9269665479660034
The Notice in its entirety with other proposals from the Nomination Committee and the Board will be published at least four weeks before 28 April on the company 's website and in Post - och Inrikes Tidningar and Dagens Industri .,1,neutral,neutral,0.952508807182312,0.01819908805191517,0.0292921494692564,0.952508807182312
The group 's 12-month operating profit grew 31 percent to 337.8 million euros .,2,positive,positive,0.9576618075370789,0.9576618075370789,0.017523951828479767,0.024814296513795853
"The alliance aims to tap pocketable mobile computers , netbooks , tablets , mediaphones , connected TVs and in-vehicle infotainment systems .",1,neutral,neutral,0.8070440292358398,0.18594276905059814,0.007013191003352404,0.8070440292358398
"`` There 's the issue of thieves stealing them from building sites , '' said Mr Smith .",0,negative,negative,0.883791446685791,0.01922840066254139,0.883791446685791,0.09698013961315155
"Metrics in QPR ScoreCard now support date , text and milestone-based values , which improve its support for managing projects around performance or process-related content .",2,positive,positive,0.9197149872779846,0.9197149872779846,0.00750716682523489,0.07277782261371613
The plant is expected to start production in the first half of 2007 .,1,neutral,neutral,0.8772454857826233,0.11248990893363953,0.010264581069350243,0.8772454857826233
Fortum had intended to spend as much as ( EURO ) 2.7 bn to become the sole owner of TGK-10 .,1,neutral,neutral,0.8685286045074463,0.12247106432914734,0.009000289253890514,0.8685286045074463
No financial details were available .,1,neutral,neutral,0.9259278178215027,0.019193556159734726,0.0548785999417305,0.9259278178215027
The situation of coated magazine printing paper will continue to be weak .,0,negative,negative,0.881057620048523,0.028752170503139496,0.881057620048523,0.09019017964601517
Finnlines said that the deal is part of its strategy to focus on its core businesses .,1,neutral,neutral,0.5433310866355896,0.4488835036754608,0.007785370573401451,0.5433310866355896
The exercise price of the option will be based on Safran Software Solutions ' license and maintenance sales as well as the result of the company .,1,neutral,neutral,0.9501621127128601,0.03679029643535614,0.013047602027654648,0.9501621127128601
Aldata said that there are still a number of operational aspects to be defined between it and Microsoft and further details of the product and market initiatives resulting from this agreement will be available at a later date .,1,neutral,neutral,0.8965831995010376,0.09238064289093018,0.011036199517548084,0.8965831995010376
"Finnish forest machinery and equipment maker Ponsse Oyj said on October 5 , 2007 it will deliver a total of 67 cut-to-length method forest machines and 44 harvester heads to Brazilian paper maker Bahia Pulp and to unnamed Uruguayan wood harvesting contractors .",2,positive,neutral,0.531906008720398,0.45866307616233826,0.009430870413780212,0.531906008720398
"Operating loss was EUR 179mn , compared to a loss of EUR 188mn in the second quarter of 2009 .",2,positive,negative,0.9715364575386047,0.019461197778582573,0.9715364575386047,0.009002422913908958
Juha-Pekka Weckstr+Âm has been appointed President of telecom group TeliaSonera Finland to succeed Esa Rautalinko .,1,neutral,neutral,0.9195766448974609,0.03221777454018593,0.04820561408996582,0.9195766448974609
"`` The new agreement is a continuation to theagreement signed earlier this year with the Lemminkainen Group , whereby Cramo acquired the entire construction machine fleet ofLemminkainen Talo Oy Ita - ja Pohjois Suomo , and signed asimilar agreement , '' said Tatu Hauhio , managing director ofCramo Finland .",1,neutral,positive,0.8480116128921509,0.8480116128921509,0.009071086533367634,0.14291727542877197
"The company will pay a dividend of EUR 0.50 per share , a total of EUR 14mn .",1,neutral,neutral,0.944750189781189,0.03823573514819145,0.017014019191265106,0.944750189781189
"Under the changes envisaged , HK Ruokatalo would reduce its number of industrial places of business in Finland from eight to six .",1,neutral,negative,0.6151127219200134,0.052555933594703674,0.6151127219200134,0.33233141899108887
"Aldata Solution Oyj Bertrand Sciard President and CEO Further information : Aldata Solution Oyj , Bertrand Sciard , President and CEO , tel. +33 1 46 48 28 00 Aldata 100 % Retail-Wholesale At Aldata 100 % of our business is dedicated to retail and wholesale business improvement .",1,neutral,neutral,0.9061825275421143,0.08543321490287781,0.008384255692362785,0.9061825275421143
All rights reserved .,1,neutral,neutral,0.936129093170166,0.03338276594877243,0.030488142743706703,0.936129093170166
"Suominen Corporation estimates that the cost-cutting program that started in autumn 2005 , higher sales prices , and expected growth in volume of Wet Wipes , will make the company 's operations more profitable .",2,positive,positive,0.9526933431625366,0.9526933431625366,0.013855671510100365,0.03345094248652458
"`` Neste Oil is working with over 20 research communities in Europe , America , Africa , Asia , and Australia to develop and introduce new raw materials .",2,positive,positive,0.7919332385063171,0.7919332385063171,0.006976759061217308,0.2010900378227234
"a January 11 , 2010 EPHC board of directors has approved an increase in the quarterly dividend from $ 0.03 to $ 0.05 per share .",2,positive,positive,0.9263405799865723,0.9263405799865723,0.017258720472455025,0.056400686502456665
"Erkki Jarvinen , President of Rautakirja and the head of the Sanoma Trade division , will leave his current tasks in spring 2009 for a similar position outside the Sanoma Group .",1,neutral,neutral,0.909675657749176,0.024677790701389313,0.06564649194478989,0.909675657749176
We offer our customers solutions based on renewable raw materials .,1,neutral,neutral,0.8136444687843323,0.17949825525283813,0.006857204716652632,0.8136444687843323
"Marimekko has today ( 20 November ) signed a license agreement with the Swedish chain , whereby Marimekko will license some of its popular patterns from the 1950s , 1960s and 1970s to H&M .",2,positive,positive,0.9277116656303406,0.9277116656303406,0.014237443916499615,0.058050863444805145
"In April 2010 , Olvi 's range of ciders will expand with a strawberry-rhubarb and an apple-pear cider in green bottles with a new shape .",1,neutral,positive,0.6090028882026672,0.6090028882026672,0.009114366956055164,0.38188275694847107
"Stockholm-based Nordea Bank ( STO : NDA ) said yesterday it had hired Casper von Koskull to lead its corporate merchant banking and capital markets unit , effective 1 September .",1,neutral,neutral,0.9254586696624756,0.05341891199350357,0.021122479811310768,0.9254586696624756
It is now the leading private road ambulance service company in Finland .,2,positive,positive,0.8425804376602173,0.8425804376602173,0.006255059037357569,0.1511644721031189
Total two offers were received by Contracting Authority for participating in this contract ; however the contract was allotted to Affecto Finland Oy .,1,neutral,neutral,0.8690298795700073,0.1192961111664772,0.011673995293676853,0.8690298795700073
The total amount of subscription prices was recorded in the fund for invested non-restricted equity .,1,neutral,neutral,0.9515122175216675,0.02398892678320408,0.024498865008354187,0.9515122175216675
"( ADP News ) - Oct 1 , 2008 - Finnish consulting and engineering company Poyry Oyj ( OMX : POY1V ) said today it was awarded a EUR 5.2 million ( USD 7.4 m ) extension to their existing consultancy engineering contract with Venezuel",2,positive,positive,0.9498793482780457,0.9498793482780457,0.022665057331323624,0.02745564468204975
"`` Because we 're a pension insurance company , we 're required to diversify and not put too much in one asset class .",1,neutral,neutral,0.8950347900390625,0.0935981348156929,0.011367104947566986,0.8950347900390625
"ADP News - Feb 25 , 2009 - Finnish printed circuit board PCB maker Aspocomp Group Oyj HEL : ACG1V said today it swung to a net profit of EUR 300,000 USD 385,000 for 2008 versus a net loss of EUR 65.3 million",2,positive,positive,0.9410326480865479,0.9410326480865479,0.0317939892411232,0.0271733608096838
It has several innovative small molecule and biological drug candidates at different stages of clinical development .,1,neutral,neutral,0.7834187746047974,0.20939631760120392,0.0071848598308861256,0.7834187746047974
"Kesko Agro Lietuva , the agricultural machinery and grain trader and another member of the Kesko Group , boosted its sales by 42.9 percent to 13.4 million euros , VAT inclusive .",2,positive,positive,0.9546697735786438,0.9546697735786438,0.018065042793750763,0.02726513147354126
"The Finnish food concern Atria is about to acquire two Estonian meat processing companies , Woro Kommerts and Vastse-Kuuste Lihatoostus , reported the Official website www.investinestonia.com .",1,neutral,neutral,0.933503270149231,0.05121748521924019,0.01527924370020628,0.933503270149231
`` The lowering of prices by us and by our competitors shows that the real estate market has stabilised and returned into balance and apartments are acquiring a fair price in the eyes of our clients .,2,positive,positive,0.951406717300415,0.951406717300415,0.01753813959658146,0.0310551468282938
"Growth was strongest in F-Secure 's operator ISPs , mobile operators and cable operators business .",2,positive,positive,0.9531919956207275,0.9531919956207275,0.011112979613244534,0.03569503128528595
"Trading in the new shares , which have right to dividends and other distributions of funds , will start on the exchange in Helsinki tomorrow .",1,neutral,neutral,0.9549026489257812,0.024502724409103394,0.020594604313373566,0.9549026489257812
"Finnish Suominen Corporation that makes wipes , nonwovens , and flexible packaging , has a plant near Warsaw , in Poland , that makes flexible packaging .",1,neutral,neutral,0.9397612810134888,0.04023324325680733,0.02000548504292965,0.9397612810134888
The main strength of the cooperation project lies in merging the know-how of two large companies .,2,positive,positive,0.49655601382255554,0.49655601382255554,0.007537719793617725,0.4959062337875366
"The company 's transportation business is conducted through Florida Rock & Tank Lines , which is a Southeastern transportation company concentrating in the hauling by motor carrier of liquid and dry bulk commodities .",1,neutral,neutral,0.9327125549316406,0.056084152311086655,0.01120323408395052,0.9327125549316406
"The decision reflects the underutilisation of the line , which produces nonwovens used in medical and wipes applications as well as for the automotive industry .",1,neutral,neutral,0.905613362789154,0.06961315870285034,0.0247734896838665,0.905613362789154
"Proline Plus is available in both adjustable single and multichannel models and fixed volume single-channel models , in volume ranges from 0.1 micro litres to 10 ml .",1,neutral,neutral,0.935433566570282,0.05001431331038475,0.014552135020494461,0.935433566570282
The machinery now ordered will be placed in a new mill with an annual production capacity of 40 000 m3 of overlaid birch plywood .,1,neutral,neutral,0.8429208397865295,0.14882507920265198,0.008254127576947212,0.8429208397865295
"CS Cabot exports 55 % of its production mainly to Goodyear , Bridgestone and Michelin plants in Poland , as well as to Germany 's Michelin or Italy 's Pirelli through the company 's logistics center in Paris , Stefan said .",1,neutral,neutral,0.9190714955329895,0.07047795504331589,0.010450559668242931,0.9190714955329895
"The EBRD is using its own funds to provide a 21.6 mln A loan while the B portion of 10 mln Euros has been syndicated to two Finnish commercial banks , Nordea Bank Finland Plc 7.7 mln Euros and Pohjola Bank Plc 2.3 mln Euros .",1,neutral,neutral,0.8890740275382996,0.09985803812742233,0.011067928746342659,0.8890740275382996
High winds also toppled three semi-trailers on I-15 north of Barstow .,1,neutral,negative,0.9410449266433716,0.01813143491744995,0.9410449266433716,0.04082372412085533
Its total annual revenue comes up to about 160 mln zloty ( $ 56.9 mln-42 .3 mln euro ) .,1,neutral,positive,0.8008935451507568,0.8008935451507568,0.00872398167848587,0.1903824359178543
"Fiskars Brands report net sales of EUR 145.8 mn , up from EUR 138.4 mn .",2,positive,positive,0.9538794755935669,0.9538794755935669,0.024445978924632072,0.021674498915672302
"Nokia said that its next generation mobile gaming platform makes it easy for people to find , buy , play and share rich and immersive games on a range of Nokia devices .",1,neutral,neutral,0.6364502906799316,0.35503336787223816,0.008516292087733746,0.6364502906799316
He will report to CapMan Plc 's CEO Heikki Westerlund .,1,neutral,neutral,0.9415697455406189,0.025324761867523193,0.03310547024011612,0.9415697455406189
"The contract also includes cutting and edging wagon parts at Ruukki 's steel service centres in Seinajoki and Raahe , both in southwestern Finland , from where they will be delivered to VR for welding and assembly .",1,neutral,neutral,0.8380421996116638,0.14722301065921783,0.014734730124473572,0.8380421996116638
Other shareholder entitlements became effective today .,1,neutral,neutral,0.9542962908744812,0.023949742317199707,0.021753979846835136,0.9542962908744812
Operating profit totaled EUR 18.6 mn or 8.3 % of net sales .,1,neutral,neutral,0.8680498600006104,0.07908045500516891,0.05286966264247894,0.8680498600006104
"After the acquisition , Basware 's preliminary pro forma net sales for 2005 amount to EUR 52.6 mn , and preliminary pro forma operating profit amounts to EUR 7.1 mn .",1,neutral,neutral,0.8253446221351624,0.15872927010059357,0.01592615619301796,0.8253446221351624
"ADPnews - Feb 5 , 2010 - Finnish real estate investor Sponda Oyj HEL : SDA1V said today that it slipped to a net loss of EUR 81.5 million USD 11.8 m in 2009 from a profit of EUR 29.3 million in 2008 .",0,negative,negative,0.9741415977478027,0.009461439214646816,0.9741415977478027,0.016396982595324516
"Baltic Pearl CJSC , a subsidiary of Shanghai Foreign Joint Investment Company , is developing a project in St Petersburg , comprising about a million square meters of residential space , two hospitals and several schools and nurseries .",1,neutral,neutral,0.8152546882629395,0.1768731027841568,0.007872208021581173,0.8152546882629395
`` Management decided at the end of 2005 to increase cathode copper capacity .,1,neutral,positive,0.9134437441825867,0.9134437441825867,0.008818265050649643,0.077737957239151
It has some 30 offices worldwide and more than 90 pct of its net sales are generated outside Finland .,1,neutral,neutral,0.9333365559577942,0.0551442913711071,0.011519140563905239,0.9333365559577942
"Savon koulutuskuntayhtyma , Finland based company has awarded contract for specialist agricultural or forestry machinery .",2,positive,positive,0.9491856694221497,0.9491856694221497,0.012215112335979939,0.038599252700805664
"The highest growth would be in China , while weakening demand would continue in North America , UPM said .",1,neutral,negative,0.7873324751853943,0.1272888332605362,0.7873324751853943,0.08537863940000534
Electricity consumption grows with higher frequencies .,1,neutral,positive,0.5304702520370483,0.5304702520370483,0.014549823477864265,0.45497992634773254
"cents Scout for potential acquisition targets , with detailed insight into the companies financial and operational performance .",1,neutral,neutral,0.8042796850204468,0.1873590648174286,0.008361266925930977,0.8042796850204468
"However , its market share shrank to 47.59 per cent from 48 per cent a year earlier .",0,negative,negative,0.9750256538391113,0.009090526029467583,0.9750256538391113,0.015883762389421463
The company did not distribute a dividend in 2005 .,1,neutral,neutral,0.9410907626152039,0.02167116291821003,0.03723813220858574,0.9410907626152039
"Neste Oil Corporation is a refining and marketing company concentrating on clean , high-quality traffic fuels .",1,neutral,neutral,0.8915339708328247,0.10001438856124878,0.008451642468571663,0.8915339708328247
The expansion is to be finalized in the autumn of 2009 .,1,neutral,neutral,0.8739218711853027,0.11605565249919891,0.010022458620369434,0.8739218711853027
"CompaniesandMarkets.com provides a wide range of research reports , industry statistics and competitive intelligence on the industrial sector .",1,neutral,neutral,0.9466262459754944,0.033985864371061325,0.019387906417250633,0.9466262459754944
"Sanoma also has an Executive Committee , in accordance with the Company 's Articles of Association , that prepares proposals for matters to be decided or noted by the Board of Directors .",1,neutral,neutral,0.9526415467262268,0.02627430483698845,0.021084140986204147,0.9526415467262268
"Jarmo Honkamaa , head of the oil refining business at Neste Oil , says the situation looks promising from their viewpoint .",2,positive,positive,0.9343753457069397,0.9343753457069397,0.020725227892398834,0.044899486005306244
Earnings per share were higher at 0.48 against 0.37 a year before and ahead of market consensus of 0.40 eur .,2,positive,positive,0.9575167298316956,0.9575167298316956,0.023396490141749382,0.01908670924603939
Finnish beverage company Olvi is one of the last listed companies in Finland that has not yet published its financial result for the second quarter of 2009 .,1,neutral,neutral,0.6018750071525574,0.016264360398054123,0.3818605840206146,0.6018750071525574
"It combines a perfect price performance with sophisticated management facilities , the company said .",2,positive,positive,0.8809066414833069,0.8809066414833069,0.007286143954843283,0.1118072047829628
It also recovers valuable raw material for Kemira 's water chemical production .,1,neutral,neutral,0.580969512462616,0.41139882802963257,0.007631625048816204,0.580969512462616
"Following the registration , the share capital of Biotie is EUR 52,556,678.10 .",1,neutral,neutral,0.9514304399490356,0.03145840764045715,0.017111169174313545,0.9514304399490356
The estimated annual value of the frame agreement is about EUR 50mn .,1,neutral,neutral,0.9467383027076721,0.03848724439740181,0.014774415642023087,0.9467383027076721
The bank VTB24 provides mortgage loans to buy apartments in the complex at 11-13 % per annum in rubles .,1,neutral,neutral,0.9039309024810791,0.08563917875289917,0.01042990107089281,0.9039309024810791
"- The Group -¦ s profit before taxes was EUR 0,2 7,8 million .",1,neutral,neutral,0.9303958415985107,0.02132396027445793,0.048280198127031326,0.9303958415985107
Revenue grew 1 percent to euro742 .2 million US$ 964 million from euro735 million .,2,positive,positive,0.9528653025627136,0.9528653025627136,0.02176894247531891,0.025365734472870827
One of the largest projects of the magazine division of SanomaWSOY - Sanoma Magazines International in 2006 became launch of the Russian magazine Gloriya .,1,neutral,neutral,0.9256219267845154,0.06295882165431976,0.011419281363487244,0.9256219267845154
"Operating profit totaled EUR 9.4 mn , down from EUR 11.7 mn in 2004 .",0,negative,negative,0.9769352674484253,0.008560949936509132,0.9769352674484253,0.01450373325496912
Tekla Group 's net sales for 2005 were approximately 38 million euros .,1,neutral,neutral,0.9536468982696533,0.026600820943713188,0.019752301275730133,0.9536468982696533
Pharmaceuticals - Italy This brand-new market analysis gives a clear overview of the actual situation and future outlook of the pharmaceutical market in Italy .,1,neutral,neutral,0.9224964380264282,0.064023956656456,0.013479557819664478,0.9224964380264282
"`` These patronage refunds reward members that use the fee-based services that make a positive contribution to CenCorp 's operating results , '' said Bill Walby , CenCorp CEO .",1,neutral,positive,0.8739681839942932,0.8739681839942932,0.011741043999791145,0.1142907440662384
Its market share is 6 percent according to AC Nielsen 's 2008 data .,1,neutral,neutral,0.8418520092964172,0.14795459806919098,0.010193444788455963,0.8418520092964172
The orders are part of a long-term development plan of Latvijas Finieris .,1,neutral,neutral,0.8888694643974304,0.10107054561376572,0.010059913620352745,0.8888694643974304
This includes a EUR 39.5 mn change in the fair value of investment properties .,1,neutral,neutral,0.7483538389205933,0.22305165231227875,0.02859445847570896,0.7483538389205933
"We aim to ensure that Vacon is in good shape when capital expenditure starts to pick up again , '' comments Vacon Plc President and CEO Vesa Laisi .",2,positive,positive,0.9303644895553589,0.9303644895553589,0.013143766671419144,0.05649178475141525
"The unit 's clients are mainly in the field of specialist convenience goods , as well as in the textile , shoe and furniture businesses .",1,neutral,neutral,0.9422907829284668,0.04090597480535507,0.016803234815597534,0.9422907829284668
"The paper industry 's de-inking sludge , which is produced in mills that use recycled fiber when printing ink is removed from recovered paper , is also a suitable raw material .",1,neutral,neutral,0.8760815858840942,0.11229122430086136,0.01162719912827015,0.8760815858840942
"Lemminkainen Infra Oy 's subsidiary Lemminkainen Sverige AB will perform the construction work , which is expected to start in early 2011 and to be completed in the summer of 2013 .",1,neutral,neutral,0.8926653861999512,0.09376325458288193,0.0135713005438447,0.8926653861999512
"According to Nordic financial group Nordea 's analyst Sami Sarkamies , this makes Nokia 's portfolio competitive again .",2,positive,positive,0.9558863043785095,0.9558863043785095,0.013026703149080276,0.031086979433894157
Marathon estimates the value of its remaining stake in Protalix at $ 27 million .,1,neutral,neutral,0.9513107538223267,0.028741702437400818,0.01994754560291767,0.9513107538223267
"treatment products in Usa , Canada , Mexico , Australia and Brazil Today , Global Research & Data Services is going to publish several market analyses about the markets for water treatment products in some selected countries .",1,neutral,neutral,0.9327846765518188,0.05375209450721741,0.013463210314512253,0.9327846765518188
"The company also appointed Leif Rosen head of the Special Plate unit which includes the quarto plate units in Degerfors , Sweden , and New Castle , USA , the unit in Willich , Germany , as well as Pressplate and Prefab in Avesta and Plate Service Centre Nordic in Degerfors .",1,neutral,neutral,0.9307952523231506,0.055218152701854706,0.013986549340188503,0.9307952523231506
Increased trust of our clients in YIT can be seen as apartment sales accelerated .,2,positive,positive,0.9532471299171448,0.9532471299171448,0.015188788995146751,0.031564127653837204
Operating loss increased to EUR 17mn from a loss of EUR 10.8 mn in 2005 .,0,negative,negative,0.9132080078125,0.072443388402462,0.9132080078125,0.014348704367876053
"Nordstjernan will make the offer in approximately one month , in September 2007 .",1,neutral,neutral,0.9337341785430908,0.05566132441163063,0.010604524984955788,0.9337341785430908
"Regulatory News : The Nomination Committee of Cybercom ( STO : CYBE ) , which is unanimous in its proposal , proposes the election of Jon Risfelt as the new Chairman of the Board .",1,neutral,neutral,0.9160292148590088,0.058800142258405685,0.02517063170671463,0.9160292148590088
"Operating loss totalled EUR 3.2 mn , compared to a profit of EUR 7.2 mn in the third quarter of 2008 .",0,negative,negative,0.9769473075866699,0.012936919927597046,0.9769473075866699,0.010115671902894974
FCC Chairman Kevin Martin said that fair play required extending the same deregulatory rules to the digital subscriber lines that telecom providers use for broadband networks .,1,neutral,neutral,0.909485936164856,0.06889791786670685,0.021616104990243912,0.909485936164856
"( ADP News ) - Nov 5 , 2008 - Finnish electronic measurement products and solutions maker Vaisala Oyj ( OMX : VAIAS ) said today that its net profit rose to EUR 18 million ( USD 23.1 m ) for the first nine months of 2008 from EUR 1",2,positive,positive,0.9506599307060242,0.9506599307060242,0.02476710081100464,0.024573061615228653
"Operating profit totalled EUR 21.1 mn , up from EUR 18.6 mn in 2007 , representing 9.7 % of net sales .",2,positive,positive,0.9550249576568604,0.9550249576568604,0.026857437565922737,0.018117642030119896
"Microsoft also churned up its courtship , agreeing to use the Navteq mapping service , which is offered by a company Nokia bought for $ 8.1 billion a few years ago .",2,positive,neutral,0.6255025267601013,0.36347487568855286,0.011022653430700302,0.6255025267601013
"The airline has ordered nine Airbus A350-900 aircraft with deliveries from 2011 , and in doing so becomes the lead airline for the latest variant of Rolls-Royce Trent series engines , called the 1700 .",2,positive,positive,0.8539075255393982,0.8539075255393982,0.0075723035261034966,0.13852016627788544
No planned closing date was provided .,1,neutral,neutral,0.9424545764923096,0.01959921419620514,0.037946198135614395,0.9424545764923096
Finnish navigation device manufacturer Benefon that is changing its name to GeoSentric reports net sales of about EUR 1.1 mn in the second quarter of 2007 .,1,neutral,neutral,0.5747848749160767,0.4084714651107788,0.016743656247854233,0.5747848749160767
"( ADP News ) - Feb 4 , 2009 - Finnish broadband data communication systems and solutions company Teleste Oyj ( HEL : TLT1V ) said today its net profit decreased to EUR 5.5 million ( USD 7.2 m ) for 2008 from EUR 9.4 million for 200",0,negative,negative,0.9752647280693054,0.007687968667596579,0.9752647280693054,0.017047299072146416
A merger between UPM and Finnish-Swedish Stora Enso is not likely either .,1,neutral,neutral,0.9306314587593079,0.035814665257930756,0.03355386108160019,0.9306314587593079
The dividends payable annually shall be deducted from the share subscription price .,1,neutral,neutral,0.9449596405029297,0.02053619548678398,0.03450413793325424,0.9449596405029297
Each share is entitled to one vote .,1,neutral,neutral,0.946261465549469,0.03357918560504913,0.02015935815870762,0.946261465549469
"Operating profit , excluding non-recurring items , totalled EUR 1.0 mn , down from EUR 1.6 mn .",0,negative,negative,0.9767469763755798,0.008600231260061264,0.9767469763755798,0.01465284638106823
"9 September 2010 - Finnish stationery and gift retailer Tiimari HEL : TII1V said today its net sales rose by 2 % year-on-year to EUR5 .7 m in August 2010 , driven by growth in Finland , while demand in the Baltics remained weak .",2,positive,positive,0.8213081359863281,0.8213081359863281,0.15956662595272064,0.019125226885080338
"Profitability ( EBIT % ) was 13.6 % , compared to 14.3 % in Q2 2009 .",0,negative,negative,0.7893968224525452,0.18303170800209045,0.7893968224525452,0.02757144160568714
`` We were the lowest bidders and now the final approval is awaited . '',2,positive,neutral,0.8202125430107117,0.1469859927892685,0.032801467925310135,0.8202125430107117
"Finnish retailer Stockmann has won approval from the board of Swedish rival Lindex for a public tender offer with the aim of expanding the companies ' presence in Russia and other CEE countries , Stockmann said Monday .",2,positive,positive,0.941710352897644,0.941710352897644,0.01421857438981533,0.044071100652217865
"The 19,200-square metre technology center is located near University of Tampere in central Tampere .",1,neutral,neutral,0.9368945360183716,0.04808111488819122,0.015024302527308464,0.9368945360183716
"Raisio 's bid to buy Glisten is a `` win-win '' deal for both companies , the chairman of the UK snacks firm told just-food today 10 February .",2,positive,positive,0.6318033337593079,0.6318033337593079,0.0130894361063838,0.35510727763175964
The goal will be achieved via organic growth possibly supplemented by acquisitions .,1,neutral,positive,0.7807384133338928,0.7807384133338928,0.0069631426595151424,0.2122984081506729
"H+Ñkan Dahlstr+Âm , head of mobility services at TeliaSonera , has forecast that mobile data volume on the TeliaSonera network in Sweden will rise eight-fold to 200,000 TB by 2014 .",2,positive,positive,0.9509669542312622,0.9509669542312622,0.01667913794517517,0.032353926450014114
Elcoteq SE is Europe 's largest contract electronics maker and has set up a unit in Bangalore in association with Avista Advisory of Mumbai .,1,neutral,neutral,0.745734453201294,0.2466862052679062,0.007579383440315723,0.745734453201294
Under the terms of this agreement Lextel Group has committed to an opening order of EUR3 .75 m for Benefon mobile units to be co-branded with Capitel for the China market .,1,neutral,positive,0.8910639882087708,0.8910639882087708,0.008325423114001751,0.10061058402061462
"The order consists of outsourced application management , support and planning for Tecnotree and third-party applications .",1,neutral,neutral,0.9509320259094238,0.034257929772138596,0.014810057356953621,0.9509320259094238
"Finnish Scanfil , a systems supplier and contract manufacturer to the communications sector and the electronics industry , reports net sales of EUR 49.6 mn in the first quarter of 2009 , which are only a per cent smaller than in the corresponding period in 2008 .",0,negative,negative,0.8924318552017212,0.07181302458047867,0.8924318552017212,0.035755109041929245
"Jeder Beta-Tester erh+ñlt kostenlos sechs Monate lang Updates und hat laut eigener Aussage die M+Âglichkeit , die finale Version zu beeinflussen .",1,neutral,neutral,0.8532319664955139,0.12674807012081146,0.02001996897161007,0.8532319664955139
"Headquartered in this city , the company is nearly 75 years old and focuses on science-based innovation and technology for environmental measurement .",1,neutral,neutral,0.8732131719589233,0.11842405050992966,0.008362779393792152,0.8732131719589233
"Pretax profit totalled EUR 2.0 mn , compared to a loss of EUR 159.2 mn in the fourth quarter of 2008 .",2,positive,positive,0.8849396109580994,0.8849396109580994,0.09764951467514038,0.017410866916179657
"One can also apply for jobs directly from the iPad , select which CV to attach and which covering letter is most appropriate for each position .",1,neutral,neutral,0.9432554244995117,0.034827329218387604,0.02191724069416523,0.9432554244995117
Net sales fell by 5 % from the previous accounting period .,0,negative,negative,0.976175844669342,0.009445903822779655,0.976175844669342,0.014378203079104424
"Commission income decreased to EUR 3.8 mn , compared to EUR 4.6 mn in the third quarter of 2007 .",0,negative,negative,0.9759981036186218,0.00865203607827425,0.9759981036186218,0.01534986775368452
After the renovation the biggest moulding line in the Orhangazi foundry is the most modern line in Europe .,2,positive,neutral,0.5115070939064026,0.47882330417633057,0.009669537656009197,0.5115070939064026
"Finnish electronics manufacturing services company Elcoteq signing a cooperation agreement with a Japanese mobile phone manufacturer , bypasses Elcoteq Tallinn , says Jan Kotka , CEO of Elcoteq Tallinn .",2,positive,positive,0.9073289036750793,0.9073289036750793,0.06846091151237488,0.02421008050441742
We can capitalize on our experience from a number of similar bridge projects in the Nordic countries .,2,positive,positive,0.8544403314590454,0.8544403314590454,0.00596987409517169,0.13958987593650818
The second-quarter net sales are expected to be on par with the first quarter of 2009 .,1,neutral,positive,0.6016668081283569,0.6016668081283569,0.033830609172582626,0.3645026385784149
Each year the dividend is deducted from the subscription price .,1,neutral,neutral,0.9180762767791748,0.0190271008759737,0.06289658695459366,0.9180762767791748
"The announcement pushed Freenet shares down 6.3 % , or EUR0 .71 , in Frankfurt trade to EUR10 .65 as investors gave up hope United Internet AG and Drillisch would pursue their own takeover and breakup of Freenet .",0,negative,negative,0.9731728434562683,0.00638487096875906,0.9731728434562683,0.020442239940166473
"Tekla provides 3D software for building and infrastructure engineering , with a focus on building information modelling of steel and concrete structures from design to construction .",1,neutral,neutral,0.9274631142616272,0.060065798461437225,0.012471134774386883,0.9274631142616272
"( ADP News ) - Feb 9 , 2009 - Finnish computer services company Proha Oyj ( HEL : ART1V ) said today its net loss narrowed to EUR 113,000 ( USD 146,000 ) for 2008 from EUR 1.2 million for 2007 .",2,positive,positive,0.9348984360694885,0.9348984360694885,0.043530624359846115,0.021571006625890732
Sales rose to 300.9 mln eur compared with last year 's 276.1 mln eur and in line with 299 mln eur consensus figure .,2,positive,positive,0.9595141410827637,0.9595141410827637,0.02127823233604431,0.01920762099325657
"It is the first oil company to join RSPO and commits fully to sustainable sourcing of feedstocks for the production of its NExBTL biodiesel , it said .",1,neutral,positive,0.7347952723503113,0.7347952723503113,0.006522060837596655,0.2586827576160431
The Group also has a strong global position in other fishing categories .,2,positive,positive,0.8126964569091797,0.8126964569091797,0.005815273150801659,0.1814883053302765
No changes regarding the Virala Oy Ab s ownership of shares of Tiimari has taken place .,1,neutral,neutral,0.9520243406295776,0.019323978573083878,0.02865169756114483,0.9520243406295776
"ALEXANDRIA , Va. , Dec. 17 -- Reijo Salovaara , Nastola , Finland , has developed a veneer cutter .",1,neutral,neutral,0.8943440318107605,0.09274435043334961,0.012911578640341759,0.8943440318107605
"The latest date for registration is on 4 April , 2006 .",1,neutral,neutral,0.9558756351470947,0.022096743807196617,0.022027606144547462,0.9558756351470947
The value of the order is about EUR 30mn .,1,neutral,neutral,0.9424980878829956,0.042126595973968506,0.015375348739326,0.9424980878829956
Rautaruukki aims to find work from the group 's other locations for those who have been made redundant .,1,neutral,negative,0.537036657333374,0.07843487709760666,0.537036657333374,0.3845284879207611
Pentik+ñinen emphasises that the most of the internet contents media houses provide can not be free forever .,1,neutral,neutral,0.9342460036277771,0.03325462341308594,0.03249938413500786,0.9342460036277771
It has been agreed with the company 's Board of Directors that she will be available in an advisory role .,1,neutral,neutral,0.7266941666603088,0.2655268609523773,0.007778925821185112,0.7266941666603088
Orders received grew by 55 % year-on-year to EUR732m .,2,positive,positive,0.9581961631774902,0.9581961631774902,0.01942051388323307,0.022383399307727814
"Last year , UPM cut production , closed mills in Finland and slashed 700 jobs .",0,negative,negative,0.971813976764679,0.006720162928104401,0.971813976764679,0.02146579697728157
"Its annual capacity is some 10,000 MW .",1,neutral,neutral,0.9291911125183105,0.05973465368151665,0.011074261739850044,0.9291911125183105
This ideally placed them in a position to tap into the potential of clean technology .,1,neutral,positive,0.818694531917572,0.818694531917572,0.006544872652739286,0.1747606098651886
"Deliveries are to start later in 2010 , and the volume will increase in the years 2011-2012 .",1,neutral,positive,0.6792343258857727,0.6792343258857727,0.008317974396049976,0.31244760751724243
Operating profit improved by 16.7 % to EUR 7.7 mn .,2,positive,positive,0.9624190330505371,0.9624190330505371,0.02156432718038559,0.016016630455851555
"CapMan has six investment areas CapMan Buyout , CapMan Technology , CapMan Life Science , CapMan Russia , CapMan Public Market and CapMan Real Estate , and each of them has a dedicated team and funds .",1,neutral,neutral,0.9333081245422363,0.055355463176965714,0.011336438357830048,0.9333081245422363
The aim of the bridge solutions chosen is to minimize construction times while ensuring that traffic beneath the bridge on the Saimaa canal continues undisturbed .,1,neutral,neutral,0.5431321263313293,0.4470295011997223,0.009838406927883625,0.5431321263313293
"Cash flow from operations totalled EUR 2.71 mn , compared to a negative EUR 0.83 mn in the corresponding period in 2008 .",2,positive,positive,0.8659253716468811,0.8659253716468811,0.11639071255922318,0.01768394745886326
"Retail chain Suomen L+ñhikauppa was given the index 5.8 , airline SAS 5.8 , TeliaSonera 's broadband 6.1 , German retail chain Lidl 6.1 , Tele Finland 's mobile subscriptions 6.1 , Tallink shipping line 6.3 , and power company Helsinki Energy 6.3 .",1,neutral,neutral,0.9180657267570496,0.06036241352558136,0.021571841090917587,0.9180657267570496
The company will build altogether 130 new substations by the end of this year .,1,neutral,neutral,0.5638289451599121,0.4272445738315582,0.008926477283239365,0.5638289451599121
"Profit before taxes was EUR 4.0 mn , down from EUR 4.9 mn .",0,negative,negative,0.975615918636322,0.009827370755374432,0.975615918636322,0.014556818641722202
"Kemira will supply the additional volumes of iron coagulants from the company 's plant at Helsingborg , Sweden .",1,neutral,neutral,0.5104016661643982,0.48092350363731384,0.008674729615449905,0.5104016661643982
"HELSINKI AFX - Kesko Corp is expected to report a lower second quarter EPS today due to tax charges , but other earnings lines are seen higher year-on-year , analysts said .",0,negative,negative,0.9670169353485107,0.020120130851864815,0.9670169353485107,0.012862828560173512
Shares will be acquired in accordance with section 5 of the rules of NASDAQ OMX Helsinki and other rules applicable to the acquisition of own shares .,1,neutral,neutral,0.9540544748306274,0.029927045106887817,0.016018468886613846,0.9540544748306274
The Group aims to increase its net sales and comparable operating profit in 2006 .,2,positive,positive,0.9555516242980957,0.9555516242980957,0.014486788772046566,0.029961567372083664
"The mill 's raw material need will increase by 100,000 m3 of wood .",1,neutral,positive,0.9204970002174377,0.9204970002174377,0.01112040039151907,0.06838256120681763
"Also , Westpac is to issue a benchmark , 18 month FRN deal in Euros .",1,neutral,neutral,0.8477475643157959,0.14361368119716644,0.00863874051719904,0.8477475643157959
"Its board of directors will propose a dividend of EUR0 .12 per share for 2010 , up from the EUR0 .08 per share paid in 2009 .",2,positive,positive,0.951758623123169,0.951758623123169,0.020251736044883728,0.027989644557237625
Swiss franc surged to record 1.42 euros after it reported sharpest gain in manufacturing in March .,2,positive,positive,0.9427196383476257,0.9427196383476257,0.02946850098669529,0.027811847627162933
"The airline was targeting travel agents , tour operators and travel management companies to raise awareness first before targeting consumers , he added .",1,neutral,neutral,0.8376771807670593,0.14909954369068146,0.013223296962678432,0.8376771807670593
Raffles Equities Ltd became a substantial holder in Archer Exploration Ltd on January 12 with 11.7 million shares ( 18.2 pc ) .,1,neutral,neutral,0.9401365518569946,0.04631337150931358,0.013550100848078728,0.9401365518569946
The iPad application joins the iPhone app as part of Monster 's range of mobile applications for job hunting .,1,neutral,neutral,0.8711808919906616,0.11718082427978516,0.011638314463198185,0.8711808919906616
Cargo volume increased by approximately 5 % .,2,positive,positive,0.9573051929473877,0.9573051929473877,0.016302861273288727,0.026391878724098206
Finnish food company Raisio Oyj HEL : RAIVV said on Friday it has wrapped up the divestment of its margarine operations to US sector player Bunge Ltd NYSE : BG for EUR80m USD119 .2 m .,1,neutral,neutral,0.826686680316925,0.15928499400615692,0.014028283767402172,0.826686680316925
"The largest construction company in Finland , YIT Corporation , is to acquire 70 % of the shares in the Slovak construction company Reding Bratislava .",1,neutral,neutral,0.9169379472732544,0.0729929506778717,0.010069036856293678,0.9169379472732544
Timo Penttila has been appointed new manager responsible for the asset management of Nordea 's institutional customers in Finland .,1,neutral,neutral,0.9073021411895752,0.07838596403598785,0.01431187428534031,0.9073021411895752
Hobby Hall 's sales decrease 26 pct due to implementing a new information system that involved changing in the principal of posting sales .,0,negative,negative,0.9682580232620239,0.020375322550535202,0.9682580232620239,0.011366600170731544
New Novator products are supposed to be exported .,1,neutral,neutral,0.8640496730804443,0.1271405965089798,0.008809772320091724,0.8640496730804443
"ALEXANDRIA , Va. , Nov. 5 -- Risto Kontturi of Rajamaki , Finland , and Jari Ylinen of Hyvinkaa , Finland , have developed an automated transportation system with a user-controlled transport selection .",1,neutral,neutral,0.8815427422523499,0.10874126106500626,0.009716006927192211,0.8815427422523499
"Stockmann and Swedish sector company AB Lindex entered into an agreement on September 30 , 2007 , whereby Stockmann , or a wholly-owned subsidiary of it , will make a public tender offer for all of Lindex 's issued shares .",2,positive,positive,0.8006353974342346,0.8006353974342346,0.01021274458616972,0.1891518384218216
The company 's model is based on developer contracting construction projects and customer focused project management .,1,neutral,neutral,0.9254003763198853,0.0642845556139946,0.01031504012644291,0.9254003763198853
"For 24-hour news , try ICIS news www.icis.com Click `` trial '' , then ICIS news",1,neutral,neutral,0.9487292170524597,0.020841054618358612,0.030429724603891373,0.9487292170524597
"Den Bosch-based TomTom is Europe 's largest maker of automotive navigation devices , while Cayman Islands-based Garmin is larger in the U.S. and overall .",1,neutral,neutral,0.8704505562782288,0.1180693656206131,0.011480078101158142,0.8704505562782288
"- So , the sales growth of cars considerably influence on the tires market '' .",1,neutral,neutral,0.8050639033317566,0.1784001737833023,0.016535915434360504,0.8050639033317566
Subscription sales decreased slightly .,0,negative,negative,0.9613590836524963,0.01731686107814312,0.9613590836524963,0.021324066445231438
"Kalnapilio-Tauro Grupe ( Kalnapilis-Tauras Group ) , which is owned by Denmark 's Royal Unibrew , raised its market share to 25.2 percent from 23.91 percent , as beer sales for the nine months jumped by 11.4 percent to 52.99 million liters .",2,positive,positive,0.9541172981262207,0.9541172981262207,0.020236972719430923,0.02564568631350994
"Operating profit , excluding non-recurring items , totaled EUR 0.2 mn , down from EUR 0.8 mn in the corresponding period in 2006 .",0,negative,negative,0.9766066670417786,0.009568007662892342,0.9766066670417786,0.013825242407619953
"Known as Post Bank , the concept would see Fidelity Bank rolling out 75 offices in Ghana Post premises , to provide financial services to the people .",2,positive,neutral,0.786404013633728,0.2057463675737381,0.007849627174437046,0.786404013633728
"ALEXANDRIA , Va. , Aug. 27 -- Timo Vataja of Tampere , Finland , Virve Inget of Oulu , Finland , have developed a computer program product with activating the right of use .",1,neutral,neutral,0.8923785090446472,0.09769079089164734,0.009930632077157497,0.8923785090446472
Operating profit fell to EUR 6.2 mn from EUR 8.5 mn in the third quarter of 2007 .,0,negative,negative,0.9764911532402039,0.00726636778563261,0.9764911532402039,0.016242429614067078
Pretax profit totaled EUR 4.9 mn compared to EUR 5.2 mn in the first quarter of 2005 .,0,negative,negative,0.7244434952735901,0.25937169790267944,0.7244434952735901,0.016184771433472633
"As a result of the share issue , the number of the company 's shares increases by 391,630 shares and the share capital by a total of EUR 15,665.20 .",1,neutral,positive,0.7793599963188171,0.7793599963188171,0.012348012067377567,0.20829202234745026
( I&H ) in a move to enhance growth .,2,positive,positive,0.8211736083030701,0.8211736083030701,0.007047807332128286,0.17177854478359222
"In the beginning of this year , Wartsila had secured an order to deliver four gas-fuelled main engines and propulsion machinery for the same vessel .",2,positive,positive,0.8987340331077576,0.8987340331077576,0.010184296406805515,0.09108173102140427
"The company expects its net sales for the whole of 2007 to be EUR 950mn-1 ,000 mn .",1,neutral,neutral,0.8588744401931763,0.13025134801864624,0.010874194093048573,0.8588744401931763
Sales of clothing developed best .,2,positive,positive,0.9138254523277283,0.9138254523277283,0.029120158404111862,0.057054340839385986
The inventor was issued U.S. Patent No. .,1,neutral,neutral,0.9165152311325073,0.0665072500705719,0.016977544873952866,0.9165152311325073
"RFID ( Radio Frequency Identification ) is a method of so-called intelligent transport , whereby information can be read and saved remotely .",1,neutral,neutral,0.9412363767623901,0.0341050922870636,0.02465859241783619,0.9412363767623901
"Sales are expected to increase in the end of the year 2006 , however .",2,positive,positive,0.9532482028007507,0.9532482028007507,0.01775737851858139,0.028994441032409668
"Rautakesko 's business operations in Norway and Russia , acquired in July 2005 , are included in the figures of the comparable period , impacting sales growth starting from August .",1,neutral,neutral,0.9050556421279907,0.06398788094520569,0.03095647133886814,0.9050556421279907
The devices also contains Finnair 's own application for compiling customer feed-back and ideas for product development .,1,neutral,neutral,0.937106192111969,0.051242608577013016,0.01165127381682396,0.937106192111969
"In today s business , you have to pre-empt what consumers want , said Mohammed Zainalabedin , General Manager , Zain Bahrain .",1,neutral,neutral,0.9290980696678162,0.03721170127391815,0.03369028866291046,0.9290980696678162
"New Delhi , Feb. 12 -- Korteniemi Anneli , Helokunnas Tuija , Peltola Marjo , Keskinen Jukka , Salminen Jussi , Tusa Kia and Janhonen Risto of Nokia Telecommunications Oy , Espoo , Finland have developed cable adjustment device .",1,neutral,neutral,0.9235560894012451,0.05880935490131378,0.01763458177447319,0.9235560894012451
The dismissed staff members will now take the matter to court unless it can be settled outside .,0,negative,negative,0.875413179397583,0.012955843470990658,0.875413179397583,0.11163101345300674
"Profitability ( EBIT % ) was 13.9 % , compared to 13.1 % in the previous-year period .",2,positive,positive,0.5747011303901672,0.5747011303901672,0.3950519859790802,0.030246995389461517
The size of a cider bottle will remain unchanged .,1,neutral,neutral,0.9459359049797058,0.02923952043056488,0.024824578315019608,0.9459359049797058
The ship unloader is totally enclosed along the entire conveying line to the storage facilities .,1,neutral,neutral,0.9504390358924866,0.02806980162858963,0.021491169929504395,0.9504390358924866
It is hand-painted resin with real 14-0 trebles and is 75cm long by 25cm deep from top to bottom of the middle hook .,1,neutral,neutral,0.9430651664733887,0.0391729399561882,0.017761940136551857,0.9430651664733887
"Kemira , headquartered in Helsinki , Finland , is an international chemicals group comprising the business areas Kemira Pulp & Paper , Kemira Water , Kemira Specialty and Kemira Coatings .",1,neutral,neutral,0.9465845823287964,0.034176453948020935,0.01923898421227932,0.9465845823287964
The product 's front-edge folding maximizes weather resilience and enables a seamless roof finish .,1,neutral,positive,0.8574838042259216,0.8574838042259216,0.006889730226248503,0.13562649488449097
"Earnings per share for the quarter were also higher year-on-year at 0.33 eur versus 0.27 , and above market expectations of 0.28 eur .",2,positive,positive,0.9532070159912109,0.9532070159912109,0.03089793398976326,0.01589507982134819
"`` Lining stone sales were also good in the early autumn , and order books are strong to the end of the year .",2,positive,positive,0.9546849727630615,0.9546849727630615,0.019238855689764023,0.026076123118400574
Measures will be launched immediately and are due to be finalized in the first quarter of 2010 .,1,neutral,neutral,0.8855600953102112,0.10354403406381607,0.010895878076553345,0.8855600953102112
"The pulp production in Finnish Kemij+ñrvi will also be liquidated and about 1,100 employees loose their jobs .",0,negative,negative,0.9450586438179016,0.008649226278066635,0.9450586438179016,0.046292178332805634
`` The acquisition of Elektros Pavara completes KONE 's market expansion strategy in the Baltic Countries .,2,positive,positive,0.9413097500801086,0.9413097500801086,0.00969579815864563,0.04899449646472931
"The company is now withdrawing the second part , EUR 7.2 mn , of the investment commitment .",1,neutral,negative,0.9347909092903137,0.008889757096767426,0.9347909092903137,0.056319285184144974
"Turnover surged to EUR61 .8 m from EUR47 .6 m due to increasing service demand , especially in the third quarter , and the overall growth of its business .",2,positive,positive,0.9504378437995911,0.9504378437995911,0.0253298319876194,0.024232394993305206
"Finnish management software solutions provider Ixonos Oyj net profit decreased to 369,000 euro ( $ 575,000 ) for the first quarter of 2008 from 669,000 euro ( $ 1.0 mln ) for the same period of 2007 .",0,negative,negative,0.9755157232284546,0.008912382647395134,0.9755157232284546,0.01557189878076315
"- Among other Finnish shares traded in the US , Stora Enso closed 0.33 pct lower at 12.11 eur , UPM-Kymmene was up 0.28 pct at 18.10 eur , and Metso was down 0.13 pct at 31.06 eur .",1,neutral,negative,0.9654042720794678,0.010417673736810684,0.9654042720794678,0.024178169667720795
Prices and delivery volumes of broadband products decreased significantly in 2005 .,0,negative,negative,0.9693298935890198,0.009728318080306053,0.9693298935890198,0.020941786468029022
"According to Pietinalho , doctors should motivate their patients who smoke every time they visit their doctors .",1,neutral,neutral,0.6249260902404785,0.36236247420310974,0.01271146908402443,0.6249260902404785
Rapala Fishing Frenzy 2009 .,1,neutral,neutral,0.9203540086746216,0.05665966123342514,0.022986380383372307,0.9203540086746216
"In August-October 2010 , the company 's result before taxes totalled EUR 9.6 mn , up from EUR 0.5 mn in the corresponding period in 2009 .",2,positive,positive,0.9525552988052368,0.9525552988052368,0.0272707287222147,0.020173942670226097
"Finnish investment group Neomarkka Oyj ( HEL : NEMBV ) said today that it will buy the former production facilities of Kuitu Finland Ltd , as part of negotiations on the option to invest in specialty cellulose fiber business .",1,neutral,neutral,0.9051839709281921,0.08437702059745789,0.010438976809382439,0.9051839709281921
Metso will supply the equipment for two process lines at Northland Resources ' new Kaunisvaara iron ore project in Sweden which exploits Tapuli and Sahavaara iron ore deposits .,2,positive,neutral,0.8251312971115112,0.16617761552333832,0.008691111579537392,0.8251312971115112
"It grew in Finland , Norway , Denmark and the Baltic countries .",1,neutral,neutral,0.8866620063781738,0.10192592442035675,0.011412108317017555,0.8866620063781738
"Net sales of the Paper segment decreased to EUR 221.6 mn in the second quarter of 2009 from EUR 241.1 mn in the second quarter of 2008 , while operating profit excluding non-recurring items rose to EUR 8.0 mn from EUR 7.6 mn .",0,negative,negative,0.9743572473526001,0.013203523121774197,0.9743572473526001,0.01243921834975481
"The company will also shut one paper machine in Finland and one in Austria , as well as two label paper machines in Finland for up to 10 months , Helsinki-based UPM said yesterday .",1,neutral,negative,0.9341857433319092,0.007566713262349367,0.9341857433319092,0.05824747309088707
"HELSINKI (Thomson Financial)- Kemira GrowHow swung into profit in its first quarter earnings on improved sales , especially in its fertilizer business in Europe , which is normally stronger during the first quarter .",2,positive,positive,0.9558420181274414,0.9558420181274414,0.025128396227955818,0.019029682502150536
"- The Group -¦ s cumulative sales during the review period were EUR 48.2 million EUR 53.1 million , 1-9/2007 and profit before taxes was EUR 1.2 1.4 million .",1,neutral,neutral,0.9287413358688354,0.023922111839056015,0.04733657464385033,0.9287413358688354
: Lietuvos Respublikos sveikatos apsaugos ministerija has awarded contract to UAB `` AFFECTO LIETUVA '' for financial systems software package .,2,positive,positive,0.9481220245361328,0.9481220245361328,0.017786232754588127,0.03409169614315033
Another firm Air Liquide was exempted because it left the market in 1998 .,1,neutral,negative,0.7676839828491211,0.02728610299527645,0.7676839828491211,0.20502986013889313
"F-Secure Internet Security 2010 is a security service for surfing the web , online banking and shopping , e-mail , and other online activities .",1,neutral,neutral,0.9454247355461121,0.03936593979597092,0.015209385193884373,0.9454247355461121
Vianor sells tires for cars and trucks as well as a range of other car parts and provides maintenance services .,1,neutral,neutral,0.9402595162391663,0.043842315673828125,0.01589818112552166,0.9402595162391663
"In 2010 , the Marimekko Group s net sales were EUR 73,297 thousand ( EUR 72,473 thousand ) and operating profit was EUR 8,169 thousand ( EUR 6,291 thousand ) .",1,neutral,neutral,0.9249575138092041,0.03611576557159424,0.038926735520362854,0.9249575138092041
"The buyer is real estate owner Propertos Oy , but the companies have agreed not to disclose financial details of the deal .",1,neutral,neutral,0.93984454870224,0.042533427476882935,0.01762196607887745,0.93984454870224
"Uncertainties still exist , however .",1,neutral,neutral,0.47317075729370117,0.060072608292102814,0.4667566418647766,0.47317075729370117
Mr. Koistinen joins from Nokia Siemens Networks where he has held various senior sales management and business development positions since 1997 .,1,neutral,neutral,0.9329512715339661,0.053735196590423584,0.013313572853803635,0.9329512715339661
"Commenting on the deal , Shane Lennon , SVP of Marketing & Product Development at GyPSii said : ?",1,neutral,neutral,0.9279578328132629,0.047217994928359985,0.024824179708957672,0.9279578328132629
As a result of the negotiations the employment of 130 blue - and white-collar employees at the Oulu plant would be terminated .,0,negative,negative,0.9342916011810303,0.008451350033283234,0.9342916011810303,0.0572570264339447
"Finnish Sampo-Rosenlew manufactures approximately seven forest machines monthly , and about half of machines are exported .",1,neutral,neutral,0.9384109973907471,0.03950325399637222,0.0220857672393322,0.9384109973907471
"The price of the 10,000 kroon par value bonds was 9663,51 kroons in the primary issue .",1,neutral,neutral,0.950128972530365,0.021549927070736885,0.028321119025349617,0.950128972530365
26 November 2010 - Finnish sports-equipment maker Amer Sports Oyj ( HEL : AMEAS ) said today it has obtained a EUR30m Schuldschein note loan from a pool of international investors .,1,neutral,positive,0.8442927002906799,0.8442927002906799,0.011811519972980022,0.14389578998088837
"Finnish construction company YIT is reducing the number of start-ups of market-financed residential units in 2007 to about 2,300 from the previously announced 2,700 .",0,negative,negative,0.966786801815033,0.00848638266324997,0.966786801815033,0.024726813659071922
"Supported Nokia phones include : N96 , N95-8GB , N95 , N93-N931 , N92 , N85 , N82 , N81 , N80 , N79 , N78 , N77 , N76 , N75 , N73 , N72 , N71 , E90 , E71 , E70 , E66 , E65 , E62 , E61-E61i , E60 , E51 , E50 , Touch Xpress 5800 , 6220 Classic , 6210 Navigator , 6120 Classic , 6110 Navigator , 5700 , 5500 , 5320XM .",1,neutral,neutral,0.9366476535797119,0.023479273542761803,0.039873022586107254,0.9366476535797119
"Tecnotree 's convergent charging solution includes functionality for prepaid and post-paid billing , charging and rating of voice calls , video calls and raw data traffic for both mobile and fixed networks .",1,neutral,neutral,0.907659649848938,0.08310675621032715,0.009233566001057625,0.907659649848938
The sellers were EOSS Innovationsmanagement and a group of private individuals .,1,neutral,neutral,0.9496792554855347,0.023960422724485397,0.026360325515270233,0.9496792554855347
`` The CHF is a great product .,2,positive,positive,0.7879002094268799,0.7879002094268799,0.009974121116101742,0.20212575793266296
"We are very pleased with the fine co-operation between the two countries in recent times , he said .",2,positive,positive,0.9413794875144958,0.9413794875144958,0.015595800243318081,0.043024711310863495
"HELSINKI ( AFX ) - Nokian Tyres reported a fourth quarter pretax profit of 61.5 mln eur , up from 48.6 mln on the back of strong sales .",2,positive,positive,0.9535890817642212,0.9535890817642212,0.026373956352472305,0.020036913454532623
The EPS improved to EUR0 .38 from EUR0 .27 .,2,positive,positive,0.9533208012580872,0.9533208012580872,0.025111878290772438,0.021567344665527344
"O'Leary 's Material Handling Services , located in Perth , is the leading company in Western Australia that supplies , installs and provides service for tail lifts .",2,positive,positive,0.5143401622772217,0.5143401622772217,0.007651015650480986,0.47800886631011963
"The Company operates through four principal divisions : Consumer Packaging ; Office Papers ; Speciality Papers , as well as Market Pulp and Energy .",1,neutral,neutral,0.9471443891525269,0.02287466451525688,0.029980968683958054,0.9471443891525269
26 January 2011 - Finnish software solutions provider Basware ( HEL : BAS1V ) said yesterday it adjusted its strategy and goals for the next four years with focus on international growth mainly via acquisitions .,1,neutral,positive,0.7913056015968323,0.7913056015968323,0.011287088505923748,0.1974073052406311
"At 10.33 am , Huhtamaki was the market 's biggest faller , 8.69 pct lower at 11.35 eur , while the OMX Helsinki 25 was 0.32 pct higher at 3,332.41 , and the OMX Helsinki was up 0.47 pct at 11,687.32 .",0,negative,negative,0.9391811490058899,0.02942044846713543,0.9391811490058899,0.03139851987361908
"In a separate announcement to the Helsinki stock exchange , Atria revealed that the company 's third quarter profits declined from EUR13 .9 m in the third quarter of last year to EUR12 .7 m in this year 's Q3 .",0,negative,negative,0.9740656018257141,0.006601947825402021,0.9740656018257141,0.01933244802057743
"In the building and home improvement trade , net sales totalled EUR 1,173 mn , down from EUR 1,566 mn a year earlier .",0,negative,negative,0.9762114882469177,0.009587020613253117,0.9762114882469177,0.014201490208506584
Profit after taxes totaled EUR 12.1 mn .,1,neutral,neutral,0.9135564565658569,0.045230261981487274,0.041213296353816986,0.9135564565658569
"MANAVIGATOR-September 7 , 2010-Kemira unveils Indian JV with IVRCL Finnish chemicals group Kemira ( HEL : KRA1V ) on Tuesday announced it has inked a deal to form a joint venture in India with local construction firm IVRCL Infrastructure and Projects Ltd ( BOM :530773 ) .",2,positive,positive,0.9123319983482361,0.9123319983482361,0.013575601391494274,0.07409247756004333
The production is to be liquidated before June 2009 and 325 employees loose their jobs .,0,negative,negative,0.9569942951202393,0.008244898170232773,0.9569942951202393,0.03476082533597946
"In 2009 , Stora Enso 's net loss was EUR 879.7 million compared to EUR 673.4 million in the previous year .",0,negative,negative,0.9624395966529846,0.027590110898017883,0.9624395966529846,0.009970358572900295
"Founded in 1994 , the company uses a six-step , time-focused , collaborative project approach to improve financial institutions ' revenue streams .",1,neutral,neutral,0.7502179145812988,0.24193935096263885,0.007842767983675003,0.7502179145812988
"Last year , 8.3 million passengers flew the airline , down 4 percent from 2007 .",0,negative,negative,0.9764164090156555,0.007957013323903084,0.9764164090156555,0.015626676380634308
These companies will be able to keep their market positions .,2,positive,positive,0.8736355304718018,0.8736355304718018,0.007717633619904518,0.11864689737558365
The acquisition price was not disclosed .,1,neutral,neutral,0.952387273311615,0.024285398423671722,0.023327279835939407,0.952387273311615
Finnish Talvivaara Mining Co HEL : TLV1V said Thursday it had picked BofA Merrill Lynch and JPMorgan NYSE : JPM as joint bookrunners of its planned issue of convertible notes worth up to EUR250m USD332m .,1,neutral,positive,0.719228982925415,0.719228982925415,0.008842158131301403,0.2719288766384125
The company says the measures are no longer needed .,1,neutral,neutral,0.6902979016304016,0.03450842574238777,0.2751936614513397,0.6902979016304016
"Finnish airline Finnair has won a deal with the UK public sector to be the official airline for flights from London Heathrow to Osaka in Japan , as well as flights between Manchester in the UK and Helsinki in Finland .",2,positive,positive,0.9270996451377869,0.9270996451377869,0.012021870352327824,0.060878440737724304
Scanfil will execute the temporary lay-offs by mid-October 2009 and the job cuts by March 2010 .,0,negative,negative,0.9454774856567383,0.008702910505235195,0.9454774856567383,0.04581964761018753
"Loudeye Corp. , up $ 2.56 at $ 4.33 Nokia Corp. , down 10 cents at $ 19.46 Nokia agreed to buy the digital music distributor for $ 60 million .",1,neutral,negative,0.9514798521995544,0.019937701523303986,0.9514798521995544,0.028582530096173286
"Finnish silicon wafer technology company Okmetic Oyj ( OMX Helsinki : OKM1V ) reported on Thursday ( 7 August ) an operating profit of EUR5 .3 m for the period January-June 2008 , up from EUR3 .3 m in the corresponding period in 2007 .",2,positive,positive,0.9541844129562378,0.9541844129562378,0.024652238935232162,0.02116340957581997
The company also expects to sell its products in other Russian region .,2,positive,neutral,0.8146860003471375,0.17823895812034607,0.007075110916048288,0.8146860003471375
"The agreement , which will cover monitoring , maintenance , server capacity service and backups , has a one-year extension option .",1,neutral,neutral,0.5905240774154663,0.3929930627346039,0.016482891514897346,0.5905240774154663
"Fiskars , the World 's  1 Scissors Brand TM , recently won Learning -« Magazine 's 2011 Teachers ' Choice Award for the Classroom .",2,positive,positive,0.7950850129127502,0.7950850129127502,0.010151288472115993,0.1947636604309082
Rimi supermarket is the key customer in Magistral center .,1,neutral,neutral,0.8724300861358643,0.11749173700809479,0.010078228078782558,0.8724300861358643
"Sanoma Learning & Literature , offering print and digital learning materials , is present in eleven countries .",1,neutral,neutral,0.9032472372055054,0.08742693066596985,0.009325847961008549,0.9032472372055054
SysOpen Digia had signed an agreement with the main shareholders of Sentera holding in total 77.39 % of the share capital and votes of Sentera .,2,positive,positive,0.8999631404876709,0.8999631404876709,0.010314497165381908,0.08972232043743134
More than 80 special events in the three counties during four months were hosted by the library system and its nine branch libraries .,1,neutral,neutral,0.9318620562553406,0.04935062676668167,0.018787330016493797,0.9318620562553406
Incap Furniture is presently negotiating staff cuts .,0,negative,negative,0.9554370045661926,0.009560732170939445,0.9554370045661926,0.03500223159790039
"The new apartment block is going up very close to the city center , explained Chairman of the Board of AS YIT Ehitus Priit Sauk .",1,neutral,neutral,0.8539214730262756,0.1359829157590866,0.010095544159412384,0.8539214730262756
"The respondents praised Finnair 's reliability , Finnishness , and understanding of its target group .",2,positive,positive,0.9445310831069946,0.9445310831069946,0.014635092578828335,0.040833793580532074
"Compagnie de Financement Foncier - Is to issue a benchmark , 10 year covered deal in Euros .",1,neutral,neutral,0.8008586168289185,0.1909414678812027,0.008199942298233509,0.8008586168289185
"HELSINKI , Finland , Sept. 18 , 2009 ( GLOBE NEWSWIRE ) -- Ixonos Plc expands the company 's smartphone R&D services and establishes a new next-generation smartphone design unit in connection with Ixonos ' site in Jyvaeskylae .",2,positive,positive,0.8796082139015198,0.8796082139015198,0.007824636064469814,0.11256712675094604
"The product advisory does not apply to any other Nokia-branded battery , the company said .",1,neutral,neutral,0.948128879070282,0.030030671507120132,0.02184046059846878,0.948128879070282
"The firm is headquartered in Vantaa , southern Finland and has 16 employees .",1,neutral,neutral,0.947867751121521,0.02868712693452835,0.02344513311982155,0.947867751121521
"Dubai Nokia has announced the launch of `` Comes with Music '' , its ground-breaking service which introduces a new way for people to enjoy music .",2,positive,positive,0.8094426393508911,0.8094426393508911,0.007672573439776897,0.1828847974538803
"MADISON , Wis. , Feb. 6 - PRNewswire - -- Fiskars announces that the United States Patent and Trademark Office has granted a trademark registration for the color orange on its iconic scissor handles .",2,positive,positive,0.7687579393386841,0.7687579393386841,0.02321685291826725,0.20802520215511322
"The report provides a comprehensive insight into the company , including business structure and operations , executive biographies and key competitors .",2,positive,neutral,0.9230028390884399,0.0628630593419075,0.014134101569652557,0.9230028390884399
Pharmaceuticals - Netherlands This brand-new market analysis gives a clear overview of the actual situation and future outlook of the pharmaceutical market in Netherlands .,1,neutral,neutral,0.9287844300270081,0.05648643150925636,0.014729127287864685,0.9287844300270081
"The technology will become available to businesses from the fourth quarter , Nokia said .",1,neutral,positive,0.5041370391845703,0.5041370391845703,0.007449347525835037,0.48841366171836853
